tree
version=v4
num_class=1
num_tree_per_iteration=1
label_index=0
max_feature_idx=24
objective=binary sigmoid:1
feature_names=p0 logit0 p0_gap p0_rank n_cand sig_sum_o sig_claims_o sig_max_o sig_ndet cand_green_share call43_per_cycle calls_unclaimed green_share_per_claim det_n_on log_win_hours sim_mean sim_max sim_top1 sim_wsum sim_n adj_mean adj_max adj_top1 adj_wsum adj_n
feature_infos=[7.1770482617551027e-07:1] [-13.815509557963773:13.815509557935018] [-0.99999090257591061:0] [1:9] [1:9] [0:1] [0:16] [0.00062357321689718065:0.99999758784945558] [1:64] [3.0396231522900052e-05:1] [0:4761] [0:1] [1.0132077477464918e-05:0.64073967933654785] [1:82444] [-2.4849066734313965:4.2766661643981934] [4.5487120446975742e-06:1.000000032078967] [4.5487120446975742e-06:1] [0:1] [5.2568963071486507e-11:3.8160865306854248] [1:8] [1.3101202460471278e-06:1] [1.3101202460471278e-06:1] [0:1] [0.5:3] [1:4]
tree_sizes=3398 3457 3477 3461 3458 3446 3485 3488 3487 3502 3488 3487 3496 3484 3486 3491 3491 3485 3496 3511 3492 3484 3490 3492 3485 3491 3497 3506 3499 3480 3494 3497 3488 3493 3505 3495 3499 3478 3491 3500 3502 3525 3505 3486 3474 3487 3508 3499 3495 3506 3498 3476 3495 3489 3508 3499 3518 3504 3500 3496 3493 3501 3523 3512 3497 3504 3491 3508 3511 3499 3503 3515 3515 3501 3516 3506 3531 3504 3504 3466 3522 3497 3511 3493 3513 3521 3499 3531 3513 3518 3525 3531 3511 3518 3492 3522 3462 3501 3544 3501 3523 3501 3539 3515 3516 3482 3498 3477 3506 3517 3529 3550 3506 3511 3507 3521 3526 3524 3498 3549 3504 3486 3489 3532 3489 3529 3525 3495 3515 3520 3519 3528 3513 3480 3515 3509 3535 3526 3521 3504 3519 3516 3564 3537 3517 3506 3537 3542 3527 3527 3531 3512 3521 3542 3510

Tree=0
num_leaves=31
num_cat=0
split_feature=0 0 20 1 21 1 20 5 21 5 0 17 17 17 6 20 21 20 9 20 0 20 5 20 5 9 20 17 23 20
split_gain=400952 7544.26 3979.54 3854.74 1522.96 716.646 923.544 468.957 429.705 369.565 290.412 262.432 259.771 220.788 197.32 186.72 174.879 165.797 163.405 126.724 119.84 288.428 115.57 115.155 111.731 106.27 99.4506 76.0623 75.6178 67.8641
threshold=0.4933457107451279 0.20616194905323768 0.42345984324800351 1.0135940002009232 0.82579579128042313 -2.2726095438081662 0.50177277141717702 0.10449278699180857 0.86336299739426625 0.096420905153565731 0.88708357206781241 0.69693592190742504 0.71856418251991283 0.34933668375015264 6.5000000000000009 0.34120141913783952 0.91291828426540478 0.39509782897460538 0.018711629323661331 0.23263801667800935 0.040392754896453019 0.47708764606614451 0.22365886211865102 0.25103488868871843 0.12508364760487908 0.013496496248990299 0.00093158182925476773 0.72959670424461376 1.7500000000000002 0.025722312301443871
decision_type=2 2 10 2 10 2 10 2 10 2 2 10 10 8 2 10 10 8 10 8 2 10 2 8 2 10 10 8 10 10
left_child=1 5 7 4 9 20 23 26 -4 -2 16 19 17 14 -10 -6 24 18 -11 25 -1 -22 28 -7 -5 29 -3 -24 -8 -9
right_child=3 2 8 10 15 6 22 11 13 12 -12 -13 -14 -15 -16 -17 -18 -19 -20 -21 21 -23 27 -25 -26 -27 -28 -29 -30 -31
leaf_value=-1.670626490401383 -1.3943746945519182 -1.4773102229044577 -1.5279662055702308 -1.3425069977878905 -1.4947213135173953 -1.6539481835867984 -1.5236484638384209 -1.5462409794583598 -1.4171984482694728 -1.4713609473122244 -1.3162668267771884 -1.5448538447047455 -1.4571356826601358 -1.3620662803385162 -1.5835489194318733 -1.3489263008792831 -1.3279075625756511 -1.4682002729284174 -1.5917517558615635 -1.5947867707035335 -1.6635372488449574 -1.592174300495691 -1.615947736749511 -1.6143384880622975 -1.4082046234469636 -1.6496371740291136 -1.5579544625844037 -1.5050043363973129 -1.4210931026590146 -1.6402606777715769
leaf_weight=49279.779534190893 70.322407677769661 47.9912289083004 72.957764178514481 127.32932987809181 25.937456086277962 1135.2838399261236 39.669050484895706 43.414030775427818 77.118853390216827 33.288713693618774 8922.3461907058954 101.39187379181385 112.21070574223995 211.24462898075581 23.579505532979965 337.32563209533691 399.88067324459553 49.239555671811104 161.03415249288082 192.24232158064842 1907.9981065392494 152.4345681220293 33.427416667342186 219.01199550926685 191.27140076458454 513.4784087240696 189.88437102735043 27.6018917709589 37.588505879044533 33.011307746171951
leaf_count=355290 507 346 526 918 187 8185 286 313 556 240 64327 731 809 1523 170 2432 2883 355 1161 1386 13756 1099 241 1579 1379 3702 1369 199 271 238
internal_value=-1.61149 -1.66599 -1.55568 -1.32755 -1.43418 -1.66914 -1.63496 -1.60335 -1.41719 -1.49872 -1.31884 -1.62015 -1.5199 -1.39163 -1.45549 -1.35899 -1.35118 -1.54933 -1.57052 -1.62998 -1.67013 -1.65825 -1.51233 -1.64755 -1.38119 -1.64146 -1.54119 -1.56486 -1.47196 -1.5867
internal_weight=64769.3 54339.1 1506.31 10430.2 789.359 52832.8 1492.58 1121.41 384.901 426.096 9640.83 883.538 355.773 311.943 100.698 363.263 718.481 243.562 194.323 782.146 51340.2 2060.43 138.287 1354.3 318.601 589.904 237.876 61.0293 77.2576 76.4253
internal_count=466964 391766 10860 75198 5691 380906 10761 8085 2775 3072 69507 6370 2565 2249 726 2619 5180 1756 1401 5639 370145 14855 997 9764 2297 4253 1715 440 557 551
is_linear=0
shrinkage=1


Tree=1
num_leaves=31
num_cat=0
split_feature=0 1 1 20 20 0 1 20 5 20 5 15 21 21 5 5 15 15 15 24 15 9 20 5 6 20 10 9 20 5
split_gain=313500 4958.32 3446.88 2906.03 1294.02 395.28 372.115 666.484 346.13 293.175 251.079 268.85 243.798 178.966 173.204 145.511 146.174 142.975 131.685 114.918 107.279 105.985 121.425 131.539 94.8802 85.3417 79.7891 73.2024 72.9004 67.5382
threshold=0.42889076636199819 -1.6792163879063084 0.63232762221637795 0.34120141913783952 0.39961090247063058 0.84526821401807606 -3.0634448442920936 0.36400968865361732 0.092031377456699689 0.58486353286227832 0.098634850707218821 0.53468808364600318 0.91291828426540478 0.86336299739426625 0.1930175546656773 0.1209871978450011 0.53468808364600318 0.30602049698064909 0.55455306088303169 1.5000000000000002 0.57405764471250176 0.030308863148093227 0.21533798121848444 0.22621104459136629 4.5000000000000009 0.00095838378453710167 1.0000000180025095e-35 0.03569318167865277 0.00082980951811599014 0.17437696685422155
decision_type=2 2 2 10 10 2 2 10 2 10 2 10 8 10 2 2 10 8 10 10 8 10 8 2 2 10 10 10 10 2
left_child=1 6 4 8 10 12 -1 -8 28 14 -2 21 15 -6 27 -4 -17 -16 26 24 29 25 -23 -24 -11 -12 -10 -5 -3 -9
right_child=2 3 5 9 13 -7 7 20 18 19 11 -13 -14 -15 17 16 -18 -19 -20 -21 -22 22 23 -25 -26 -27 -28 -29 -30 -31
leaf_value=-0.058524065297845977 0.14861669132653629 0.097093804845990492 0.20881744070409627 0.048418811013734721 0.12333851629782107 0.23155886366727688 -0.048291797840425851 0.045795306979852499 0.015076774411255919 0.14694471227420078 0.17273483467943607 0.123817631189421 0.21917200376482843 0.21020039606173799 -0.011651528077602452 0.098553400546852937 0.17769055024616712 0.093548017681971504 0.034183434548365525 0.18455352049666229 0.064526578378671304 -0.015479768174652032 0.13514932494476409 0.0094136553630608417 0.00017105370010154906 0.041473921037344666 -0.034010641960856847 0.17581402436761637 0.028411164391501355 -0.018148722404493785
leaf_weight=47574.017275840044 78.661730885505676 47.470860421657562 122.06564223766327 15.07731471955776 80.507600605487823 11057.026788294315 2444.0509067773819 63.162829801440239 91.051444739103317 30.140937358140945 18.717973157763481 93.879269152879715 476.28656171262264 301.00743064284325 50.378455623984337 118.6040280610323 125.41906461119652 87.996239021420479 88.577773615717888 215.42400689423084 128.30896137654781 148.48519338667393 33.251705035567284 53.385071411728859 17.037132233381271 35.756563365459442 857.69653804600239 58.495519086718559 198.77739991247654 114.9014930576086
leaf_count=356962 511 323 758 102 532 66350 18188 446 657 192 126 627 2900 1852 352 777 801 596 628 1368 900 1068 229 370 113 245 6282 390 1411 824
internal_value=-0.00021668 -0.0546058 0.222066 0.0279193 0.124169 0.228996 -0.0574894 -0.0395785 -0.0111887 0.133501 0.0676781 0.050732 0.195117 0.192241 0.0890613 0.16331 0.139786 0.0554389 -0.0238412 0.168894 0.0298619 0.026695 0.0119729 0.0586632 0.0950449 0.0888772 -0.0292888 0.150706 0.0419907 0.00466253
internal_weight=64825.6 52082.6 12743.1 1758.12 843.653 11899.4 50324.4 2750.42 1283.57 474.55 462.138 383.476 842.375 381.515 211.948 366.089 244.023 138.375 1037.33 262.602 306.373 289.597 235.122 86.6368 47.1781 54.4745 948.748 73.5728 246.248 178.064
internal_count=466880 389734 77146 12414 5560 71586 377320 20358 9301 3113 3176 2665 5236 2384 1440 2336 1578 948 7567 1673 2170 2038 1667 599 305 371 6939 492 1734 1270
is_linear=0
shrinkage=0.05


Tree=2
num_leaves=31
num_cat=0
split_feature=0 0 0 22 22 0 22 0 5 15 5 15 22 5 6 22 12 17 23 15 5 5 15 0 23 22 6 12 12 22
split_gain=258292 3695.11 3239.55 1410.99 1254.94 369.151 593.168 278.648 248.835 261.316 230.144 206.381 155.107 154.539 139.509 125.18 126.621 106.949 85.0055 75.3751 72.1205 70.2403 77.8544 69.2218 61.5739 61.2416 58.1212 54.2941 54.0382 52.2024
threshold=0.37347098083944946 0.64574499886356074 0.15544587012063948 0.36666666666666675 0.45000000000000007 0.044315815100590308 0.55000000000000016 0.79424687752584056 0.098634850707218821 0.5143828721425302 0.092031377456699689 0.47591905142596952 0.45000000000000007 0.20067673966180954 7.5000000000000009 1.0000000180025095e-35 0.0034291201736778025 0.67640379071235668 1.7500000000000002 0.34724831869222156 0.22936291339314749 0.096420905153565731 0.53468808364600318 0.94914027948630075 1.7500000000000002 1.0000000180025095e-35 1.5000000000000002 0.073861707001924529 0.00027829928149003541 0.29166666666666669
decision_type=2 2 2 10 10 2 10 2 2 10 2 8 8 2 2 8 10 10 10 8 2 2 10 2 10 8 2 8 10 10
left_child=2 4 5 10 8 -1 26 12 -2 15 18 13 21 -5 -6 16 -10 25 -4 -16 24 -3 -23 -9 -8 -12 -7 -26 -13 -28
right_child=1 7 3 11 14 6 20 23 9 -11 17 28 -14 -15 19 -17 -18 -19 -20 -21 -22 22 -24 -25 27 -27 29 -29 -30 -31
leaf_value=-0.057959912590880985 0.12014170266175238 0.17486545978217727 0.054506003679186545 0.11077864169325402 0.17104072714458202 -0.026930125269123195 0.034706262027828318 0.18299290865192352 0.076962329920206407 0.099618436666107091 -0.035399138169237281 0.021124431592979082 0.17869970928743936 0.016614980973206361 0.0046003557974990013 0.056543573177670281 -0.016251027576344151 0.032169000459304459 -0.0089537063679182537 0.12217854089073704 0.0039694073525427106 0.082818841688747036 0.14926995585750463 0.19486985489519101 0.12840372700714339 -0.0013347920955582102 -0.051706162828090985 -0.0055228793516706219 0.13299657450800798 -0.02463463542328943
leaf_weight=45713.425898134708 112.57048858702183 61.028369843959808 150.26545143127441 73.263135462999344 403.67283025383949 347.55615775287151 85.063920617103577 1722.2424153387547 42.393677696585655 131.65487022697926 666.75873459875584 11.790754705667494 397.03462953865528 106.47153620421886 16.210333943367004 142.47414076328278 226.11188140511513 78.287585958838463 80.656875014305115 87.394382774829865 91.625922605395317 112.0689100921154 78.995889246463776 11096.980159878731 41.454459950327873 164.53357201814651 1895.0831257104874 9.1113580763339979 218.05522906780243 199.5528304874897
leaf_count=357158 689 337 1026 452 2280 2671 588 9211 280 827 4994 77 2183 705 101 943 1646 542 563 515 646 685 452 58776 275 1192 14584 62 1302 1483
internal_value=-0.000489431 0.184256 -0.0546241 0.0165185 0.0985966 -0.0569037 -0.0388011 0.191641 0.0527592 0.0385853 -0.0120847 0.0960011 0.158862 0.0553984 0.15758 0.0188393 -0.00130284 -0.0234009 0.0323977 0.104002 0.0383346 0.127036 0.110927 0.193289 0.0613514 -0.0286667 -0.0459916 0.104633 0.127374 -0.0491401
internal_weight=64563.8 14630.8 49933 1550.08 1162.48 48382.9 2669.45 13468.4 655.205 542.635 1140.5 409.581 649.128 179.735 507.278 410.98 268.506 909.58 230.922 103.605 227.256 252.093 191.065 12819.2 135.63 831.292 2442.19 50.5658 229.846 2094.64
internal_count=467245 78925 388320 10853 7281 377467 20309 71644 4385 3696 8317 2536 3657 1157 2896 2869 1926 6728 1589 616 1571 1474 1137 67987 925 6186 18738 337 1379 16067
is_linear=0
shrinkage=0.05


Tree=3
num_leaves=31
num_cat=0
split_feature=0 1 1 21 21 22 7 0 22 7 1 17 21 9 12 21 17 9 21 9 1 22 23 12 21 1 18 6 17 7
split_gain=219855 3048.78 2629.03 1520.9 1254.4 282.496 267 208.213 335.201 188.259 187.82 150.621 131.361 127.474 105.049 103.431 102.663 70.1912 96.2502 70.0032 69.1317 68.7799 65.2024 68.2556 59.7208 53.6242 51.2777 49.9366 52.6182 46.7978
threshold=0.37347098083944946 -1.9877828820414971 0.63232762221637795 0.73050256887321996 0.82579579128042313 0.63333333333333341 0.94004886443835656 0.044315815100590308 0.55000000000000016 0.97665817950413303 1.7329172274859335 0.83108946681022655 0.82579579128042313 0.033187299966812141 0.073861707001924529 0.51053614109651557 0.74847227334976207 0.26009178161621099 0.92872795150970477 0.010011429432779552 -1.133256798036214 0.29166666666666669 0.75000000000000011 0.11030157655477525 0.036361020402696197 -1.3278269154031157 0.041847502812743194 5.5000000000000009 0.23309276252985003 0.99562427775497664
decision_type=2 2 2 10 10 10 10 2 10 10 2 10 8 8 10 8 10 10 10 10 2 10 10 10 10 2 10 2 8 10
left_child=1 7 4 6 9 14 25 -1 -9 -2 12 13 29 24 20 -15 19 18 -10 -8 -5 -6 -7 27 -11 -3 -13 -24 -29 -4
right_child=2 3 10 5 21 22 16 8 17 11 -12 26 -14 15 -16 -17 -18 -19 -20 -21 -22 -23 23 -25 -26 -27 -28 28 -30 -31
leaf_value=-0.057442191373621027 0.091049922827692253 0.0012538151238022223 0.13405967789475967 0.0048371377738301441 0.073548866883877864 0.021198103045945854 0.0005095568007747682 -0.047371820803356696 -0.018780684002487058 0.10748546886982283 0.16804476248371741 0.0092702957972014607 0.15929934749987151 -0.0091139347894026671 0.13165113109948745 0.050778816661003034 0.023483384044620678 -0.01192987259977654 0.084723137743144744 -0.038282186009306399 0.062851089467887686 0.15348829327310287 0.14830936858218516 0.024147009859804461 0.002918925965880836 0.04188696750537748 0.10359402605094026 0.023405574794207094 0.11984666574824719 0.094916601647612162
leaf_weight=43856.003197625279 182.10999326407909 163.46223093569279 257.75871694087982 120.8121559470892 31.340680941939354 16.884676441550255 131.89563390612602 1966.4951063320041 32.73049221932888 51.770416542887688 13604.422401964664 17.675839796662331 653.36885403096676 263.96669593453407 27.842197954654694 98.051479712128639 83.789220884442329 76.004728972911835 68.462857887148857 980.92974573373795 88.550905734300613 497.62044179439545 151.97572065889835 16.444464355707169 18.497990101575851 160.46461676061153 82.266508057713509 19.539393499493599 56.208276703953743 127.69418857991695
leaf_count=356956 1120 1216 1368 840 195 103 972 15606 228 317 65979 105 3258 1853 176 608 573 524 452 7498 559 2577 839 92 122 1076 482 125 313 701
internal_value=-0.000714248 -0.054058 0.160515 0.00607865 0.0905939 0.0818009 -0.0187718 -0.0566973 -0.0414376 0.0472713 0.166445 0.0321491 0.145357 0.019257 0.0420423 0.00720302 -0.0296686 0.0243155 0.0513892 -0.0336881 0.0295565 0.1489 0.117629 0.124184 0.0803858 0.0214493 0.087169 0.131271 0.0955984 0.121371
internal_weight=63905 48018.5 15886.5 2018.8 1243.3 498.258 1520.54 45999.7 2143.69 714.339 14643.2 532.229 1038.82 432.287 237.205 362.018 1196.61 177.198 101.193 1112.83 209.363 528.961 261.053 244.168 70.2684 323.927 99.9423 227.723 75.7477 385.453
internal_count=466833 388148 78685 14382 7379 3047 11335 373766 16810 4607 71306 3487 5327 2900 1575 2461 9043 1204 680 8470 1399 2772 1472 1369 439 2292 587 1277 438 2069
is_linear=0
shrinkage=0.05


Tree=4
num_leaves=31
num_cat=0
split_feature=1 1 1 20 20 21 5 5 0 20 15 0 5 21 15 5 12 23 5 21 20 15 20 20 12 14 15 6 23 5
split_gain=190649 2832.27 2236.04 1317.64 1236.63 266.584 252.765 243.832 215.14 426.146 186.328 154.26 136.212 129.54 127.346 94.9526 87.3271 82.0086 78.8513 77.5922 76.2561 71.642 60.529 58.267 56.3419 53.6935 52.5549 76.0614 48.7573 44.5045
threshold=-0.712638866999041 0.63232762221637795 -1.9877828820414971 0.36400968865361732 0.34120141913783952 0.86336299739426625 0.092031377456699689 0.10630252092347443 0.044315815100590308 0.47708764606614451 0.4948449424015699 0.91536336497951676 0.22173121718267999 0.89139992028206028 0.44163046352544361 0.28722961093366223 0.0034291201736778025 1.2500000000000002 0.20801386559711338 0.0053376635111475812 0.04023514231505073 0.53468808364600318 0.19399264133217373 0.25103488868871843 0.0035976417129859333 -1.242453336715698 0.23714372328115066 6.5000000000000009 1.7500000000000002 0.22768333281933287
decision_type=2 2 2 10 8 10 2 2 2 10 10 2 2 8 8 2 10 10 2 10 10 10 10 8 10 2 8 2 10 2
left_child=2 4 8 6 7 18 17 19 -1 -10 16 13 24 15 -14 -3 20 -4 -6 -2 -9 -17 -18 -8 -5 28 27 -7 -11 -24
right_child=1 11 3 12 5 26 23 10 9 25 -12 -13 14 -15 -16 21 22 -19 -20 -21 -22 -23 29 -25 -26 -27 -28 -29 -30 -31
leaf_value=-0.056908456446219259 0.12550955612469233 0.12480560184517281 0.057742568053185776 0.03459945893517663 0.11632984473052335 0.12054242936296374 -0.038211257602984688 0.090978523411435031 -0.047507049524371667 0.028652234171150506 0.064470971576511979 0.14985238458952432 0.0026589517871288587 0.14476951740843605 0.086373393795641129 0.019935967773005686 -0.026525626286606825 0.0012056900506109145 0.054663965540016568 0.053294684822323093 -0.021091117644847158 0.10414233467448147 0.060826252482396759 -0.0058175973073489708 0.11738140484530933 0.0044097115754477157 0.14348252662185926 0.0030270365619142954 0.10277344605530173 -0.0099566579028703608
leaf_weight=41990.312922924757 61.460909098386765 622.98139487206936 90.704072415828705 24.19382019340992 76.072061628103256 79.838483721017838 920.60221663117409 39.266405805945396 1879.9806239306927 58.04561223089695 126.09107729792595 13701.029023334384 82.045535609126091 1167.8146913051605 100.96860033273697 40.877131819725037 262.54800814390182 213.5484359562397 171.5284117013216 99.115854308009148 23.850371450185776 67.58650216460228 38.448533192276955 163.90191940963268 189.8259801864624 93.144756227731705 483.42806100845337 16.659348756074905 36.115243136882782 50.269086688756943
leaf_count=356204 349 3024 615 139 426 393 7214 240 15437 388 753 62273 540 5398 558 216 1958 1518 1011 588 156 330 245 1200 1037 635 2337 94 237 346
internal_value=-0.000729968 0.141592 -0.0539089 0.00093928 0.0765624 0.117922 -0.0220334 0.0276423 -0.056132 -0.0403418 0.0115079 0.147959 0.0811471 0.134225 0.0490625 0.117216 -0.00472452 0.0181945 0.0740017 0.0815407 0.0489615 0.0728792 -0.0144826 -0.0333254 0.108228 0.0314457 0.136515 0.100494 0.0578626 0.0210554
internal_weight=62972.3 17128.9 45843.4 1785.79 1528.58 827.526 1388.76 701.05 44057.6 2067.29 540.473 15600.3 397.034 1899.26 183.014 731.445 414.382 304.253 247.6 160.577 63.1168 108.464 351.266 1084.5 214.02 187.306 579.926 96.4978 94.1609 88.7176
internal_count=465859 80137 385722 12821 8896 4261 10547 4635 372901 16697 3698 71241 2274 8968 1098 3570 2945 2133 1437 937 396 546 2549 8414 1176 1260 2824 487 625 591
is_linear=0
shrinkage=0.05


Tree=5
num_leaves=31
num_cat=0
split_feature=1 0 1 22 22 0 22 15 5 5 0 15 9 6 5 22 5 15 15 23 5 17 18 9 22 6 22 5 23 15
split_gain=168906 2237.47 2176.01 955.506 765.548 205.91 320.096 194.882 265.6 194.7 150.541 148.605 119.435 113.318 112.063 85.8948 94.7729 87.2288 62.737 62.2021 55.6032 55.4515 54.4262 54.1501 50.2915 48.275 47.5735 47.1664 46.2634 44.8384
threshold=-0.712638866999041 0.11890871823111386 0.63232762221637795 0.29166666666666669 0.36666666666666675 0.040392754896453019 0.55000000000000016 0.55455306088303169 0.14163196275365439 0.092031377456699689 0.91536336497951676 0.44163046352544361 0.033187299966812141 7.5000000000000009 0.19073892454893696 0.45000000000000007 0.1142009843590918 0.53468808364600318 0.37681319459375551 1.7500000000000002 0.20932013897972582 0.17738662660121921 0.047442967072129257 0.23310311883687976 0.70833333333333337 9.5000000000000018 0.70833333333333337 0.23369714038361292 1.7500000000000002 0.67200047928370632
decision_type=2 2 2 10 10 2 10 10 2 2 2 8 10 2 2 10 2 10 10 10 2 8 10 8 10 2 10 2 10 10
left_child=1 5 4 9 7 -1 -7 8 12 19 15 14 -2 26 24 16 -4 20 -10 -3 -18 -15 -9 28 -5 -17 27 -6 -8 -13
right_child=2 3 10 11 13 6 23 22 18 -11 -12 29 -14 21 -16 25 17 -19 -20 -21 -22 -23 -24 -25 -26 -27 -28 -29 -30 -31
leaf_value=-0.056475874096385471 0.10046887084403054 0.031145072792142743 0.12925351785277886 0.04184374345901308 0.11519118088042024 -0.046653211536660077 0.022221863695987443 0.044481844358062725 -0.0090471790039516296 -0.032624535410166626 0.13571661206682095 0.072473432915524563 0.033024268995531361 0.0018727670909964248 0.00042260708191405239 0.13207396884630301 0.089116074381557123 0.11344575826446586 0.038618797938980987 -0.016349451706196515 0.0374679058233243 0.08246733871494813 0.11143682495863481 -0.0065877058106367202 0.11976920226816967 0.086618976584047769 0.1304506256329642 0.067483853624165591 0.095221869098623374 0.12441938467546557
leaf_weight=40142.247480131686 127.56065467000008 186.32751242816448 314.17118555307388 56.897632442414761 179.16949453949928 2013.3941543847322 67.888756051659584 46.267843097448349 315.10920456796885 979.29213739186525 14409.769457280636 234.57434555888176 137.13964419066906 25.565405309200287 140.38603631407022 1109.1138960570097 143.93866229057312 255.41579645872116 87.319577842950821 108.28767617046833 84.939161613583565 129.65838059782982 99.745985507965088 94.421974547207355 33.302322074770927 69.755890071392059 351.21569907665253 80.773693695664406 31.53509645909071 53.187190718948841
leaf_count=355059 719 1262 1409 354 872 17146 454 266 2231 7836 62495 1307 855 150 934 4911 684 1165 572 791 424 660 543 659 171 317 1619 409 194 276
internal_value=-0.000736431 -0.0533413 0.128503 0.00137824 0.0723826 -0.055657 -0.0407463 0.0385173 0.0269846 -0.0219106 0.133907 0.0585457 0.065782 0.108217 0.0284593 0.120661 0.107525 0.0931923 0.00136554 0.0136919 0.0701952 0.0692903 0.0906675 0.0205305 0.071612 0.12946 0.117974 0.100682 0.0460935 0.0824723
internal_weight=62108.4 44141.7 17966.6 1792.25 1579.53 42349.5 2207.24 813.143 667.129 1273.91 16387.1 518.348 264.7 766.383 230.586 1977.33 798.465 484.294 402.429 294.615 228.878 155.224 146.014 193.846 90.2 1178.87 611.159 259.943 99.4239 287.762
internal_count=466744 386443 80301 12931 8896 373512 18453 5186 4377 9889 71405 3042 1574 3710 1459 8910 3682 2273 2803 2053 1108 810 809 1307 525 5228 2900 1281 648 1583
is_linear=0
shrinkage=0.05


Tree=6
num_leaves=31
num_cat=0
split_feature=1 1 0 20 20 0 5 21 5 15 0 20 15 5 21 5 20 12 15 0 5 17 13 12 20 12 7 5 1 20
split_gain=150951 2612.87 1522.97 1108.49 890.746 251.352 205.862 189.418 188.455 141.308 115.959 225.999 113.731 133.028 103.755 97.887 72.2972 103.963 69.5175 67.359 54.3808 52.0953 46.9086 44.7416 43.9192 40.7114 41.8187 39.8474 37.9071 36.8509
threshold=-0.92885496436827919 0.29575346466266556 0.092079210024302957 0.39509782897460538 0.36400968865361732 0.79424687752584056 0.10449278699180857 0.73050256887321996 0.092031377456699689 0.55455306088303169 0.040392754896453019 0.47708764606614451 0.5143828721425302 0.17688866505278109 0.86336299739426625 0.096420905153565731 0.24573118497942184 0.0034291201736778025 0.59418211356856954 0.20616194905323768 0.24269040793153351 0.85473698377609264 40.500000000000007 0.0081208874471485632 0.0010150731188526484 0.0029630545759573583 0.99536617900277458 0.20258679379831493 3.7319102804448829 0.002037293193345864
decision_type=2 2 2 10 10 2 2 8 2 10 2 10 8 2 10 2 8 10 10 2 2 10 2 10 10 10 10 2 2 10
left_child=2 3 10 6 8 7 29 15 19 16 -1 -12 13 23 -5 -3 17 -8 25 -4 -18 -10 -15 -6 -11 -17 -27 -13 -7 -2
right_child=1 5 4 14 12 28 9 -9 21 24 11 27 -14 22 -16 18 20 -19 -20 -21 -22 -23 -24 -25 -26 26 -28 -29 -30 -31
leaf_value=-0.056039628269678003 0.092844724446566274 0.11726181929119198 -0.0090789817620835385 0.062841775302955899 0.0018673964273059217 0.11940394740993743 0.040892852451247352 0.11540480796964421 -0.038824767857615537 0.10913465654218467 -0.048419288460719322 0.039715475308091414 0.082103925133233169 0.031836452870705349 0.11461798247084581 0.09155695804952893 0.053772319744408881 -0.027178424283053917 0.093984337529102346 0.039058079043414747 -0.0033758769838557441 0.01215749637658424 -0.028396915183151013 0.10656928380828108 0.037298963581397108 0.056162475644823122 0.009455477645726235 -0.010566323713014702 0.12548904492272916 0.046735525748171906
leaf_weight=38469.862079903483 68.630935817956924 95.828990533947945 248.56436545401812 124.57976308465004 12.681373238563536 3926.6412133276463 66.048381544649601 698.5081647336483 1167.4911992400885 27.625743985176086 1540.7954493388534 77.953456401824951 205.33669422566891 58.128969751298428 510.66230647265911 36.958849310874939 75.826301485300064 344.31930610537529 101.28321421146393 101.55162481963634 90.616803586483002 51.915989711880684 70.302347965538502 51.986873403191566 91.367677018046379 102.13993553817272 90.417293041944504 77.992537446320057 12259.235037177801 127.85311269760132
leaf_count=354917 365 431 1923 660 75 16583 419 3053 9728 153 13634 517 1075 369 2310 185 454 2634 482 641 595 386 461 275 514 557 512 544 51407 748
internal_value=-0.000765201 0.116887 -0.0533696 0.0541513 -0.0104179 0.122419 0.0181739 0.0993009 -0.0273688 0.00537839 -0.0554737 -0.0426164 0.0562569 0.0284906 0.104579 0.0727261 -0.00488325 -0.0161496 0.0595101 0.00495471 0.0228247 -0.036646 -0.0010995 0.0863785 0.054747 0.0439552 0.0343929 0.0146612 0.12402 0.0632298
internal_weight=60973.1 18838.5 42134.6 1527.53 1967.96 17311 892.288 1125.14 1569.52 695.804 40166.6 1696.74 398.436 193.1 635.242 426.628 576.811 410.368 330.799 350.116 166.443 1219.41 128.431 64.6682 118.993 229.516 192.557 155.946 16185.9 196.484
internal_count=466607 82062 384545 8852 14933 73210 5882 5220 12678 4769 369612 14695 2255 1180 2970 2167 4102 3053 1736 2564 1049 10114 830 350 667 1254 1069 1061 67990 1113
is_linear=0
shrinkage=0.05


Tree=7
num_leaves=31
num_cat=0
split_feature=0 1 1 20 20 5 0 20 5 15 21 20 9 20 23 5 23 0 20 15 5 5 12 10 21 5 21 6 15 6
split_gain=135697 1983.52 1738.77 906.492 873.425 212.474 210.694 363.256 185.107 178.616 153.821 106.116 102.437 73.8119 68.5182 67.7718 58.4259 57.4038 52.9248 49.6498 48.0775 47.5542 52.7234 46.7593 46.5142 58.1307 44.8783 41.7343 40.8079 52.5411
threshold=0.32447497771569461 -1.9877828820414971 1.0135940002009232 0.34120141913783952 0.36400968865361732 0.10367764536253259 0.040392754896453019 0.36400968865361732 0.092031377456699689 0.55455306088303169 0.86336299739426625 0.52294222304992355 0.013496496248990299 0.0041647860992669863 1.7500000000000002 0.19685361889601363 1.2500000000000002 0.94914027948630075 0.19399264133217373 0.53468808364600318 0.25401479141058431 0.17688866505278109 0.0081208874471485632 1.0000000180025095e-35 0.94094628755713228 0.1308658939644036 0.0059178762600346499 3.5000000000000004 0.53468808364600318 3.5000000000000004
decision_type=2 2 2 10 8 2 2 10 2 10 10 10 10 10 10 2 10 2 10 10 2 2 10 10 10 2 10 2 10 2
left_child=1 6 4 8 5 26 -1 -8 14 12 15 28 13 -7 -3 -6 27 24 -14 23 -20 22 -9 -10 25 -4 -2 -13 29 -5
right_child=2 3 17 11 10 9 7 21 19 -11 -12 16 18 -15 -16 -17 -18 -19 20 -21 -22 -23 -24 -25 -26 -27 -28 -29 -30 -31
leaf_value=-0.055570278629799998 0.099592492573176025 0.030375085210542298 0.11195932454319968 0.068370100707044246 0.099112606143094598 0.099608441567047623 -0.04714354883414873 -0.0085822897562037748 0.0010844452684500381 0.06185016536949707 0.10581961369786921 0.073772656476637832 -0.018194852951521592 0.0071051891406612167 -0.018856757234107919 0.048898059537066343 0.088837840639767129 0.11588989597172138 0.047096325690473381 0.0061453357890910686 -0.011889258142861158 -0.0018016493226926137 0.06610005699838617 -0.038774689848514281 0.11378763643412021 0.088979452152595298 0.052742800895125064 -0.013444990378691381 0.093434076118536269 -0.0017637052702296843
leaf_weight=36873.584722548723 91.921294957399368 194.59363368153572 547.62338255345821 35.449745796620846 99.043062105774879 41.267103955149651 1837.9572545811534 35.074895247817039 80.685135655105114 164.63645735383034 862.01905211806297 26.412207752466202 317.31884399056435 44.368027538061142 109.81627269089222 219.83478210866451 242.22949947416782 14350.774490773678 71.141885474324226 78.45150138437748 65.663712859153748 159.75352541357279 70.135569594800472 828.1552482098341 1428.1785280257463 632.55524556338787 125.26979941129684 26.930456399917603 19.195195659995079 99.702766202390194
leaf_count=354964 442 1274 2277 198 473 220 16797 239 629 830 3694 129 2314 261 800 1150 1180 58807 412 573 428 1136 453 6991 5891 2691 655 154 100 623
internal_value=-0.000816327 -0.0523584 0.109281 -0.000152499 0.0663389 0.0298124 -0.0546911 -0.0392563 -0.0214449 0.0164311 0.0947953 0.0608891 0.00248868 0.0523172 0.012611 0.0647557 0.0784117 0.114601 -0.00700188 -0.0319474 0.0189037 0.0154263 0.0413562 -0.0352388 0.107467 0.0997283 0.0729365 0.030303 0.027045 0.016999
internal_weight=59779.7 40718.1 19061.6 1741.62 2102.48 921.587 38976.5 2102.92 1291.7 704.396 1180.9 449.92 539.76 85.6351 304.41 318.878 295.572 16959.1 454.124 987.292 136.806 264.964 105.21 908.84 2608.36 1180.18 217.191 53.3427 154.348 135.153
internal_count=466785 386240 80545 12651 10879 5562 373589 18625 10267 4465 5317 2384 3635 481 2074 1623 1463 69666 3154 8193 840 1828 692 7620 10859 4968 1097 283 921 821
is_linear=0
shrinkage=0.05


Tree=8
num_leaves=31
num_cat=0
split_feature=0 1 1 20 20 0 5 20 5 0 20 15 21 15 5 5 15 9 20 15 9 20 7 20 15 20 9 15 5 20
split_gain=122811 2179.17 1346.65 861.887 763.988 215.561 175.495 153.219 138.044 130.769 216.748 110.005 109.548 83.4693 76.8039 72.5716 76.1722 71.5582 52.6648 52.0888 77.4204 45.84 44.0691 43.2007 41.9242 40.6203 38.9776 59.6553 52.1527 66.9955
threshold=0.27955939393094331 0.29575346466266556 -2.2726095438081662 0.34120141913783952 0.36400968865361732 0.84526821401807606 0.10367764536253259 0.490049018139885 0.095960337165549012 0.040392754896453019 0.38563252078356985 0.5143828721425302 0.86336299739426625 0.4948449424015699 0.19073892454893696 0.28722961093366223 0.57405764471250176 0.018711629323661331 0.17196969134905246 0.24724918463030429 0.38893118500709539 0.19399264133217373 0.99900631775854398 0.0018729116570711847 0.53468808364600318 0.0063728429968846643 0.026640031486749653 0.53468808364600318 0.068512043983022755 0.24573118497942184
decision_type=2 2 2 10 10 2 2 8 2 2 10 10 10 8 2 2 10 10 8 8 10 10 10 10 10 10 10 10 2 10
left_child=2 3 9 6 8 7 25 15 18 -1 -11 17 22 14 -6 26 -17 -8 -4 20 -14 -19 -5 -13 -10 -2 -3 28 -28 -30
right_child=1 5 4 12 13 -7 11 -9 24 10 -12 23 19 -15 -16 16 -18 21 -20 -21 -22 -23 -24 -25 -26 -27 27 -29 29 -31
leaf_value=-0.055178308164391149 0.07401817325532338 0.10054778648952284 -0.010139888815443183 0.058667129030646054 0.063987090702176674 0.10781673583470706 0.029064749432867826 0.10254667589582407 -0.039209899926727597 -0.047280892225120302 0.0093587354279109081 0.083324483620277542 0.085093774334004946 0.071644390742913608 -0.00097288937337083122 -0.0085821210540152331 0.078662373510789266 -0.028604106712160335 0.038234181655334001 0.10242417210968545 -0.015455821061826381 0.0090062783972706985 -0.016735397731328792 0.020713796384077013 -0.0017653338309187091 0.028683580898455248 0.10277370393763773 0.090701550188770672 0.02340133759966942 0.079777324319916659
leaf_weight=35282.789610743523 102.89856228232384 146.59296232461929 293.90746270120144 149.22253967821598 76.140004634857178 16394.010022267699 90.436076007783413 878.18253462016582 1023.2837240546942 1415.9449824914336 191.430210493505 38.797914177179337 85.86783829331398 212.33461711555719 110.87238266319036 54.682933390140533 44.84764052927494 334.81426844745874 68.530622012913227 467.83081693947315 24.200506776571274 106.24386322498322 21.803016096353531 92.872825115919113 80.742139145731926 98.123145774006844 46.188475996255875 206.40859363973141 143.65236957371235 83.436353772878647
leaf_count=354503 520 644 2216 771 388 66247 552 3638 9023 13477 1328 206 381 1043 715 295 198 2643 460 1987 122 706 115 517 624 554 194 890 739 373
internal_value=-0.000853019 0.101102 -0.0524453 0.0453906 -0.0109957 0.106093 0.0113409 0.0884174 -0.0276928 -0.0545413 -0.0405338 -0.00108652 0.0846132 0.0502348 0.0256745 0.0712043 0.0311209 -0.0112344 -0.000913175 0.095046 0.063046 -0.0195445 0.0490131 0.0396516 -0.0364755 0.0521409 0.0775147 0.0702812 0.0545831 0.0443738
internal_weight=58367.1 19611.1 38756 1613.11 1865.81 17998 864.187 1603.99 1466.46 36890.2 1607.38 663.165 748.925 399.347 187.012 725.809 99.5306 531.494 362.438 577.899 110.068 441.058 171.026 131.671 1104.03 201.022 626.279 479.686 273.277 227.089
internal_count=466069 82292 383777 9074 14469 73218 5698 6971 12323 369308 14805 4624 3376 2146 1103 3333 493 3901 2676 2490 503 3349 886 723 9647 1074 2840 2196 1306 1112
is_linear=0
shrinkage=0.05


Tree=9
num_leaves=31
num_cat=0
split_feature=0 1 1 21 21 0 1 22 22 7 21 9 21 17 5 21 5 17 6 5 12 21 23 24 21 17 6 17 0 5
split_gain=112074 1903.62 1381.75 709.033 590.517 195.102 137.356 263.476 136.766 134.375 133.492 118.956 93.1124 83.0967 64.8147 62.0976 70.4232 58.7819 91.3372 51.6284 48.2134 47.2256 46.0162 44.6503 42.4552 42.2846 55.7041 40.3227 37.0223 36.0907
threshold=0.27955939393094331 0.29575346466266556 -2.2726095438081662 0.73050256887321996 0.73050256887321996 0.79424687752584056 -3.9471222243434245 0.45000000000000007 0.63333333333333341 0.95720215444677115 0.91291828426540478 0.030991855077445511 0.017423909295160869 0.54457613825798046 0.28722961093366223 0.46502456213973636 0.092031377456699689 0.27570678293704992 5.5000000000000009 0.1756123394916517 0.0059043804649263629 0.99919395360872809 2.2500000000000004 2.5000000000000004 0.0020876163166407623 0.31071810424327856 2.5000000000000004 0.067634668201208129 0.97984966106328752 0.17437696685422155
decision_type=2 2 2 10 8 2 2 10 10 10 8 10 10 10 2 10 2 8 2 2 10 10 10 10 10 10 2 8 2 2
left_child=2 3 6 11 9 10 -1 -8 25 24 14 12 29 15 23 16 -13 18 -5 20 -9 -21 27 -3 -4 26 -6 -10 -7 -2
right_child=1 5 4 17 8 28 7 19 22 -11 -12 13 -14 -15 -16 -17 -18 -19 -20 21 -22 -23 -24 -25 -26 -27 -28 -29 -30 -31
leaf_value=-0.055106917305224982 0.081599652520682131 0.084287681089845967 0.051742139693660032 0.080514564435948788 0.038828357639016424 0.097225130575467486 -0.049048359985288434 -0.027153252389775041 0.0072870976332825412 -0.037230082470761962 0.095846298269354258 0.034350324333804687 0.0066458971953084452 0.032376613572417633 0.028260624635050607 0.031593095646599192 -0.022436062098177556 0.090634887987470894 0.0036572542907518167 -0.024282092431206138 0.038685392783462766 0.093742319883585945 0.10294921312796423 0.051340713500604887 -0.0062196750720496831 0.053660587846983049 -0.010730507383806948 0.062729441336069836 0.10276538400740456 0.0077664438569059052
leaf_weight=32093.707537278533 121.44021898508072 257.31585325300694 34.626064151525497 124.16274594515562 79.649049304425716 4586.6457744389772 2983.6914697140455 37.211737409234047 43.229522377252579 994.44993562996387 636.42590752243996 63.531842768192291 90.858076989650726 198.75478129088879 115.07756459712982 90.912390165030956 356.11936819553375 511.21304692327976 56.072198964655399 181.16102410107851 102.50187209993601 7.9172481670975676 53.30671888589859 182.92964965105057 278.05556246638298 50.003470614552498 190.01410806179047 138.68914604187012 12410.236085653305 19.396600171923637
leaf_count=336665 630 1177 249 563 537 18436 30438 319 241 8814 2598 335 553 1071 557 527 2784 2194 294 1538 828 68 250 849 2142 316 1380 661 49735 119
internal_value=-0.000805686 0.0952532 -0.0518958 0.0434941 -0.00990783 0.099896 -0.0541036 -0.0443687 0.0332698 -0.0282486 0.0801437 0.0152179 0.0462407 0.00503368 0.0620078 -0.00565299 -0.0137778 0.0818986 0.0567559 -0.00188267 0.0210814 -0.0188729 0.0621261 0.070745 0.00034345 0.0119085 0.00399682 0.0496665 0.101276 0.0715575
internal_weight=57089.3 19821.1 37268.2 1632.46 1862.02 18188.6 35406.2 3312.48 554.892 1307.13 1191.75 941.013 231.695 709.318 555.323 510.564 419.651 691.448 180.235 328.792 139.714 189.078 235.225 440.246 312.682 319.667 269.663 181.919 16996.9 140.837
internal_count=466868 82422 384446 9070 14590 73352 369856 33191 3385 11205 5181 6019 1302 4717 2583 3646 3119 3051 857 2753 1147 1606 1152 2026 2391 2233 1917 902 68171 749
is_linear=0
shrinkage=0.05


Tree=10
num_leaves=31
num_cat=0
split_feature=1 1 1 20 20 0 9 20 20 15 20 20 1 20 6 24 6 9 4 8 15 9 20 22 20 4 6 20 6 15
split_gain=102539 2162.91 1038.2 761.302 572.21 210.757 176.856 135.063 124.039 111.596 101.753 94.4017 86.2636 196.022 71.5843 71.0988 70.9166 66.4621 61.2321 60.6105 57.1629 59.1042 45.2475 54.6235 40.6977 40.6916 35.8033 35.209 34.9308 55.9036
threshold=-1.133256798036214 0.29575346466266556 -2.5222548778092215 0.34120141913783952 0.50177277141717702 0.79424687752584056 0.014135156758129598 0.490049018139885 0.19399264133217373 0.55455306088303169 0.52294222304992355 0.0030739831170937398 -3.9471222243434245 0.47708764606614451 1.5000000000000002 1.5000000000000002 1.5000000000000002 0.011152361985296013 6.5000000000000009 23.500000000000004 0.74871732265472934 0.051161078736186034 0.99101311106043177 0.77500000000000013 0.14669632209127278 6.5000000000000009 6.5000000000000009 0.013549834763438811 4.5000000000000009 0.36184675560624185
decision_type=2 2 2 10 10 2 10 10 8 10 10 10 2 10 2 10 2 10 2 2 10 10 10 10 10 2 2 10 2 10
left_child=2 3 12 6 8 7 11 20 17 16 28 -2 -1 -14 -10 -6 -8 -4 -15 -18 21 27 23 -17 -21 -23 -12 -3 -5 -30
right_child=1 5 4 10 15 -7 9 -9 14 -11 26 -13 13 18 -16 22 19 -19 -20 24 -22 25 -24 -25 -26 -27 -28 -29 29 -31
leaf_value=-0.054774900837770417 0.081589088524831641 0.092960074345748961 -0.01405170348715302 0.071228151469118123 -0.0038418366527365657 0.096079245326524676 0.034889290754748073 0.091419133895230723 0.050092794351663895 0.03917353735954715 0.091652401818147072 0.017116015073117045 -0.049348942463996681 -0.016598318574015596 -0.011885149667440961 0.042317448787275717 -0.031480084940571612 -0.041680139826657941 0.042098117745585487 -0.012700328991070181 0.089662621168914658 0.026735782859253505 -0.0043951993619369256 0.093371241972546204 0.027477762431696712 0.064017242405828081 0.060982343926469167 0.043710857844878187 0.0026603015640640549 0.058938090325483486
leaf_weight=30752.749311551452 108.88387440890074 103.61444987356663 281.06663104146719 102.3189555555582 54.683044478297234 16989.542999863625 76.246274344623089 599.92262157797813 52.853099748492241 137.35977205634117 454.27861629426479 118.8761043176055 2621.9199387133121 151.63783825188875 344.56986571103334 114.19265115261078 305.3748927116394 985.05561864376068 61.676958881318569 188.96521787345409 116.40377213060856 236.25824145972729 24.913575008511543 100.95590703189373 93.323121674358845 107.08204613626003 131.78191700577736 60.196439921855927 78.731815278530121 99.683958292007446
leaf_count=336985 559 445 2388 465 311 67985 433 2429 370 728 1882 722 27874 1288 2749 598 2373 9331 517 1477 486 1142 130 493 630 484 582 267 415 474
internal_value=-0.000893198 0.0893374 -0.0519385 0.0384837 -0.0165393 0.0946284 0.00938487 0.0744194 -0.0279187 -0.00168326 0.0729783 0.0481602 -0.0540018 -0.0456003 -0.00353769 0.0475632 -0.0101825 -0.0355628 0.000490169 -0.0160797 0.0579437 0.0505013 0.05924 0.066595 0.000632457 0.0385154 0.0848715 0.0752372 0.0479368 0.0342569
internal_weight=55655.1 20108.8 35546.3 1895.82 1958.29 18213 1029.03 1223.48 1663.55 801.269 866.795 227.76 33588 2835.23 397.423 294.745 663.91 1266.12 213.315 587.663 623.555 507.151 240.062 215.149 282.288 343.34 586.061 163.811 280.735 178.416
internal_count=467012 83978 383034 10740 16370 73238 6922 5253 14838 5641 3818 1281 366664 29679 3119 1532 4913 11719 1805 4480 2824 2338 1221 1091 2107 1626 2464 712 1354 889
is_linear=0
shrinkage=0.05


Tree=11
num_leaves=31
num_cat=0
split_feature=1 0 1 20 20 5 17 7 1 20 21 20 20 5 9 23 1 20 20 23 22 5 18 17 21 5 5 5 20 9
split_gain=94239.5 1969.34 953.366 802.68 498.31 181.55 193.826 105.405 91.4669 190.373 89.5775 73.3569 72.0091 69.26 63.6754 62.2164 60.4497 59.9826 53.2346 52.3926 47.8365 60.2252 46.8242 44.6841 44.1451 48.3147 43.5474 35.4119 34.6969 64.9774
threshold=-1.133256798036214 0.72668518411014815 -2.5222548778092215 0.42345984324800351 0.36400968865361732 0.11876626713287748 0.79702582955360424 0.93081556673507804 -3.9471222243434245 0.47708764606614451 0.86336299739426625 0.50177277141717702 0.23263801667800935 0.25066235638568662 0.018711629323661331 2.2500000000000004 2.6948395857853402 0.0035685808876936638 0.19938294061658365 1.7500000000000002 0.81666666666666676 0.19171561557930025 0.050446271896362312 0.20112490653991702 0.94094628755713228 0.12757644292878262 0.1778588470852959 0.19171561557930025 0.0027277845701783169 0.19348897784948352
decision_type=2 2 2 10 8 2 10 8 2 10 10 10 8 2 10 10 2 10 10 10 10 2 10 8 8 2 2 2 10 10
left_child=2 3 8 5 7 15 12 -4 -1 -10 -5 27 14 -14 17 28 24 -7 -17 23 21 -21 -8 -13 25 -3 -11 -6 29 -2
right_child=1 16 4 10 11 6 22 -9 9 26 -12 19 13 -15 -16 18 -18 -19 -20 20 -22 -23 -24 -25 -26 -27 -28 -29 -30 -31
leaf_value=-0.054410325568623054 0.08434333900797937 0.087971707001988364 -0.00096739446946042865 0.04601978877940336 0.023316647666731569 0.069295293413235717 0.010420344713369745 -0.038603248178774106 -0.048669291076781501 0.024488424432452707 0.082457598506313887 -0.016523799851258434 0.042836697505743176 -0.0054800942556518274 -0.01906884791002408 -0.0070666038188128876 0.092307324248276854 -0.010780288592524626 0.071560299458101773 0.08579179433495325 0.10742210421379395 0.00591334331804288 0.063799912587939697 0.039118626794551407 0.08942757940303038 0.064991477933870348 -0.020241280097707773 -0.016812738073886668 0.042600450926316008 -0.030638030709159714
leaf_weight=29429.396533846855 150.66235802322626 420.72793367505074 220.17553020268679 209.19563050568104 104.46685130149126 42.327724471688271 54.443197652697563 1200.6646258309484 2522.4586944058537 98.734058111906052 977.41288834810257 52.602962031960487 149.441720046103 145.89769028872252 462.36078567802906 77.919181413948536 15077.211912080646 50.314457714557648 28.666386693716049 42.911117419600487 41.912716925144196 51.353970780968666 172.12279598414898 110.74275673925877 1338.3825044482946 552.55266788601875 118.74668798595667 113.84646251052618 175.01534986495972 12.874661102890967
leaf_count=336962 701 1688 1836 959 716 219 277 11499 27889 803 3989 312 804 904 3630 449 60490 322 136 196 190 282 819 551 5360 2249 1042 884 943 66
internal_value=-0.000934859 0.0849485 -0.0515411 0.0452666 -0.0174781 0.0212115 0.0100898 -0.0327759 -0.0535933 -0.0448009 0.0760779 0.0244785 -0.000877579 0.0190303 -0.0114865 0.0480349 0.0911268 0.0261551 0.0145488 0.0405029 0.0633235 0.0427943 0.0510751 0.0212083 0.0833905 0.0750054 8.46926e-05 0.00240865 0.0585033 0.0751601
internal_weight=54205.5 20097.5 34108 2708.65 1938.68 1522.05 1076.91 1420.84 32169.3 2739.94 1186.61 517.837 850.342 295.339 555.003 445.138 17388.9 92.6422 106.586 299.524 136.178 94.2651 226.566 163.346 2311.66 973.281 217.481 218.313 338.552 163.537
internal_count=467167 84005 383162 14218 16466 9270 6975 13335 366696 29734 4948 3131 5879 1708 4171 2295 69787 541 585 1531 668 478 1096 863 9297 3937 1845 1600 1710 767
is_linear=0
shrinkage=0.05


Tree=12
num_leaves=31
num_cat=0
split_feature=1 1 0 20 20 0 9 7 20 6 20 7 6 20 4 0 20 17 0 17 9 7 17 23 4 6 17 20 22 20
split_gain=86720.5 1926.07 954.028 623.385 586.816 201.038 128.337 127.272 115.508 104.136 79.0445 76.3314 75.814 61.1536 57.0423 51.974 136.452 45.8239 45.8101 42.5184 55.3696 51.3267 41.1916 40.8359 38.1476 37.1472 34.687 33.0985 63.2507 32.727
threshold=-1.133256798036214 0.29575346466266556 0.053685167211236694 0.36400968865361732 0.36400968865361732 0.84526821401807606 0.014135156758129598 0.95720215444677115 0.490049018139885 6.5000000000000009 0.23263801667800935 0.96125764289025761 5.5000000000000009 0.033507409547451093 3.5000000000000004 0.017627964220518825 0.47708764606614451 0.20112490653991702 0.13628615533013341 0.46945801377296453 0.053487796336412437 0.99242821851533736 0.54457613825798046 1.2500000000000002 6.5000000000000009 11.500000000000002 0.45941275358200079 0.98833321342010194 0.77500000000000013 0.19399264133217373
decision_type=2 2 2 10 10 2 10 10 10 2 8 10 2 10 2 2 10 8 2 8 10 10 10 10 2 2 8 10 10 8
left_child=2 3 15 6 7 8 13 18 14 -5 11 -8 23 -2 -3 -1 -17 -14 -4 20 -16 -22 -13 -6 -18 -10 -11 28 -25 -9
right_child=1 5 4 9 12 -7 10 29 25 26 -12 22 17 -15 19 16 24 -19 -20 -21 21 -23 -24 27 -26 -27 -28 -29 -30 -31
leaf_value=-0.054116402552394964 0.056457576904699505 -0.0043092157330263158 -0.023873691285963713 0.076005316189772965 0.0060548800938039268 0.087784966908470971 0.028532872676286149 -0.04338331531508257 0.084643136682630862 0.0091521085130532621 0.023274584755592746 -0.026389668445466193 -0.027925908300482347 -0.0012343216619381116 0.074835421632806806 -0.04951385988791538 -0.017431376017727877 0.024141837679938861 0.0086169531164479122 0.066959184921444079 0.051682680930690221 -0.0029895265548470031 0.0081649045199615258 0.038493436176445073 0.035681670869565731 0.023018207111868534 0.050275953653292474 0.0013274536984166257 0.094868316720926313 -0.023791596822836863
leaf_weight=27948.445042610168 168.86530515551567 36.828957453370094 243.45296638458967 620.54392771422863 62.823761463165283 16422.340103730559 101.83110788464546 1270.0355707928538 815.89646609127522 78.3709721788764 237.41616344451904 389.78943564742804 75.418151549994946 62.900828123092651 84.764249622821808 2103.0875307992101 110.30267898738384 93.52764243632555 194.32791542261839 559.76649054884911 88.010584130883217 82.720813170075417 110.15575160086155 150.77933571487665 47.556107610464096 26.127546638250351 150.22496894001961 29.56749764084816 75.343711964786053 261.16313433647156
leaf_count=334448 863 180 2407 2579 356 66332 623 13186 3281 399 1408 3222 526 385 356 24513 1048 519 1409 2360 396 398 620 855 428 108 649 160 358 2452
internal_value=-0.000853453 0.0810381 -0.051085 0.0333972 -0.021108 0.0860852 0.00801261 -0.0332653 0.0695662 0.0653658 -0.00109751 -0.0107356 0.0279658 0.0408621 0.0564461 -0.0535217 -0.0461501 0.000871011 -0.00946455 0.0591926 0.0419821 0.0253304 -0.018775 0.0422896 -0.00130679 0.0827605 0.0362785 0.0511343 0.0576124 -0.0400594
internal_weight=52702.4 20036.6 32665.8 1920.1 2456.44 18116.5 1070.96 1968.98 1694.12 849.14 839.192 601.776 487.46 231.766 852.091 30209.4 2260.95 168.946 437.781 815.262 255.496 170.731 499.945 318.514 157.859 842.024 228.596 255.691 226.123 1531.2
internal_count=466824 84159 382665 10748 22228 73411 7121 19454 7079 3627 5873 4465 2774 1248 3690 360437 25989 1045 3816 3510 1150 794 3842 1729 1476 3389 1048 1373 1213 15638
is_linear=0
shrinkage=0.05


Tree=13
num_leaves=31
num_cat=0
split_feature=1 1 1 21 20 1 1 7 1 20 21 9 20 8 20 6 7 20 7 10 20 18 23 8 8 23 6 7 10 23
split_gain=79973.1 1791.93 976.981 612.57 470.103 117.868 116.961 104.721 93.4818 173.857 85.9348 84.9415 92.0417 67.4393 67.3176 61.9131 55.5112 53.0227 46.4923 36.0653 35.1635 35.0686 34.5843 35.499 32.7961 31.993 31.3606 31.2261 39.0201 30.6914
threshold=-1.133256798036214 0.63232762221637795 -2.5222548778092215 0.86336299739426625 0.34120141913783952 1.0000000180025095e-35 2.6948395857853402 0.8963251832134046 -3.9471222243434245 0.47708764606614451 0.89139992028206028 0.027355329133570198 0.18130302659877209 18.500000000000004 0.50177277141717702 5.5000000000000009 0.96908429053957879 0.0030739831170937398 0.99926154118621302 4.1702430248260507 0.21533798121848444 0.055795531719923026 1.7500000000000002 41.500000000000007 22.500000000000004 1.2500000000000002 3.5000000000000004 0.99886858279412982 28.072596549987797 0.75000000000000011
decision_type=2 2 2 10 10 2 2 10 2 10 8 10 8 2 10 2 10 10 10 10 8 10 10 2 2 10 2 10 10 10
left_child=2 3 8 5 7 11 10 -4 -1 -10 13 17 16 18 24 25 -13 21 -3 -11 -9 -2 -7 -24 -5 -6 -15 28 -14 -16
right_child=1 6 4 14 15 22 -8 20 9 19 -12 12 27 26 29 -17 -18 -19 -20 -21 -22 -23 23 -25 -26 -27 -28 -29 -30 -31
leaf_value=-0.053761171350356518 0.044383891437044271 0.04413220933337525 -0.002116103027837385 0.020334298443811502 0.0094434284807937349 0.050054100947820257 0.084883085573692896 -0.039881699947168975 -0.047630812588575579 0.017154549971388464 0.080601648851198818 0.020624422261476684 0.01717972373211836 0.079426079571081054 0.0099875432395549416 0.0040191730047456006 -0.02619492387340196 0.010504851255681333 -0.038055685539203785 -0.024196588501491461 -0.015863233243083374 0.12306297139840197 0.013623699200737666 0.095335641345264621 0.058779697508671319 0.0520475220687944 0.059276075456848813 -0.024104646583136876 0.077594444565125875 0.0774946333459713
leaf_weight=26918.124230183661 94.52698327600956 204.21582645177841 283.24537893384695 88.907114826142788 55.205719001591206 242.75678109377623 14810.935297518969 964.80073096603155 2329.5698647275567 122.57461902499199 1642.2718889564276 76.715886995196342 251.13898571580648 379.27687329053879 17.593327194452286 149.58223462104797 344.69366262853146 137.17796114087105 18.026750311255455 90.976434931159019 183.11737975478172 16.348845973610878 158.48487936705351 13.575459748506544 153.43552178144455 227.70829366892576 442.32486672699451 38.056664235889912 29.087472751736641 674.99480101466179
leaf_count=336731 484 840 2280 424 304 1203 60494 10040 27821 1003 6648 486 1444 1541 74 916 2824 829 76 795 1668 79 844 66 707 1162 1826 222 164 2733
internal_value=-0.000927058 0.0776327 -0.0506711 0.0364934 -0.0155526 0.0155761 0.0831263 -0.0293542 -0.052892 -0.0436743 0.0734116 0.00616809 -0.00233258 0.0620332 0.0678229 0.0300803 -0.017643 0.0314245 0.0373251 -0.000492419 -0.0360674 0.0569816 0.0379094 0.0205844 0.0448169 0.0437966 0.0686632 0.0179303 0.0237044 0.0757967
internal_weight=51159.5 19834.5 31324.9 2337.49 1863.66 1402.56 17497.1 1431.16 29461.2 2543.12 2686.12 987.746 739.693 1043.84 934.931 432.496 421.41 248.054 222.243 213.551 1147.92 110.876 414.817 172.06 242.343 282.914 821.602 318.283 280.226 692.588
internal_count=466728 84008 382720 12583 16370 8645 71425 13988 366350 29619 10931 6532 5140 4283 3938 2382 3310 1392 916 1798 11708 563 2113 910 1131 1466 3367 1830 1608 2807
is_linear=0
shrinkage=0.05


Tree=14
num_leaves=31
num_cat=0
split_feature=1 1 0 20 20 0 20 5 5 20 15 5 9 15 20 1 6 20 23 18 20 5 15 23 5 9 15 17 6 1
split_gain=74358.5 1363.79 1307.63 525.327 453.259 151.778 165.176 140.941 112.656 107.936 85.6987 77.5117 69.9052 68.2048 67.0625 52.6908 46.4022 43.52 41.9442 41.6346 40.817 38.8253 38.0248 41.9693 34.9899 33.5913 33.5742 33.2723 32.5395 31.2717
threshold=-0.92885496436827919 1.0135940002009232 0.092079210024302957 0.34120141913783952 0.28861045437007299 0.040392754896453019 0.36400968865361732 0.10367764536253259 0.079015073822280027 0.52294222304992355 0.55455306088303169 0.24787132886348448 0.014135156758129598 0.65231582421216205 0.50177277141717702 3.7319102804448829 9.5000000000000018 0.0048920565292351831 1.2500000000000002 0.12109053879976274 0.23263801667800935 0.19073892454893696 0.4948449424015699 2.2500000000000004 0.23931098404449105 0.39950329065322882 0.65231582421216205 0.71856418251991283 3.5000000000000004 -0.26516354677180948
decision_type=2 2 2 8 8 2 10 2 2 10 10 2 10 10 10 2 2 10 10 10 10 2 8 10 2 10 10 10 2 2
left_child=2 3 5 7 8 -1 -7 29 -4 11 12 -5 17 -13 21 -3 -11 -9 28 -12 -14 -6 -8 -24 -22 -21 -23 -10 -16 -2
right_child=1 15 4 9 14 6 22 10 27 16 19 13 20 -15 18 -17 -18 -19 -20 25 24 26 23 -25 -26 -27 -28 -29 -30 -31
leaf_value=-0.053128093041874318 0.026820570314098215 0.075872368169207588 0.0045124280290274495 0.059801376095777903 0.027529913909706175 -0.043117633190500188 -0.012834631770478545 0.063424236055922165 -0.036750873745630595 0.07499621027177962 0.0096222779355695787 0.0055917864024927879 -0.01969825612139553 0.068177831642956668 0.042729756595090956 0.082367590677333069 0.033588582958076811 0.00029580590680673935 0.049867924531548528 0.034617886339467212 0.041789100039834652 -0.015824979405005327 0.012801192061038283 0.097442364941151563 -0.013591261615181241 0.097406696261370107 0.065500931933936579 0.0029047011893087826 -0.029647302317258251 0.061387805753637129
leaf_weight=27200.673029817641 120.7950464785099 4442.0505577623844 231.84690647572279 298.22515539824963 141.01473520696163 1128.1949059441686 111.11863496899605 53.469207584857941 883.48213624209166 827.11406083405018 91.909040585160255 175.3321600407362 401.88298034667969 57.001384317874908 27.798375487327576 12479.972939863801 76.227315217256546 54.754309102892876 269.5335904955864 63.586265623569489 56.312126293778419 141.66791085898876 68.251810669898987 17.790543511509895 56.038261339068413 32.614080369472504 12.943386934697626 56.109735086560249 32.71588034927845 148.89905405044556
leaf_count=355106 636 18245 1773 1282 896 13318 803 248 9080 3360 448 881 3104 240 130 51711 321 310 1225 288 296 1095 446 121 350 145 73 473 186 640
internal_value=-0.000781559 0.075561 -0.0497157 0.0411749 -0.00834305 -0.0523217 -0.0357443 0.014823 -0.026687 0.0610035 0.00438528 0.0429576 -0.00456348 0.0211732 0.0259898 0.0806672 0.0715431 0.0317803 0.0414499 0.0338644 -0.0122591 0.00864807 0.00645182 0.0312204 0.0142902 0.0566878 -0.00863955 -0.0343822 0.00375462 0.0460615
internal_weight=49759.3 19436.2 30323.1 2514.16 1797.11 28526 1325.36 1080.26 1171.44 1433.9 810.566 530.559 622.457 232.334 625.674 16922 903.341 108.224 330.048 188.109 514.233 295.626 197.161 86.0424 112.35 96.2003 154.611 939.592 60.5143 269.694
internal_count=467230 82505 384725 12549 14931 369794 14688 6465 11326 6084 5189 2403 4308 1121 3605 69956 3681 558 1541 881 3750 2064 1370 567 646 433 1168 9553 316 1276
is_linear=0
shrinkage=0.05


Tree=15
num_leaves=31
num_cat=0
split_feature=1 1 1 20 20 15 5 5 1 20 20 1 1 6 6 21 21 5 15 5 5 10 15 20 22 18 21 17 17 23
split_gain=68746.9 1636.46 949.402 582.478 384.747 158.914 182.411 103.179 92.6825 190.173 68.282 66.2051 65.9278 64.5568 55.6241 52.6117 47.913 53.8432 47.8965 45.1447 45.0922 56.7651 44.1146 42.6084 41.7454 41.5086 48.9336 38.6075 37.7084 35.3812
threshold=-1.133256798036214 1.0135940002009232 -2.5222548778092215 0.490049018139885 0.28861045437007299 0.59418211356856954 0.16974383886777702 0.087123040916950598 -4.1372953461294122 0.42345984324800351 0.23263801667800935 -0.26516354677180948 2.9461580627462847 9.5000000000000018 5.5000000000000009 0.0048297304794127621 0.94094628755713228 0.12757644292878262 0.57405764471250176 0.16543550497810849 0.22264359212450022 29.651115417480472 0.45838956010634618 0.24942181729475446 0.45000000000000007 0.2137689217925072 0.89139992028206028 0.74847227334976207 0.28259706497192388 1.7500000000000002
decision_type=2 2 2 10 10 10 2 2 2 10 8 2 2 2 2 10 10 2 10 2 2 8 10 10 8 10 8 10 8 10
left_child=2 3 8 5 7 6 11 -4 -1 -10 -8 29 16 -5 -6 -13 17 -3 -16 28 -12 -22 24 -17 -19 26 -7 -9 -11 -2
right_child=1 12 4 13 14 25 10 27 9 19 20 15 -14 -15 18 23 -18 22 -20 -21 21 -23 -24 -25 -26 -27 -28 -29 -30 -31
leaf_value=-0.053285037858552875 0.027901433877215331 0.074689662715184915 -0.003350269029075609 0.069119291051832288 0.035337569695983888 0.017072178660613897 -0.022087670618000051 -0.038662964573548113 -0.04766914915235046 -0.0033248942367696101 0.040775875494571706 0.069761339027198541 0.079179541213036067 0.026137173306938134 -0.010925421384537152 0.013937579729894012 0.076715259717915041 0.01713606936544795 0.064856927660061639 -0.019670434850103138 -0.011121692401643297 0.055248065947758974 0.062320162450003026 0.062767024435291446 0.061633220084845758 0.072821663052181448 0.07046509478480914 0.0057601146947169526 0.057340820732809585 -0.003492013475135797
leaf_weight=24237.243575647473 203.81765285879374 548.89267447590828 305.85979364067316 977.50466893613338 317.83931254595518 126.63855846226215 361.12553463876247 975.47612366825342 2532.3824410587549 57.64809101074934 83.541685439646244 130.46895845234394 13937.031176790595 97.704937487840652 145.61367785185575 145.07963518053293 1436.737217232585 134.79858200252056 23.306750871241093 143.95508021116257 217.95723655074835 36.775298409163952 449.26403059065342 64.096066817641258 86.780428260564804 124.28779839724302 64.643236517906189 51.234215937554836 44.949766576290131 159.39622104167938
leaf_count=331442 1178 2265 2531 4001 1700 609 2903 10673 33053 521 410 580 58707 417 969 752 5975 555 116 1391 1224 204 1833 271 354 535 273 469 374 1067
internal_value=-0.000984754 0.0718225 -0.049935 0.0363954 -0.0149638 0.018313 0.0110803 -0.0288554 -0.0522894 -0.0435894 -0.00699516 0.0290512 0.0777831 0.0652414 0.0230475 0.0448953 0.0704299 0.0629695 -0.000149217 -0.0016624 0.00913449 -0.00136143 0.0532829 0.0291275 0.0347618 0.0503153 0.0353888 -0.0364427 0.0235507 0.0141527
internal_weight=48222.1 19386.5 28835.5 2793.04 1819.33 1717.83 1402.26 1332.57 27016.2 2778.94 699.4 702.859 16593.5 1075.21 486.76 339.645 2656.47 1219.74 168.92 246.553 338.274 254.733 670.843 209.176 221.579 315.57 191.282 1026.71 102.598 363.214
internal_count=467352 84113 383239 14424 16458 10006 8589 13673 366781 35339 4741 3848 69689 4418 2785 1603 10982 5007 1085 2286 1838 1428 2742 1023 909 1417 882 11142 895 2245
is_linear=0
shrinkage=0.05


Tree=16
num_leaves=31
num_cat=0
split_feature=0 1 0 20 20 5 15 7 5 20 0 1 20 5 15 18 23 23 15 0 1 20 8 5 8 20 5 17 8 20
split_gain=63736.5 1605.05 962.898 531.925 428.354 145.31 134.779 117.681 84.8195 84.1337 67.5084 57.0477 121.685 50.6632 51.4572 50.5797 48.5034 45.5762 43.57 42.6345 42.009 39.8974 45.5688 42.9305 39.024 36.2418 36.0286 36.7961 34.4591 33.5507
threshold=0.24012946392782117 1.0135940002009232 0.053685167211236694 0.34120141913783952 0.36400968865361732 0.11813603805982366 0.47591905142596952 0.95720215444677115 0.22621104459136629 0.59602278657293406 0.93525407248623138 -4.1372953461294122 0.47708764606614451 0.18869242739253614 0.26848381390045911 0.20375661551952365 2.2500000000000004 1.2500000000000002 0.23714372328115066 0.42889076636199819 -1.9877828820414971 0.4955099802891208 15.500000000000002 0.19171561557930025 21.500000000000004 0.19399264133217373 0.065810437728914803 0.71856418251991283 15.500000000000002 0.00085444128423732676
decision_type=2 2 2 10 10 2 10 10 2 10 2 2 10 2 8 10 10 10 8 2 2 10 2 2 2 10 2 10 2 8
left_child=2 3 11 5 7 16 19 20 -5 18 21 -1 -13 -6 -15 28 29 -11 -10 -7 -4 22 23 -3 -21 -18 -9 -28 -8 -2
right_child=1 10 4 8 13 6 15 26 9 17 -12 12 -14 14 -16 -17 25 -19 -20 24 -22 -23 -24 -25 -26 -27 27 -29 -30 -31
leaf_value=-0.052965898235656721 0.07842405520177799 0.051847077997718739 -0.023463685344302175 0.068666870812809228 0.040272396062270788 -0.020903060879862476 -0.031668389888047585 0.026821043115287432 -0.025925378609962958 0.013166500956431482 0.076645484709640777 -0.047855874634419385 -0.0037197197511836693 -0.019561344725908016 0.025197845461117824 0.055838208028486748 -0.008709267063133512 0.066058234549968495 0.031379360013798561 -0.015077101956305326 0.0084214171783677152 0.073406682461688952 0.063287391881476085 -0.012114779832148162 0.020623963126392579 0.065173148714402718 -0.039894353977027876 -0.0031858859717879963 0.025233303732674146 0.037480389012131465
leaf_weight=23162.428519338369 60.824082903563976 72.770666494965553 191.44285652786493 702.87247715890408 225.87608841061592 384.97137278318405 33.679481498897076 21.194702036678791 36.898380808532238 46.981787845492363 14137.097808346152 2019.5112589597702 169.43959014117718 102.71178050339222 167.8330090045929 120.06947077065706 84.120133690536022 335.6334016174078 277.12671887129545 141.77935011684895 222.19724208116531 1154.2459100782871 881.28388574719429 40.210526794195175 164.05990818142891 19.628481425344944 1254.5010649189353 72.384229607880116 114.14037805050611 297.59375165402889
leaf_count=331331 268 301 2125 2896 1140 3242 172 215 187 199 60686 27789 1686 711 881 564 480 1379 1233 884 1666 4856 3650 165 994 94 14573 712 591 1465
internal_value=-0.000862022 0.0693426 -0.0494449 0.0345011 -0.0181482 0.0129365 0.00182446 -0.0297051 0.0563699 0.0438823 0.075374 -0.0522317 -0.0444427 0.0228425 0.00819565 0.0318623 0.0359331 0.0596148 0.0245851 -0.00985312 -0.00635679 0.066976 0.0594444 0.0291762 0.00407865 0.00575749 -0.0368591 -0.0378957 0.0121431 0.0446275
internal_weight=46715.5 19106 27609.5 2820.38 2258.14 1420.87 958.7 1761.72 1399.51 696.64 16285.6 25351.4 2188.95 496.421 270.545 267.889 462.166 382.615 314.025 690.811 413.64 2148.51 994.265 112.981 305.839 103.749 1348.08 1326.89 147.82 358.418
internal_count=467135 84306 382829 14648 22023 8754 6447 19291 5894 2998 69658 360806 29475 2732 1592 1327 2307 1578 1420 5120 3791 8972 4116 466 1878 574 15500 15285 763 1733
is_linear=0
shrinkage=0.05


Tree=17
num_leaves=31
num_cat=0
split_feature=0 0 0 20 20 0 5 20 5 5 5 20 8 8 15 0 20 15 15 23 23 5 10 12 20 12 12 16 12 15
split_gain=59349 1523.1 943.056 427.52 411.062 128.862 102.526 87.0004 82.4206 78.0883 74.0658 71.116 70.0935 69.1453 56.6562 55.9857 106.237 54.6725 53.2195 51.2608 49.2445 48.5522 45.6884 40.2635 35.9646 49.0794 35.7329 38.9333 35.2201 34.7636
threshold=0.24012946392782117 0.64574499886356074 0.053685167211236694 0.34120141913783952 0.25103488868871843 0.91536336497951676 0.11736421227258916 0.59602278657293406 0.079820154256605408 0.18760746823444666 0.22264359212450022 0.52294222304992355 22.500000000000004 22.500000000000004 0.25786852487519119 0.017627964220518825 0.47708764606614451 0.37681319459375551 0.53468808364600318 1.2500000000000002 1.2500000000000002 0.1209871978450011 23.257986068725589 0.0045863031409680852 0.59944378300918599 0.069467548280954375 0.02433842979371548 0.9640360021104496 0.05905911140143872 0.13237796906251187
decision_type=2 2 2 8 8 2 2 10 2 2 2 8 2 2 8 2 10 8 8 10 10 2 10 8 10 10 8 10 8 10
left_child=2 3 15 6 8 11 -2 10 29 23 -5 12 21 19 -15 -1 -17 -12 -11 -8 -20 -3 -16 -6 25 -25 -19 -28 -26 -4
right_child=1 5 4 7 9 -7 13 -9 -10 18 17 -13 -14 14 22 16 -18 26 20 -21 -22 -23 -24 24 28 -27 27 -29 -30 -31
leaf_value=-0.052680070352102787 0.029204301055665568 0.057725439627713482 -0.014013279223129166 0.054720106400569651 -0.012828158532126634 0.074231754432724575 0.0147353428888886 0.062695718576061418 -0.038900209408367165 -0.020061063657566491 -0.014925241762668864 0.069667888516398963 0.060791341144389194 -0.017130081279147384 0.017853897963059251 -0.04715280417979259 -0.003709340253661363 -0.01874239141405613 -0.02281599616273618 -0.029674471990564857 0.033039046431828055 0.018859673432408575 0.097057425672510439 0.012512002949147333 0.07645269566069654 0.087646264826331088 0.016999718659548194 0.059645181367714677 0.014543960475476273 0.050747580979947408
leaf_weight=22372.358988359571 341.47862415015697 125.86756183207035 264.82105664163828 283.1510407179594 47.081783518195152 14273.744158610702 83.840451702475548 619.26287581026554 1192.4210900515318 207.35408765077591 83.912262767553329 1134.6466042250395 668.05380402505398 123.0490489974618 247.82991228997707 1723.3489445745945 153.42375509440899 30.233465686440468 55.180248990654945 280.06812056899071 132.59872961044312 223.60427157580853 18.74974375218153 159.59506498277187 80.378364428877831 24.26040555536747 106.25280776619911 109.15952152013779 32.773585513234138 21.496984072029591
leaf_count=334762 1772 524 2465 1210 326 62561 620 2556 14340 1625 456 4815 2791 1004 1622 24578 1498 144 468 2096 730 945 115 1175 359 161 503 478 158 189
internal_value=-0.000909616 0.0671387 -0.0491251 0.0292628 -0.0179075 0.0725023 0.00651991 0.0494558 -0.0331191 0.0125256 0.0359939 0.0610031 0.0512821 -0.003785 0.0108401 -0.0519795 -0.0436052 0.0197878 -0.00264466 -0.0194306 0.0165917 0.0329825 0.0237665 0.0299034 0.0366976 0.0228467 0.0316582 0.0387859 0.0588058 -0.00899128
internal_weight=45220 18752.9 26467.1 2326.99 2217.96 16425.9 1095.02 1231.97 1478.74 739.222 612.709 2152.17 1017.53 753.537 389.629 24249.1 1876.77 329.558 395.133 363.909 187.779 349.472 266.58 344.089 297.007 183.855 245.646 215.412 113.152 286.318
internal_count=467046 84212 382834 12576 21996 71636 7229 5347 16994 5002 2791 9075 4260 5457 2741 360838 26076 1581 2823 2716 1198 1469 1737 2179 1853 1336 1125 981 517 2654
is_linear=0
shrinkage=0.05


Tree=18
num_leaves=31
num_cat=0
split_feature=1 1 1 21 22 1 17 6 12 1 5 21 21 15 5 10 21 5 15 1 22 5 18 5 17 7 6 13 18 12
split_gain=55000 1806.94 741.476 518.635 313.922 122.722 87.9653 87.0822 85.8834 71.668 68.5523 66.5659 65.8572 63.0984 62.7213 48.2517 47.0059 50.0498 45.0639 41.1164 85.0256 52.2345 40.9698 37.5628 35.7083 35.2692 32.8923 30.1238 29.8449 29.5991
threshold=-1.3278269154031157 1.0135940002009232 -3.0634448442920936 0.73050256887321996 0.29166666666666669 1.0000000180025095e-35 0.15583156794309619 5.5000000000000009 0.0032912946771830325 2.6948395857853402 0.081999288380672761 0.0046710482605033053 0.95718979868985576 0.36184675560624185 0.073575574405351313 0.75045454502105724 0.94094628755713228 0.12757644292878262 0.5143828721425302 -4.1372953461294122 0.55000000000000016 0.14885143706435305 0.23760662227869037 0.21827615863085095 0.79702582955360424 0.9989444560172055 11.500000000000002 17.500000000000004 0.03139010630548001 0.14947859942913058
decision_type=2 2 2 10 8 2 8 2 10 2 2 10 10 10 2 10 10 2 10 2 10 2 10 2 10 8 2 2 10 8
left_child=2 3 19 5 10 8 7 29 -2 16 -4 -7 24 14 15 -10 17 -3 -19 -1 -21 -22 -15 -14 -6 -24 -8 -25 -9 -5
right_child=1 9 4 6 12 11 26 28 13 -11 -12 -13 23 22 -16 -17 -18 18 -20 20 21 -23 25 27 -26 -27 -28 -29 -30 -31
leaf_value=-0.0525148033741938 0.02595154585893816 0.067324383943077409 -0.013145142677442892 0.049398511334609395 -0.013991664694147019 0.052877128995861826 0.060329732716088796 0.038039468887107721 0.00068648015144188263 0.072381984944043534 -0.039669909645208362 0.017269469551265137 0.033209430768390495 -0.0030267291944675312 -0.021263434139397831 0.09451469168817106 0.069437746529277686 0.026150597989403768 0.05537841737320981 -0.047326760190423152 0.047226542562512963 -0.025331358311054687 0.047271176060439853 0.021741723280466765 0.047267280453789876 -0.037545747724137934 0.0069147905569972509 -0.025899128068665553 -0.034625490147564948 -0.025621286285844837
leaf_weight=21146.990595184267 262.11869462579489 425.88960468769073 304.45701694488525 189.67686181515455 328.68210603296757 195.72369180619717 1030.3761637359858 17.523054495453835 40.986687742173672 13461.920114114881 1243.9543426707387 399.43111532181501 224.66875718533993 154.88679419457912 531.75842276215553 19.594223983585835 1125.3925082236528 214.61758165061474 354.29200792312622 1633.5909720808268 35.278322301805019 77.437077313661575 96.520171776413918 70.350454606115818 24.667061932384968 13.262783922255037 29.933664202690125 61.026244461536407 59.662819527089596 13.523196317255495
leaf_count=331129 1476 1826 3118 837 2881 877 4381 84 214 60428 15818 1943 1213 954 4500 102 4926 889 1482 24545 374 916 532 402 170 70 126 426 315 59
internal_value=-0.000967243 0.064128 -0.0492038 0.0289541 -0.0218535 0.0107244 0.0522382 0.027191 0.000962303 0.0710218 -0.0344663 0.0290485 0.00568641 -0.00670207 -0.0157633 0.0320762 0.0623556 0.0542821 0.0444176 -0.0519001 -0.0444304 -0.00240616 0.0135603 0.0208354 -0.0095939 0.0367781 0.0588297 -0.000416567 -0.0178533 0.0443048
internal_weight=43788.2 18637.1 25151.1 3054.98 2257.81 1714.28 1340.7 280.386 1119.13 15582.1 1548.41 595.155 709.395 857.009 592.339 60.5809 2120.19 994.799 568.91 22893.3 1746.31 112.715 264.67 356.045 353.349 109.783 1060.31 131.377 77.1859 203.2
internal_count=467013 86021 380992 16470 24028 10668 5802 1295 7848 69551 18936 2820 5092 6372 4816 316 9123 4197 2371 356964 25835 1290 1556 2041 3051 602 4507 828 399 896
is_linear=0
shrinkage=0.05


Tree=19
num_leaves=31
num_cat=0
split_feature=1 1 1 21 21 0 9 15 21 21 15 9 5 6 15 6 5 15 18 1 21 18 21 21 21 5 5 12 9 12
split_gain=51475 1657.7 700.25 426.221 281.708 133.617 111.429 117.801 86.8172 85.3607 81.1188 100.901 66.9175 59.8355 56.9749 52.1119 50.7905 49.0231 47.596 42.7631 60.4585 42.1389 36.9068 36.5567 38.8232 33.1951 32.9075 38.5204 31.474 29.8392
threshold=-1.3278269154031157 0.63232762221637795 -3.0634448442920936 0.73050256887321996 0.73050256887321996 0.91536336497951676 0.032463075593113906 0.36184675560624185 0.91291828426540478 0.056605710527854833 0.23714372328115066 0.30744178593158727 0.1209871978450011 1.5000000000000002 0.47591905142596952 1.5000000000000002 0.19073892454893696 0.080564649843843705 0.23760662227869037 -4.2534750814632423 0.99442718696354504 0.0032802503556013112 0.26855187300868261 0.0011438329110251934 0.2463014411368166 0.20067673966180954 0.22621104459136629 0.027537291869521145 0.13313006609678271 0.0045863031409680852
decision_type=2 2 2 10 8 2 10 10 10 10 8 8 2 2 10 2 2 8 10 2 10 10 10 10 10 2 2 8 8 10
left_child=2 3 19 6 13 8 9 15 12 16 11 -5 -3 23 -14 -8 21 -6 -9 -1 -21 -2 -17 -4 -25 -19 29 -28 -16 -12
right_child=1 5 4 10 17 -7 7 18 -10 -11 26 -13 14 -15 28 22 -18 25 -20 20 -22 -23 -24 24 -26 -27 27 -29 -30 -31
leaf_value=-0.052270556133425239 0.037430086348914586 0.062508404095014389 0.045331965921879762 0.046698964636067819 -0.016916915569393585 0.070320877257987732 0.022524828392856487 0.0040737515990145572 0.066260909174240754 -0.0051128645984659504 0.022090517066318142 -0.024047248325729308 0.016264072222489514 -0.038240232706523679 0.020751102388440551 -0.028013141167267493 -0.01902459326550868 0.026078145781220259 0.037258606542178573 -0.046259975439845141 -0.003119655842576416 0.08053588331490702 -0.00064624289860751815 -0.02416068100023077 0.04438611378436106 -0.00035039459739216814 0.013437042689771609 0.053088200155238865 0.055659791856482677 0.069451060511322632
leaf_weight=20014.586302131414 187.04086744785309 369.26351624727249 23.889104224741459 143.60006157308817 175.98518617451191 13594.861048176885 84.844723150134087 228.71081757545471 1108.3296361267567 123.31255171447992 37.413951814174652 76.593640454113483 238.89723168313503 1260.7916414365172 85.567219376564026 386.13868268579245 28.180011875927448 256.61850017309189 204.28412628918886 1817.7393474541605 85.167135287076235 83.050545901060104 180.76803793013096 234.10106332600117 21.730600282549858 220.46783828735352 76.444511473178864 324.77913644164801 284.54721903800964 415.75561344623566
leaf_count=327982 959 1582 239 645 1455 62519 460 1299 4899 761 172 386 1009 16135 356 3426 184 1758 1010 28348 1130 414 1255 2480 185 1602 331 1393 1183 1765
internal_value=-0.000926866 0.0623927 -0.0488874 0.0252477 -0.0219393 0.0685042 0.00807542 -0.000409317 0.0566397 0.0298562 0.0492895 0.0220927 0.0456829 -0.0335996 0.0353953 -0.0138319 0.044282 0.00557518 0.0197799 -0.0515834 -0.0443318 0.0509329 -0.0193032 -0.0126211 -0.0181881 0.01389 0.0562646 0.0455857 0.0476669 0.0655982
internal_weight=42373.5 18262.4 24111.1 2580.92 2193.58 15681.5 1506.33 1084.75 2086.6 421.584 1074.59 220.194 978.275 1540.51 609.012 651.751 298.271 653.072 432.995 21917.5 1902.91 270.091 566.907 279.721 255.832 477.086 854.393 401.224 370.114 453.17
internal_count=467322 86008 381314 14460 23854 71548 9768 7450 9029 2318 4692 1031 4130 19039 2548 5141 1557 4815 2309 357460 29478 1373 4681 2904 2665 3360 3661 1724 1539 1937
is_linear=0
shrinkage=0.05


Tree=20
num_leaves=31
num_cat=0
split_feature=0 1 1 20 20 0 15 5 21 5 15 5 8 20 23 6 8 8 22 1 5 8 23 4 21 20 23 20 22 24
split_gain=47861.9 1653.73 703.272 395.415 333.501 142.312 123.143 118.232 86.4513 78.5635 69.2263 68.2372 66.573 60.3451 98.603 55.6738 54.8847 48.5428 46.1581 95.8768 64.0684 67.6259 44.8958 40.1682 39.5579 38.4403 88.3497 37.8491 34.5845 33.554
threshold=0.20616194905323768 0.63232762221637795 -3.0634448442920936 0.49945272983512706 0.26437098744235843 0.91536336497951676 0.67200047928370632 0.19073892454893696 0.89139992028206028 0.082893769935097492 0.24724918463030429 0.1126384506250388 23.500000000000004 0.25103488868871843 2.2500000000000004 7.5000000000000009 15.500000000000002 21.500000000000004 0.55000000000000016 -4.4231878375284746 0.14885143706435305 38.500000000000007 1.7500000000000002 5.5000000000000009 0.0010323391135977059 0.59944378300918599 2.2500000000000004 0.00082980951811599014 0.45000000000000007 1.5000000000000002
decision_type=2 2 2 10 10 2 10 2 8 2 8 2 2 8 10 2 2 2 10 2 2 2 10 2 10 10 10 10 10 10
left_child=2 3 18 6 9 8 7 13 11 24 -9 -3 29 14 27 -5 -8 28 -1 -20 21 22 -21 -14 -4 -6 -27 -2 -13 -12
right_child=1 5 4 15 25 -7 16 10 -10 -11 12 17 23 -15 -16 -17 -18 -19 19 20 -22 -23 -24 -25 -26 26 -28 -29 -30 -31
leaf_value=-0.051822921649021227 0.050116637888953208 0.061587953883343788 0.028651517800816935 0.057519177437859774 -0.00099520787480678443 0.068713243087384579 -0.015416339762589196 -0.035021165165997813 0.063166034710189611 -0.038641336931873327 0.011366957522875872 -0.0050536279711234245 0.048425384525963344 0.040132889088618035 -0.022464927859867589 0.023127522787615405 0.058378321268685723 0.042221922942155918 -0.046722633957116691 -0.012626969894361743 -0.024186287628535093 0.19219886668732133 0.11269929138506207 0.003552586738261566 -0.01858611263571823 0.011549918893489814 0.083266869640894803 0.014518632867677923 0.039926193062546328 -0.026728589518864823
leaf_weight=19989.74481735751 92.850030034780502 297.80213275551796 52.013453587889671 696.74230965971947 278.9176639020443 13209.852379322052 29.254814505577087 198.93109064549208 1203.4560835212469 1238.007235981524 80.142983742058277 120.4097061008215 81.553900770843029 219.41216805577278 172.3290216550231 143.82181797921658 165.60097300261259 372.60795241594315 795.94821320474148 25.764151394367218 87.473182819783688 6.0641120783984652 8.8025814406573755 126.41582618653774 271.25218512862921 225.99819897860289 52.151614472270012 373.41274701058865 65.086813911795616 202.04875137656927
leaf_count=341510 514 1293 463 2953 2161 62375 147 1667 5406 16601 556 512 465 1003 1254 616 748 1564 13652 301 1157 66 97 825 2903 1201 242 2353 270 1436
internal_value=-0.000906398 0.0605409 -0.0485335 0.0235251 -0.0210674 0.0667995 0.00992254 0.00519027 0.0544966 -0.0329124 -0.0102252 0.0422474 -0.000110957 0.0175684 0.00976496 0.0516692 0.047277 0.0318357 -0.0513144 -0.0402689 -0.000118739 0.0510321 0.0215593 0.0212967 -0.0109207 0.0121294 0.0252466 0.0216996 0.0108583 -0.0159074
internal_weight=40883.9 17851.7 23032.1 2582.52 2118.34 15269.2 1741.95 1547.1 2059.36 1561.27 689.093 855.907 490.161 858.004 638.592 840.564 194.856 558.104 20913.8 924.052 128.104 40.6308 34.5667 207.97 323.266 557.067 278.15 466.263 185.497 282.192
internal_count=466311 85957 380354 14537 23571 71420 10968 10073 9045 19967 4949 3639 3282 5124 4121 3569 895 2346 356783 15273 1621 464 398 1290 3366 3604 1443 2867 782 1992
is_linear=0
shrinkage=0.05


Tree=21
num_leaves=31
num_cat=0
split_feature=0 1 0 21 21 7 0 1 1 22 15 9 22 7 21 15 9 23 8 7 4 6 9 8 0 23 22 15 23 8
split_gain=44814.7 1419.78 899.096 395.28 246.229 97.6418 89.9197 80.992 66.1025 101.102 60.4044 79.5226 56.8079 50.1596 46.0239 46.0178 45.6107 43.9412 52.0113 42.1305 35.5829 35.4401 33.8057 33.218 33.0311 32.8465 42.587 32.8464 32.4128 31.9339
threshold=0.24012946392782117 1.0135940002009232 0.053685167211236694 0.82579579128042313 0.73050256887321996 0.96125764289025761 0.4933457107451279 2.6948395857853402 -4.1372953461294122 0.45000000000000007 0.36184675560624185 0.30744178593158727 0.55000000000000016 0.96908429053957879 0.94094628755713228 0.36184675560624185 0.030991855077445511 2.2500000000000004 40.500000000000007 0.99423661082390058 4.5000000000000009 9.5000000000000018 0.36528760194778448 15.500000000000002 0.15544587012063948 1.7500000000000002 0.81666666666666676 0.15819933070890427 2.2500000000000004 23.500000000000004
decision_type=2 2 2 10 8 8 2 2 2 10 8 10 10 10 10 10 10 10 2 10 2 2 10 2 2 10 10 10 10 2
left_child=2 3 8 6 5 28 13 14 -1 -10 11 -5 27 -2 19 -15 -17 -8 -19 -3 21 23 -18 -21 -7 -14 -27 -6 -4 -24
right_child=1 7 4 10 12 24 17 -9 9 -11 -12 -13 25 15 -16 16 22 18 -20 20 -22 -23 29 -25 -26 26 -28 -29 -30 -31
leaf_value=-0.051790403912988427 0.019291233683209497 0.056556327830951769 0.0075824899458925166 0.048798718017372796 -0.014073989216468462 -0.040607251269929506 0.033289499463647995 0.06738361020207298 -0.045761435004316349 -0.0072766822819304317 0.055938417091274645 -0.0047484093064809538 0.008880603521934349 -0.014734325508965564 0.063799086912797343 0.10005635436524148 -0.018959584057562321 -0.0063593412773340664 0.073829855983513798 -0.021419117398740251 0.046189331097369106 -0.046120854136528749 -0.0053543770972356922 0.041517323588357635 -0.021185280162065504 0.021528996626142993 0.078384018100735184 0.023003209274808895 -0.02883843614589636 0.044005257931485457
leaf_weight=18451.077769998461 273.61599305272102 604.83658128976822 212.4944306910038 193.3572843670845 266.83066628873348 788.29273442924023 467.57758360356092 12473.081359177828 1622.9797355569899 191.16280314326286 852.57002075761557 107.53240033239126 183.57485775649548 474.10656958073378 1044.3759609609842 13.031522952020167 78.353291869163513 155.17574781924486 22.232109293341637 27.912941798567772 235.32532116770744 20.175917685031891 58.183130204677582 77.349180817604065 308.24740488827229 100.95607843995094 48.759242624044418 75.919663779437542 84.585066445171833 73.442055977880955
leaf_count=331113 1438 2678 2073 848 2403 10854 2172 60620 27327 2139 3701 502 940 3768 4892 64 459 759 98 118 1027 86 344 334 3397 494 212 618 921 380
internal_value=-0.000929569 0.0595988 -0.0476843 0.0267827 -0.0162834 -0.0282886 0.0108098 0.065871 -0.0508903 -0.0417124 0.0491281 0.0297096 0.00846985 0.00118932 0.0564554 -0.00593308 0.0127601 0.0252649 0.00404718 0.0484549 0.0347537 0.0131045 0.00689382 0.0247836 -0.0351718 0.023137 0.0404427 -0.00581831 -0.00284931 0.0223106
internal_weight=39587.1 17252.2 22334.9 2769.18 2069.66 1393.62 1615.72 14483.1 20265.2 1814.14 1153.46 300.89 676.041 970.733 2009.98 697.117 223.01 644.985 177.408 965.6 360.763 125.438 209.978 105.262 1096.54 333.29 149.715 342.75 297.079 131.625
internal_count=466779 84288 382491 14533 21912 17245 9482 69755 360579 29466 5051 1350 4667 6453 9135 5015 1247 3029 857 4243 1565 538 1183 452 14251 1646 706 3021 2994 724
is_linear=0
shrinkage=0.05


Tree=22
num_leaves=31
num_cat=0
split_feature=1 1 1 21 22 1 1 5 15 6 15 21 6 22 1 21 21 5 21 5 8 15 8 7 8 21 23 8 22 18
split_gain=41881.8 1571.37 707.91 357.412 250.937 114.258 82.2294 72.2726 69.321 61.1753 59.2392 54.5653 50.0461 49.7506 79.6961 46.0265 44.9839 52.4554 44.3559 43.9712 46.2957 43.3797 41.9551 63.3803 39.7927 37.0986 36.5796 34.0586 31.0409 30.8367
threshold=-1.3278269154031157 1.0135940002009232 -3.0634448442920936 0.89139992028206028 0.29166666666666669 1.0000000180025095e-35 2.6948395857853402 0.11590495502428315 0.22703381906282352 1.5000000000000002 0.36184675560624185 0.95718979868985576 5.5000000000000009 0.55000000000000016 -4.4231878375284746 0.0048297304794127621 0.94094628755713228 0.12992108675365804 0.0019607534937891077 0.14885143706435305 38.500000000000007 0.45838956010634618 9.5000000000000018 0.99461768407640994 20.500000000000004 0.2463014411368166 2.2500000000000004 12.500000000000002 0.45000000000000007 0.029937820509076122
decision_type=2 2 2 10 8 2 2 2 8 2 10 10 2 10 2 10 10 2 10 2 2 10 2 8 2 10 10 2 8 10
left_child=2 3 13 5 9 7 16 26 12 18 -9 -6 -5 -1 22 -7 17 -3 -4 20 -16 28 23 -15 -17 -20 27 -2 -19 -14
right_child=1 6 4 8 11 15 -8 10 -10 -11 -12 -13 29 14 19 24 -18 21 25 -21 -22 -23 -24 -25 -26 -27 -28 -29 -30 -31
leaf_value=-0.051431640306196992 -0.0073937180405148325 0.060439789622584388 0.041491224785168368 0.035281473011072227 -0.0099645279197201359 0.047139010071714116 0.065924880913363432 -0.016616043157276689 0.052435135947584345 -0.037555519997572125 0.01165796670787712 0.017998272723346819 0.034513451732465568 0.19292487178345233 0.014464929046331239 -0.003283649909767514 0.062225672028530146 0.00062730181842388598 -0.024533057541947581 -0.023124858328650709 0.14999355778898193 0.046873835756790383 -0.046688048532103725 -0.045587590052945187 0.028255421034800967 0.050485781930623953 -0.012236313703916204 0.03640856034156182 0.041840941405532156 -0.04279513412696604
leaf_weight=18270.118405815214 54.497419811785221 409.32143193483353 34.480356752872467 160.66482255607843 339.74436582624912 202.03943494707346 12116.774920716882 534.21982624381781 919.44161435216665 1115.1867173835635 282.46104372292757 356.59890208393335 17.952609933912754 3.6883715316653225 35.287281662225723 144.21901117265224 1004.2070022821426 114.17892676591873 207.89545056223869 81.712861273437738 6.7452505230903617 355.15142878890038 712.01606959104538 6.1472858861088762 323.84445184469223 16.964203573763371 69.51030470430851 231.07773211598396 75.196539640426636 39.948933929204941
leaf_count=341807 271 1890 351 717 3036 897 60638 4563 4054 15959 1582 2019 84 69 405 712 4823 476 2308 1114 65 1559 13320 115 1500 151 449 1202 325 213
internal_value=-0.000925096 0.0573941 -0.0478712 0.0243987 -0.02009 0.010777 0.0643775 0.00135393 0.0464167 -0.032471 -0.00683476 0.00436056 0.0209753 -0.0508796 -0.0389049 0.0272281 0.0547733 0.0468706 -0.0105469 -0.00181243 0.0391943 0.0365785 -0.0452522 0.0534048 0.0185514 -0.0186749 0.0201539 0.028053 0.0171261 -0.0186463
internal_weight=38241.3 17054.7 21186.6 2979.88 2070.87 1841.87 14074.8 1171.77 1138.01 1374.53 816.681 696.343 218.566 19115.7 845.597 670.103 1958.06 953.848 259.34 123.745 42.0325 544.527 721.852 9.83566 468.063 224.86 355.085 285.575 189.375 57.9015
internal_count=466674 85955 380719 16244 23824 11176 69711 8067 5068 18769 6145 5055 1014 356895 15088 3109 9073 4250 2810 1584 470 2360 13504 184 2212 2459 1922 1473 801 297
is_linear=0
shrinkage=0.05


Tree=23
num_leaves=31
num_cat=0
split_feature=0 1 0 20 20 5 15 0 6 8 20 9 15 5 8 21 9 20 4 5 20 22 1 5 9 16 15 9 24 5
split_gain=39086.3 1579.32 691.531 364.53 277.848 94.5913 113.029 93.1481 79.7233 67.7708 59.1058 75.1843 53.9793 52.4547 51.6854 49.9682 48.0653 68.825 47.325 45.2682 44.7438 44.078 68.4257 36.9731 36.7062 35.9969 35.9086 35.5667 34.3204 37.4219
threshold=0.20616194905323768 1.0135940002009232 0.040392754896453019 0.42345984324800351 0.26437098744235843 0.18252044167030143 0.53468808364600318 0.94914027948630075 7.5000000000000009 15.500000000000002 0.0027277845701783169 0.17695295810699466 0.36184675560624185 0.080648115136314188 26.500000000000004 0.97146160270010973 0.23826886713504794 0.068815208058703628 5.5000000000000009 0.12426134092838344 0.50177277141717702 0.55000000000000016 -4.5824209426617459 0.14980795468137861 0.16202833503484729 0.99730877839008036 0.027198228206559798 0.41084228456020361 2.5000000000000004 0.19815606957795931
decision_type=2 2 2 10 8 2 10 2 2 2 10 10 8 2 2 10 10 10 2 2 10 10 2 2 8 8 10 10 10 2
left_child=2 3 21 5 13 10 14 15 -5 -8 11 25 -10 -4 -7 19 -12 -18 -16 -3 -6 -1 -23 26 -21 -2 -24 28 -22 -30
right_child=1 7 4 8 20 6 9 -9 12 -11 16 -13 -14 -15 18 -17 17 -19 -20 24 27 22 23 -25 -26 -27 -28 -29 29 -31
leaf_value=-0.051252744274045706 0.061453953197604383 0.058890717120324558 -0.013872073697450563 0.050682952088941968 -0.0076419116121239188 -0.024548348744440021 -0.032953363110970794 0.064884901621100152 -0.027479810738509663 0.037575848125388195 0.0032177145553409416 -0.027690940186326486 0.030448679344135254 -0.037855257718884226 0.054170754825406564 0.061878414554761008 -0.014568498283917541 0.064214716132766914 -0.007032547389319424 0.024343590985573288 0.011627178009738427 -0.045351783046606454 0.0040661823899826839 -0.024759168889770925 0.047415432620098237 0.026562765704167841 0.10535235108806361 -0.010507946019657786 0.071089919959413897 0.011816416203452714
leaf_weight=17349.187998317182 154.23696491867304 478.72306092083454 286.18548893928528 962.32407133281231 334.49685886502266 426.74195768684149 40.354581870138645 11381.844260469079 49.677124284207821 196.34032133221626 500.02579089999199 40.133252836763859 196.23867286741734 1151.2950277552009 40.996081307530403 1030.9811705201864 41.146425887942314 81.998059146106243 126.69558565318584 274.6461552977562 160.48025241494179 690.91239125654101 31.817250143736601 81.007848639041185 480.19631162285805 146.18517101556063 11.115580435842274 84.230293318629265 67.012028276920319 44.526724085211754
leaf_count=339977 755 2301 3246 4240 3152 3399 203 58749 250 889 2995 251 839 17338 276 5114 307 429 980 1232 872 13457 391 1209 2179 728 129 493 298 232
internal_value=-0.000970252 0.055807 -0.0475556 0.0229702 -0.0205771 0.00866854 -0.0036905 0.0630311 0.0441907 0.0254631 0.0193199 0.0360426 0.0186827 -0.0330935 -0.0153223 0.053689 0.010138 0.0379855 0.00816243 0.0467999 0.00548042 -0.0507153 -0.0392228 -0.00496716 0.0390642 0.0446204 0.0320909 0.0177884 0.0265567 0.047743
internal_weight=36941.8 16649.5 20292.3 3003.09 2128.23 1794.85 831.129 13646.4 1208.24 236.695 963.726 340.555 245.916 1437.48 594.434 2264.55 623.17 123.144 167.692 1233.57 690.746 18164 814.853 123.941 754.842 300.422 42.9328 356.249 272.019 111.539
internal_count=466910 86116 380794 16541 25631 11212 5747 69575 5329 1092 5465 1734 1089 20584 4655 10826 3731 736 1256 5712 5047 355163 15186 1729 3411 1483 520 1895 1402 530
is_linear=0
shrinkage=0.05


Tree=24
num_leaves=31
num_cat=0
split_feature=0 0 0 21 21 5 17 9 0 1 7 0 21 24 8 7 17 7 5 23 1 12 10 8 17 13 21 5 8 7
split_gain=36630.6 1508.66 677.277 370.007 235.572 106.838 68.4917 74.1023 66.3576 59.9239 57.1811 52.6258 51.9879 46.6825 43.2412 42.8303 41.8204 41.3158 36.7849 35.3129 32.8396 31.6224 30.5526 39.4323 30.1908 29.8649 29.4766 47.5922 68.9633 41.2051
threshold=0.20616194905323768 0.79424687752584056 0.044315815100590308 0.82579579128042313 0.56024425926887267 0.098634850707218821 0.18162175267934802 0.30744178593158727 0.4933457107451279 3.7319102804448829 0.94669241619352851 0.014746076076859623 0.73050256887321996 2.5000000000000004 18.500000000000004 0.8963251832134046 0.13679603487253192 0.99955583662882519 0.18252044167030143 0.75000000000000011 -0.26516354677180948 0.0079103522002697008 27.33415508270264 19.500000000000004 0.71856418251991283 34.500000000000007 0.96764986981988022 0.13873573606430162 9.5000000000000018 0.9996010205364747
decision_type=2 2 2 10 8 2 8 10 2 2 8 2 10 10 2 10 8 10 2 10 2 10 8 2 10 2 10 2 2 10
left_child=2 3 11 5 10 20 7 -5 15 26 -4 -1 -13 14 19 -7 18 -14 21 -10 -2 -6 -17 -24 -16 -9 27 28 -3 -29
right_child=1 9 4 6 16 8 -8 25 13 -11 -12 12 17 -15 24 22 -18 -19 -20 -21 -22 -23 23 -25 -26 -27 -28 29 -30 -31
leaf_value=-0.05116048991383905 0.01981121471501043 -0.036516168639982909 -0.010590707711871039 0.04171638068921623 -0.028349233074043325 0.029416167840223474 0.050050193344859106 0.021680448693464322 0.037483200713154155 0.064309998790660017 -0.037241991742162375 -0.045196658198684264 -0.023348135541050495 -0.0016797110908967749 0.024052731732930769 -0.012680410699420584 0.013723286537195506 0.083809540382155573 -0.030396419176104361 -0.01292541749493486 0.047080977221390888 0.023229027513157582 -0.02530042012966284 0.039868009119376227 0.058849246474608596 -0.032135326571251246 0.061163377057527557 0.043754378371877116 0.061514649038015762 -0.040216695437915978
leaf_weight=16021.264161847532 256.40800309926271 17.709518879652023 250.6314779445529 182.96293783187866 42.7241195961833 79.954959809780121 1091.5665070042014 41.989078089594841 52.59560963511467 9619.1606561839581 1041.5945458300412 1236.9289449006319 217.87781380489469 235.50154185295105 153.53478410094976 667.76223873347044 427.11507892236114 8.4147735647857171 130.03355435281992 97.841264761984348 196.49072921276093 91.928001951426268 35.103781916201115 64.532198019325733 106.95758374035358 63.646258383989334 1649.0141773670912 736.6335516422987 852.38716182112694 14.166154533624647
leaf_count=329709 1339 90 2858 840 393 460 4977 195 233 51303 15681 24138 3417 1135 732 5399 3020 118 1177 488 838 706 255 378 442 323 8573 3570 4347 68
internal_value=-0.00095209 0.0545532 -0.0471846 0.0245247 -0.0194869 0.0104752 0.0443191 0.0225445 0.00401712 0.0623015 -0.0320851 -0.0503262 -0.0411629 0.0160702 0.0262219 -0.00518604 0.00405784 -0.0190122 -0.0115319 0.00482954 0.0317199 0.00677529 -0.00882483 0.0168846 0.0385105 -0.0107413 0.0563751 0.051469 0.0594797 0.0421186
internal_weight=35684.4 16215.9 19468.5 3326.85 1984.03 1946.68 1380.16 288.598 1493.78 12889.1 1292.23 17484.5 1463.22 646.431 410.929 847.353 691.801 226.293 264.686 150.437 452.899 134.652 767.398 99.636 260.492 105.635 3269.91 1620.9 870.097 750.8
internal_count=467202 85985 381217 18034 23835 11699 6335 1358 9522 67951 18539 357382 27673 3030 1895 6492 5296 3535 2276 721 2177 1099 6032 633 1174 518 16648 8075 4437 3638
is_linear=0
shrinkage=0.05


Tree=25
num_leaves=31
num_cat=0
split_feature=0 0 0 20 20 15 7 8 6 0 6 20 0 20 9 15 8 0 12 23 17 8 23 22 6 15 13 24 4 21
split_gain=34211.7 1424.53 725.757 385.157 250.841 119.046 100.567 70.8301 61.901 61.5064 58.1973 51.6071 86.635 43.7542 44.825 42.526 41.3479 39.209 38.7548 36.9539 36.3921 37.1073 36.207 67.0044 40.4611 38.2264 32.7112 30.7528 30.5289 30.3099
threshold=0.20616194905323768 0.79424687752584056 0.040392754896453019 0.490049018139885 0.25103488868871843 0.74871732265472934 0.98798275985224082 22.500000000000004 9.5000000000000018 0.97637871376963925 1.5000000000000002 0.50177277141717702 0.012485989707509741 0.00080535561451336999 0.031582212075591094 0.31877535211607816 15.500000000000002 0.4933457107451279 0.14365629106760028 0.75000000000000011 0.70729652047157299 30.500000000000004 1.7500000000000002 0.81666666666666676 2.5000000000000004 0.023668343918482323 28.500000000000004 2.5000000000000004 6.5000000000000009 0.96764986981988022
decision_type=2 2 2 10 8 10 10 2 2 2 2 10 2 10 8 10 2 2 8 10 10 2 10 8 2 10 2 8 2 10
left_child=2 3 11 5 10 6 17 13 19 29 -4 -1 -13 14 -8 -9 -7 -2 20 -5 -12 -22 24 26 25 -6 -24 -23 -14 -3
right_child=1 9 4 8 22 16 7 15 -10 -11 18 12 28 -15 -16 -17 -18 -19 -20 -21 21 27 23 -25 -26 -27 -28 -29 -30 -31
leaf_value=-0.050859451318457184 0.012235469770314549 0.049846080533259063 -0.010143491986050005 -0.0020221183232665314 0.0040054248640768219 -0.011297589235097232 0.057623472212584514 -0.0015405670863576071 0.010157432652597937 0.063041189486680679 -0.041102574096344824 -0.043988773913185342 -0.013279134744607811 -0.024203609138689207 -0.0098087584041795864 0.025559186392597428 0.054363268100671228 0.035207304681574417 0.00025306231853292391 0.052215821993686164 -0.020424815476393701 0.1678528143041299 0.022813445274567464 0.072920080922934769 -0.014670068404320075 0.071247863709845469 -0.012714644648648575 0.0057690741148745811 0.044857561304023554 0.05980759078160508
leaf_weight=15837.325531609356 497.88998238742352 1573.5449977070093 259.16610182449222 32.308855310082436 87.45477432012558 27.041251488029957 34.524500459432602 369.08438574522734 104.54667404294014 9317.5445435494184 974.75236215442419 631.61367747187614 67.179980486631393 390.37696423381567 79.746618025004864 237.07735914736986 191.0872797742486 297.0342744961381 67.151265136897564 1037.1323273479939 40.07610047981143 4.4130235165357563 155.31827003136277 46.010379515588284 290.44219115749002 26.928002569824457 109.79762002453208 6.532324045896531 32.788150958716869 1600.5392075777054
leaf_count=339987 2965 8017 3055 144 666 135 186 2571 450 51356 15801 13412 947 2822 545 1213 849 1327 922 4776 553 60 1058 212 2321 202 856 89 384 8573
internal_value=-0.000893293 0.053257 -0.0467705 0.024018 -0.0188302 0.0113043 0.00728699 -0.00243098 0.0469891 0.0609737 -0.0314943 -0.0502565 -0.037153 -0.0162518 0.0108876 0.00908312 0.0462089 0.0208527 -0.0365433 0.0505769 -0.03895 0.0021736 0.00509664 0.0178947 -0.00475911 0.0203159 0.00810702 0.0797001 0.00604431 0.0548864
internal_weight=34426.4 15789.5 18636.9 3297.85 2068.04 2123.86 1905.73 1110.81 1173.99 12491.6 1352.09 16568.9 731.582 504.648 114.271 606.162 218.129 794.924 1092.93 1069.44 1025.77 51.0214 715.951 311.126 404.825 114.383 265.116 10.9453 99.9681 3174.08
internal_count=466454 85929 380525 17983 25795 12613 11629 7337 5370 67946 20480 354730 14743 3553 731 3784 984 4292 17425 4920 16503 702 5315 2126 3189 868 1914 149 1331 16590
is_linear=0
shrinkage=0.05


Tree=26
num_leaves=31
num_cat=0
split_feature=2 0 0 0 0 0 1 15 15 15 5 15 5 15 12 9 17 17 8 5 12 16 18 16 8 5 1 17 2 15
split_gain=32102.1 1155.35 950.462 131.854 131.196 61.6311 56.6776 54.05 47.2791 38.1967 45.7143 38.1116 34.2578 32.0562 31.8588 28.4114 26.425 22.0427 31.6953 21.4557 28.5361 25.6596 21.1886 20.8047 19.9798 20.8065 19.979 19.9696 20.9524 19.5354
threshold=-0.18056398192202078 0.79424687752584056 0.044315815100590308 0.15544587012063948 0.4933457107451279 0.94914027948630075 -4.1372953461294122 0.22703381906282352 0.37681319459375551 0.69192599075605388 0.23931098404449105 0.37681319459375551 0.19562911958538701 0.10087178219021979 0.043394237756729133 0.34886394441127783 0.86321195960044872 0.83108946681022655 30.500000000000004 0.29061795149193465 0.020730092190206054 0.99438979067326183 0.18493244796991351 0.92223945757037784 23.500000000000004 0.36281860076210731 -0.26516354677180948 0.0014384967507794502 -0.65672081488399614 0.22703381906282352
decision_type=2 2 2 2 2 2 2 8 10 10 2 8 2 8 10 10 10 10 2 2 8 8 10 8 2 2 2 8 2 8
left_child=2 4 6 13 8 19 -1 15 12 10 -6 -12 26 -4 23 -5 24 27 -19 -3 21 -21 -18 -13 25 -9 -2 -15 -29 -14
right_child=1 5 3 7 9 -7 -8 16 -10 -11 11 14 29 17 -16 -17 22 18 -20 20 -22 -23 -24 -25 -26 -27 -28 28 -30 -31
leaf_value=-0.050771552703266325 0.012017824851619105 0.053460641253934071 -0.033845390252437345 -0.0052814534980494396 0.037819009243081708 0.061340721230381423 -0.039659655388894932 0.0013436717411214258 0.030755608884845388 0.049051874525288801 -0.010624155175815374 -0.020254224664210192 -0.020677425052457767 0.0098317797636679957 0.041065377582954921 -0.038435391232313772 0.013024652253972336 -0.0082663977304537322 0.08096973521937155 -0.031213965806816721 0.046183699359487344 0.035691874470367237 0.062422890071325524 0.021005238599184992 0.017940308797234118 -0.04370307331604973 0.035133732215536943 -0.032787768895245109 -0.01584478430404665 0.0042500120523043666
leaf_weight=14666.343051832169 615.87999210506678 1513.5998477339745 546.12057453393936 189.58204356580973 755.62372834980488 10368.60187767446 1267.7235415875912 234.80559735000134 329.54668019339442 378.0732249468565 95.759815484285355 43.426295965909958 109.44035584107041 50.640725374221802 155.72391530126333 97.343861259520054 49.582778908312321 43.212987665086985 11.870563231408594 24.963763847947121 206.00861205160618 31.020919650793076 38.587237857282162 97.244644515216351 182.0733357667923 27.768122330307961 109.79693933576345 298.98664734140038 476.35788888111711 271.76390859857202
leaf_count=330785 4258 7888 7811 1666 3546 58978 25708 1790 1645 1739 495 188 869 643 744 953 272 456 118 123 1056 161 190 451 1323 212 561 4112 5959 2004
internal_value=-0.000840351 0.0530249 -0.0455971 -0.0151451 0.0250158 0.0598544 -0.04989 0.00083768 0.0141559 0.0352233 0.0306295 0.0167155 0.00919042 -0.0243194 0.0255544 -0.0166238 0.0102544 -0.0183831 0.0120649 0.0511453 0.0376165 0.0058341 0.0351012 0.00821504 0.00525973 -0.00356792 0.0155589 -0.0204258 -0.0224121 -0.00294181
internal_weight=33287.5 15106.5 18181 2246.93 2962.28 12144.2 15934.1 819.743 1436.43 1525.85 1147.78 392.155 1106.88 1427.19 296.395 286.926 532.817 881.069 55.0836 1775.59 261.993 55.9847 88.17 140.671 444.647 262.574 725.677 825.985 775.345 381.204
internal_count=466704 84706 381998 25505 16500 68206 356493 6406 9337 7163 5424 1878 7692 19099 1383 2619 3787 11288 574 9228 1340 284 462 639 3325 2002 4819 10714 10071 2873
is_linear=0
shrinkage=0.05


Tree=27
num_leaves=31
num_cat=0
split_feature=2 1 1 21 21 1 1 21 5 15 6 24 15 18 15 6 21 12 13 9 21 5 7 15 17 9 8 10 21 5
split_gain=29990.5 1194.88 963.886 256.629 212.348 95.4434 92.0032 95.2901 62.8213 62.131 57.158 49.9029 48.3097 53.9133 46.0649 50.0524 45.0762 43.3572 40.4269 38.4085 40.7714 35.626 35.4478 34.5336 33.0201 38.2503 32.1683 31.4171 34.0897 30.3961
threshold=-0.18056398192202078 1.0135940002009232 -2.7538459242874578 0.73050256887321996 0.73050256887321996 2.406819681551482 -4.0746698344451229 0.82579579128042313 0.098634850707218821 0.37681319459375551 1.5000000000000002 2.5000000000000004 0.34724831869222156 0.2806533426046372 0.44163046352544361 4.5000000000000009 0.91291828426540478 0.0086190830916166323 18.500000000000004 0.013068102300167085 0.020525306953403287 0.11500726326758658 0.9994463019594334 0.40929447177480954 0.10258064791560174 0.31125833094120031 15.500000000000002 0.99973362684249889 0.2463014411368166 0.16771440789029765
decision_type=2 2 2 10 10 2 2 10 2 10 2 10 10 10 8 2 10 10 2 10 10 2 10 10 8 8 2 10 10 2
left_child=2 3 6 8 10 16 -1 -8 -2 19 27 26 -12 -14 15 17 21 -6 -17 20 -10 -3 -9 -23 25 -5 -11 28 -4 -15
right_child=1 5 4 24 14 -7 7 22 9 11 12 -13 13 29 -16 18 -18 -19 -20 -21 -22 23 -24 -25 -26 -27 -28 -29 -30 -31
leaf_value=-0.050446547886404153 0.024404404962734348 0.052380919813084285 -0.016527621920239866 0.034883667433699771 -0.031952567011726662 0.059993283142874033 -0.043128516702690828 -0.014184471346548946 0.034168492155138556 -0.0069866116010113685 -0.032842356838161876 -0.0048776243024220541 -0.0234991360305771 0.087494532525124444 0.027733532077417647 0.027186213003473861 0.054640228566852356 0.037171329895709863 -0.033336628718604724 -0.013791640590198032 -0.017686625068965331 0.0099496657983081157 0.067274253125519601 0.038898564688577456 0.043692539286294088 -0.014340412714578086 0.038452192329281952 0.039266972289338904 0.047928500478892536 0.010844012922607312
leaf_weight=14099.030173871666 425.00675649940968 238.25732550024986 163.85767802968621 134.27218708395958 28.162230588495731 10665.540913328528 1247.6337115690112 247.33453114330769 97.161864507943392 47.155837759375572 832.95254285261035 162.85427663847804 142.38749254494905 16.377290077507496 296.17474190890789 34.933574769645929 754.46083037555218 103.25432370230556 119.80105317756534 534.73386741802096 60.950999744236469 163.76363490521908 13.130604047328232 280.79149053990841 905.28021840378642 55.069655917584896 215.49970412254333 41.074702885001898 22.451312996447086 52.004703156650066
leaf_count=332900 2282 1223 1643 628 223 62557 25977 3445 546 229 11957 805 1551 139 1563 241 4092 605 871 4498 435 711 155 1294 4238 256 994 433 164 390
internal_value=-0.000804227 0.0517101 -0.0451391 0.0212081 -0.0110421 0.0583562 -0.0491873 -0.0373889 0.00806504 0.00183937 -0.0224917 0.0168559 -0.0274362 -0.0060173 0.0139458 -0.000371715 0.0461746 0.0222288 -0.0195859 -0.00739401 0.0141933 0.0367544 -0.00983637 0.0282807 0.0397148 0.0205668 0.0302988 0.000225178 -0.00854587 0.0301981
internal_weight=32201.4 14740.8 17460.6 2637.99 1853.43 12102.8 15607.1 1508.1 1543.36 1118.36 1271.11 425.51 1043.72 210.769 582.326 286.151 1437.27 131.417 154.735 692.847 158.113 682.812 260.465 444.555 1094.62 189.342 262.656 227.384 186.309 68.382
internal_count=467045 84788 382257 14911 19780 69877 362477 29577 9789 7507 16277 2028 14037 2080 3503 1940 7320 828 1112 5479 981 3228 3600 2005 5122 884 1223 2240 1807 529
is_linear=0
shrinkage=0.05


Tree=28
num_leaves=31
num_cat=0
split_feature=2 0 0 20 20 1 20 15 5 0 7 20 23 1 15 20 13 10 15 8 4 21 8 5 4 10 7 20 5 7
split_gain=28035.3 1086.79 1065.96 277.675 262.169 80.4432 113.039 68.9519 77.7854 67.3401 66.7382 65.8166 82.0975 46.5275 45.9515 44.3053 43.4334 42.3557 39.7684 39.4045 36.7715 36.7307 61.9551 59.9319 47.4493 36.1206 35.9604 33.9135 33.2685 33.2043
threshold=-0.14040536392129668 0.053685167211236694 0.79424687752584056 0.36400968865361732 0.52294222304992355 -4.1372953461294122 0.47708764606614451 0.67200047928370632 0.19562911958538701 0.97984966106328752 0.97950961789895841 0.25103488868871843 2.2500000000000004 -0.26516354677180948 0.42537896559110311 0.001045191847506646 40.500000000000007 14.200798511505129 0.55455306088303169 15.500000000000002 7.5000000000000009 0.92872795150970477 11.500000000000002 0.12757644292878262 5.5000000000000009 14.500980377197267 0.9994463019594334 0.12369876004917867 0.18002973973970984 0.99950803166305813
decision_type=2 2 2 10 10 2 10 10 2 2 8 8 10 2 8 8 2 10 10 2 2 8 2 2 2 10 10 8 2 10
left_child=1 5 4 10 7 -1 -7 8 11 21 15 12 13 -2 16 -3 -5 -10 27 -9 -14 22 24 -24 -4 26 -8 -12 -18 -25
right_child=2 3 9 14 -6 6 25 19 17 -11 18 -13 20 -15 -16 -17 28 -19 -20 -21 -22 -23 23 29 -26 -27 -28 -29 -30 -31
leaf_value=-0.050307455239838907 0.0043221700953443376 0.052173306319030381 0.025666708808136891 0.021275744670006771 0.04551062013022833 -0.042592370404778555 0.0073692694463832519 -0.014342199428561098 -0.012130313594990082 0.060344091346157917 -0.038183947095158627 0.037941915662556003 -0.042314898509167455 0.033678386729846688 0.028549118717906354 -0.009980455708562359 0.020709710600204136 0.022919606196380768 0.0012564771192013721 0.04193772539948934 0.0029587951491646929 0.056024918487982793 0.057271111975073785 0.036533255244646276 -0.0749299477420554 -0.048624721466216339 0.11651389934669497 -0.018074888237399844 -0.030800401858236456 -0.046111881622292114
leaf_weight=13393.443867202848 274.78484616801143 30.177470054477453 32.564395889639854 147.3094048500061 892.53997524082661 1256.7920350432396 117.91353057324886 34.960260346531868 485.3317019790411 8135.2775593996048 699.82844360172749 271.38843785971403 91.10439433157444 264.9222706630826 349.51893027126789 356.81949255988002 42.601331979036331 103.80358685925603 97.829042866826057 252.19123339280486 87.178400304168463 1961.4066946804523 662.12311595678329 527.42175579071045 17.034253671765327 26.715172097086906 7.0779250115156165 303.38786018639803 111.83634754270315 11.623654246330259
leaf_count=331267 1973 301 171 828 4288 27728 1291 162 3149 49688 10885 1245 612 1242 1664 4043 214 624 948 1133 566 11495 3815 2758 93 324 71 3525 738 57
internal_value=-0.000940084 -0.0442937 0.0511282 -0.0109763 0.0232375 -0.049108 -0.0376747 0.0125633 0.00845132 0.0579049 -0.0228889 0.0170099 0.00905623 0.0187677 0.0162357 -0.00501182 0.00192556 -0.00592627 -0.0291621 0.0350597 -0.0202835 0.0517104 0.0449052 0.0471653 -0.00968046 0.00307684 0.0144256 -0.0321267 -0.0165496 0.0346691
internal_weight=31046.9 16941.3 14105.7 2139.31 2758.21 14801.9 1408.5 1865.67 1578.51 11347.5 1488.04 989.378 717.99 539.707 651.266 386.997 301.747 589.135 1101.05 287.151 178.283 3212.17 1250.77 1201.17 49.5986 151.707 124.991 1003.22 154.438 539.045
internal_count=466898 383827 83071 23146 14994 360681 29414 10706 9411 68077 19702 5638 4393 3215 3444 4344 1780 3773 15358 1295 1178 18389 6894 6630 264 1686 1362 14410 952 2815
is_linear=0
shrinkage=0.05


Tree=29
num_leaves=31
num_cat=0
split_feature=1 1 1 21 21 5 1 8 10 24 22 5 1 22 2 7 17 8 4 8 8 22 18 9 21 5 8 7 9 22
split_gain=26295.2 1647.82 440.525 303.642 147.177 95.9213 71.3685 66.5658 71.6328 67.7323 62.0504 53.5767 53.0453 49.6399 76.71 94.734 48.8124 47.9048 83.2929 41.2382 41.1462 38.3007 53.2239 37.2801 36.702 48.486 57.3224 46.1475 49.7658 36.6245
threshold=-1.6792163879063084 1.3810977272761438 -3.2505071988457908 0.73050256887321996 0.2463014411368166 0.085292857899276556 3.7319102804448829 18.500000000000004 28.072596549987797 2.5000000000000004 0.63333333333333341 0.23221028729213214 -0.26516354677180948 0.55000000000000016 -0.72993643746746861 0.99948721670453244 0.75783878564834606 9.5000000000000018 4.5000000000000009 37.500000000000007 40.500000000000007 0.63333333333333341 0.77731874585151683 0.22163609415292743 0.96764986981988022 0.15390990723815898 9.5000000000000018 0.9996010205364747 0.16202833503484729 0.55000000000000016
decision_type=2 2 2 8 8 2 2 2 10 10 10 2 2 10 2 8 10 2 2 2 2 10 10 8 10 2 2 10 8 10
left_child=2 3 13 5 -4 -2 24 -7 9 12 11 -5 -9 -1 17 19 -13 18 -15 -16 -11 22 -19 -18 25 26 -3 28 -27 -6
right_child=1 6 4 10 29 7 -8 8 -10 20 -12 16 -14 14 15 -17 23 21 -20 -21 -22 -23 -24 -25 -26 27 -28 -29 -30 -31
leaf_value=-0.049982026216089305 0.027491888904332764 -0.037011278442692135 -0.034649846282412237 0.033248212591390131 -0.014099803430160313 -0.018291953637998706 0.059434045592842003 -0.0018865104323683723 0.050481872839651644 -0.016073431020980689 0.04222389623616786 -0.0056694925705140127 0.029721365751561896 -0.038953849380055694 -0.01778226833908229 0.23313169290719654 -0.03950333779311558 -0.014199032385084652 0.24492530387430569 0.11237389046643287 0.031464681477284567 -0.046448996030461986 0.18605444864589232 0.049070909626329554 0.055872723309429884 0.013334296268681017 0.054155266905911138 -0.056294700064603603 0.045199650717306437 0.0091866368814608138
leaf_weight=13115.988943699747 359.5307986587286 16.962446555495262 954.61177721619606 516.62581513077021 402.77945817634463 413.38313158974051 8097.5971892178059 261.74078237265348 79.904406081885099 459.09264643862844 911.76774272322655 223.27633144706488 268.08620856702328 6.5670584961771947 40.673536363989115 3.8635969348251811 13.064309060573576 46.102353435009718 3.0368925482034683 6.1265131980180731 49.586550235748291 527.15993870794773 2.5695292055606833 83.140221916139126 1415.1026484817266 177.84693409502506 803.21880616247654 13.177711412310599 400.83239558339119 289.31582537293434
leaf_count=338080 1913 91 16980 2543 5204 3212 51260 2334 424 3523 4431 1254 1273 151 703 52 58 1109 59 73 334 12914 56 380 8595 949 4708 67 2169 1734
internal_value=-0.000839124 0.0473231 -0.0463903 0.0181767 -0.0219323 0.00428804 0.0570297 -0.00117257 0.00516573 0.00163382 0.0331942 0.0233087 0.0141326 -0.0493172 -0.0355511 0.0231041 0.00718207 -0.0406578 0.0654446 0.00125071 -0.0113867 -0.0425378 -9.42395e-05 0.0367601 0.0501244 0.044328 0.052227 0.0333122 0.0354463 -0.00436619
internal_weight=29962.7 14563.9 15398.8 3639.2 1646.71 1891.32 10924.7 1531.79 1118.41 1038.51 1747.87 836.107 529.827 13752.1 636.099 50.6636 319.481 585.436 9.60395 46.8 508.679 575.832 48.6719 96.2045 2827.14 1412.04 820.181 591.857 578.679 692.095
internal_count=466633 89518 377115 21679 23918 13013 67839 11100 7888 7464 8666 4235 3607 353197 15117 828 1692 14289 210 776 3857 14079 1165 438 16579 7984 4799 3185 3118 6938
is_linear=0
shrinkage=0.05


Tree=30
num_leaves=31
num_cat=0
split_feature=1 1 1 20 20 1 9 20 20 1 7 23 21 8 8 7 23 15 9 15 21 23 18 9 24 7 6 7 10 20
split_gain=24710.4 1600.62 410.699 298.829 151.158 110.235 69.3793 77.1626 64.7597 91.4062 81.3326 122.821 63.4712 60.2302 57.009 71.5146 54.7271 53.2181 76.9767 52.3656 48.9894 48.7649 47.1388 44.5315 40.1971 34.0896 33.6158 33.3235 31.0568 30.7164
threshold=-1.6792163879063084 1.0135940002009232 -3.1576831200718192 0.34120141913783952 0.20175842069972319 2.6948395857853402 0.030991855077445511 0.0033565193993697786 0.50177277141717702 -5.8609050789483765 0.9994463019594334 1.7500000000000002 0.89139992028206028 9.5000000000000018 23.500000000000004 0.94004886443835656 1.2500000000000002 0.24724918463030429 0.31951858103275305 0.23714372328115066 0.94094628755713228 0.75000000000000011 0.0028363172896206383 0.3027008324861527 2.5000000000000004 0.99423661082390058 1.5000000000000002 0.99900631775854398 1.3230550289154055 0.14669632209127278
decision_type=2 2 2 8 8 2 10 8 10 2 10 10 10 2 2 10 10 8 8 10 10 10 10 10 10 10 2 10 10 10
left_child=2 3 8 6 26 20 7 22 -1 -10 13 -12 27 -11 15 24 -9 18 -14 29 25 -17 -2 -21 -8 -3 28 -5 -4 -16
right_child=1 5 4 12 -6 -7 14 16 9 10 11 -13 17 -15 19 21 -18 -19 -20 23 -22 -23 -24 -25 -26 -27 -28 -29 -30 -31
leaf_value=-0.049762374734491882 0.021800392187736949 0.042786028688313944 -0.022858235140499665 0.021422208275816382 -0.0013408556363653 0.057589031426874285 0.033447140345948638 0.03962745573346993 -0.046526125747026609 0.158157921763319 -0.010381873176883624 0.29204267158671998 0.037072909846092343 -0.018353360556130717 -0.021402957381789461 0.031273451773544861 -0.010923510609734682 0.04396725982380327 -0.025046552096315566 -0.0023736537809215474 0.052201959426151773 -0.031312371970847068 0.07384357739788075 0.037605807887944237 -0.029428390014921393 0.021789646809094995 -0.038402509156684438 -0.018299186647214014 0.035209854311630755 0.015278253095321145
leaf_weight=12601.682527434081 119.65385466814041 513.56207758188248 162.92951704934239 533.96430329978466 574.24826495349407 9279.4123051613569 90.090716354548931 68.031733356416225 406.41447075083852 3.9692972525954238 8.1824600212275964 4.6167360059916964 147.47213318943977 183.54824361205101 192.90198137238622 32.825520142912865 237.58973902463913 817.63939566910267 74.248599700629711 124.0134725086391 816.66604743897915 419.23998571187258 68.576751165091991 157.56693797186017 34.382643163204193 315.76448555290699 770.73042744398117 57.822091564536095 25.876094587147236 80.044998079538345
leaf_count=339886 654 2690 2197 2587 4949 60605 488 408 10737 65 137 69 689 3776 1906 252 1613 3948 381 755 4893 3809 357 955 209 1549 14589 282 383 587
internal_value=-0.000821253 0.0462969 -0.0461474 0.0155211 -0.0216373 0.0554667 0.000342244 0.0159591 -0.0489917 -0.0329283 -0.00524622 0.111963 0.0306324 -0.0137979 -0.00648456 -0.01748 0.00042174 0.0380761 0.0162516 0.00495826 0.0434744 -0.0267089 0.041051 0.020052 0.0159832 0.0348276 -0.0337699 0.0175168 -0.0147563 -0.0106292
internal_weight=28923.7 14181.5 14742.2 3256.06 1533.78 10925.4 1624.92 493.852 13208.4 606.731 200.317 12.7992 1631.15 187.518 1131.07 576.539 305.621 1039.36 221.721 554.527 1645.99 452.066 188.231 281.58 124.473 829.327 959.536 591.786 188.806 272.947
internal_count=466405 89617 376788 19880 22118 69737 11993 3032 354670 14784 4047 206 7887 3841 8961 4758 2021 5018 1070 4203 9132 4061 1011 1710 697 4239 17169 2869 2580 2493
is_linear=0
shrinkage=0.05


Tree=31
num_leaves=31
num_cat=0
split_feature=2 1 1 21 21 1 22 1 5 15 15 6 5 1 17 6 9 21 23 8 23 12 7 8 7 23 12 17 21 16
split_gain=23096.4 1226.65 812.341 241.754 187.449 68.1915 64.3179 79.3873 60.501 67.7064 52.2835 48.9439 45.615 41.9584 40.7737 37.184 36.9791 39.8925 36.3649 69.6358 34.2222 49.5719 37.4659 34.3528 37.3905 34.1598 31.5551 30.9645 30.3771 50.603
threshold=-0.21628385131348601 1.3810977272761438 -3.1576831200718192 0.73050256887321996 0.2463014411368166 3.7319102804448829 0.55000000000000016 -4.9205854117350052 0.089330632595889456 0.37681319459375551 0.65231582421216205 3.5000000000000004 0.084499975364643667 -0.26516354677180948 0.20112490653991702 6.5000000000000009 0.0082500865682959574 0.020525306953403287 1.2500000000000002 18.500000000000004 2.2500000000000004 0.086093794554471983 0.99957789854579915 9.5000000000000018 0.99423661082390058 2.2500000000000004 0.11857458949089052 0.63168621063232433 0.96764986981988022 0.99961111636804012
decision_type=2 2 2 10 8 2 10 2 2 10 10 2 2 2 8 2 10 10 10 2 10 10 8 2 10 10 8 10 10 10
left_child=2 3 6 8 12 28 -1 20 13 16 11 -6 25 -2 15 26 17 -10 -11 -20 23 22 -22 24 -8 -4 -5 -14 29 -3
right_child=1 5 4 14 10 -7 7 -9 9 18 -12 -13 27 -15 -16 -17 -18 -19 19 -21 21 -23 -24 -25 -26 -27 -28 -29 -30 -31
leaf_value=-0.049608037213113992 0.011907270365977305 0.04377429843635925 0.0029228836599204792 0.03134047832072407 0.012056837705320516 0.057681813123604125 0.1603360355926533 0.0012575079495898741 0.032621886042912045 0.03809627366916802 0.038942592409465918 -0.011648691386746884 -0.03843946239717258 0.04514674759551493 0.040004407573150526 -0.02656702307670087 -0.011616789028485897 -0.016232823807150295 -0.043730735358532405 0.017402390272791269 -0.027442632099062888 0.17925292332358439 0.14840189947499707 -0.049141503477959654 -0.042164576122650288 -0.039925763845208934 -0.037375022074847129 -0.0016889717421122016 0.053729832615057295 -0.059811525283803804
leaf_weight=12051.495978884399 262.37574226036668 1324.6035598516464 156.62077211216092 201.80086206272244 348.27015018463135 7552.5636349916458 3.2288193441927424 133.60875372588634 108.69972942396998 141.40495460480452 80.941584080457687 577.29086177796125 721.01387073099613 148.73148790001869 1042.0527561828494 39.320315055549145 685.18634520098567 66.707968015223742 53.824900858104229 309.63671274855733 45.833277974277735 2.4678017906844607 2.2483037002384654 407.78842697292566 4.2527774125337601 65.090703766793013 17.373107105493546 62.360871456563473 1318.0253835171461 11.070127934217451
leaf_count=340372 1616 7890 1945 1001 2924 51436 58 2336 597 643 463 5140 13354 663 5255 193 5867 506 284 1485 1222 66 53 11241 112 921 82 787 8559 58
internal_value=-0.000854334 0.0469004 -0.0441175 0.0192203 -0.0145947 0.055243 -0.0488104 -0.032717 0.007222 0.00215273 0.000660822 -0.00272539 -0.0298571 0.0240131 0.035592 0.017719 -0.00637395 0.0140556 0.0166712 0.00825406 -0.0424436 -0.00352207 -0.0163641 -0.0471615 0.0538284 -0.00977953 0.0257486 -0.0355198 0.0482829 0.0428717
internal_weight=27945.9 13283.4 14662.5 3077.11 2011.59 10206.3 12650.9 599.428 1776.57 1365.46 1006.5 925.561 1005.09 411.107 1300.55 258.494 860.594 175.408 504.867 363.462 465.819 50.5494 48.0816 415.27 7.4816 221.711 219.174 783.375 2653.7 1335.67
internal_count=467129 86135 380994 18192 25534 67943 355460 15088 11661 9382 8527 8064 17007 2279 6531 1276 6970 1103 2412 1769 12752 1341 1275 11411 170 2866 1083 14141 16507 7948
is_linear=0
shrinkage=0.05


Tree=32
num_leaves=31
num_cat=0
split_feature=1 1 1 20 20 1 5 15 8 24 5 21 20 20 5 9 10 5 9 20 2 8 5 24 20 17 10 13 12 5
split_gain=21705.2 1579.51 420.992 235.365 198.1 122.75 71.3606 105.467 65.4286 67.8369 58.0718 55.7287 54.7117 52.8779 51.1641 50.849 41.213 39.9568 37.4072 35.5955 56.322 38.7794 47.0543 38.2476 35.3366 34.8991 33.1177 37.1576 38.3535 33.0931
threshold=-1.6792163879063084 1.0135940002009232 -3.6669179226167175 0.52294222304992355 0.34120141913783952 2.6948395857853402 0.14793360723791679 0.36184675560624185 22.500000000000004 1.5000000000000002 0.079015073822280027 0.92872795150970477 0.0027277845701783169 0.25103488868871843 0.12757644292878262 0.1873876750469208 26.017816543579105 0.31038333041442245 0.16202833503484729 0.50177277141717702 -0.72993643746746861 9.5000000000000018 0.1930175546656773 2.5000000000000004 0.31166290470802754 0.11146629974246026 14.200798511505129 39.500000000000007 0.0083100004121661204 0.29782957488807482
decision_type=2 2 2 10 10 2 2 10 2 10 2 10 10 10 2 10 8 2 8 10 2 2 2 8 10 8 8 2 10 2
left_child=2 3 19 6 10 11 12 -8 9 -9 -4 14 15 -14 -3 -2 -5 24 29 -1 21 22 -21 -22 -11 -20 27 28 -6 -16
right_child=1 5 4 16 26 -7 7 8 -10 17 -12 -13 13 -15 18 -17 -18 -19 25 20 23 -23 -24 -25 -26 -27 -28 -29 -30 -31
leaf_value=-0.049732186014622905 0.038620213776235333 0.046998952756172559 -0.012214502082294453 0.038036017678124132 -0.010328350161938607 0.056208676374100576 -0.014474988182107077 0.036597604954953455 0.027395770959571544 -0.028205856781081413 -0.037411507644808703 0.05032646498099657 -0.0010373490610673379 0.033253598945780727 0.011474061362238261 -0.031363127595062462 -0.00014337084491022019 -0.05098978718126921 -0.031894807923304812 0.17719281029767026 -0.008092993703743329 -0.042289333843690054 -0.043169688820037681 0.10798311462050569 0.03090670116799334 0.036325692387796232 -0.025393134416138247 -0.012575450573284547 0.033269943748255058 -0.04943037583324722
leaf_weight=11113.453923150897 291.48319713026285 312.75995951890945 283.72371650114655 855.29770518094301 67.840379122644663 8597.2612153589725 765.62037907168269 65.151617228984833 349.77043697610497 56.958564333617687 1205.0426397882402 787.42905659973621 478.20399161428213 145.95362796634436 148.99991808831692 27.741852749139071 77.034573405981064 72.268365122377872 19.374168381094933 3.5634558722376806 23.195232670754194 487.39495565742254 4.5089976228773594 9.1476806811988336 43.846958242356777 272.56487119197845 71.732993341982365 111.31037058308721 191.31338299438357 25.201689511537552
leaf_count=329715 1527 1827 4598 4210 497 60393 6671 325 1760 387 25443 4994 3203 680 714 175 350 422 85 65 447 13550 101 149 198 1373 562 938 1319 116
internal_value=-0.000977934 0.0441788 -0.0455381 0.0137113 -0.0238978 0.0538571 0.0051058 -0.00225218 0.0136605 -0.00653629 -0.032621 0.0409223 0.0156546 0.00702165 0.0313629 0.0324595 0.0348846 -0.0228905 0.0207936 -0.0491253 -0.036276 -0.040452 0.0629146 0.0269912 -0.00244289 0.0317049 0.00547832 0.0115082 0.0218611 0.00243119
internal_weight=26965.1 13392.9 13572.2 3229.33 1930.96 10163.6 2297 1353.62 587.996 238.226 1488.77 1566.33 943.383 624.158 778.901 319.225 932.332 173.074 466.141 11641.3 527.81 495.467 8.07245 32.3429 100.806 291.939 442.197 370.464 259.154 174.202
internal_count=466794 89410 377384 19908 33357 69502 15348 9763 3092 1332 30041 9109 5585 3883 4115 1702 4560 1007 2288 344027 14312 13716 166 596 585 1458 3316 2754 1816 830
is_linear=0
shrinkage=0.05


Tree=33
num_leaves=31
num_cat=0
split_feature=1 0 0 20 20 15 1 5 6 10 6 20 22 2 7 20 20 8 8 4 22 7 5 14 15 12 18 7 8 5
split_gain=20244.2 1391.41 580.444 252.014 206.9 84.3075 81.8839 77.6629 72.5257 59.693 54.813 45.2498 44.4525 50.9274 47.9787 43.9588 58.0421 43.0104 40.4875 70.995 42.3291 40.4189 39.4099 39.2565 37.4201 36.9131 34.9543 34.35 32.577 32.3393
threshold=-1.5169979663560127 0.79424687752584056 0.02659836753261097 0.52294222304992355 0.26437098744235843 0.74871732265472934 3.7319102804448829 0.19685361889601363 1.5000000000000002 20.503520965576175 9.5000000000000018 0.002037293193345864 0.55000000000000016 -0.7573567279531227 0.99950803166305813 0.25103488868871843 0.00082980951811599014 15.500000000000002 9.5000000000000018 5.5000000000000009 0.63333333333333341 0.99403126449162349 0.33836613956221445 -1.242453336715698 0.26848381390045911 0.084875196218490614 0.87204957008361828 0.99729214702971569 21.500000000000004 0.13968008911590576
decision_type=2 2 2 10 10 10 2 2 2 10 2 10 10 2 8 8 10 2 2 2 10 10 2 2 8 10 10 10 2 2
left_child=2 3 12 5 8 7 -3 15 11 22 -5 -4 -1 18 -15 16 27 -7 19 -14 25 -18 24 -6 -9 26 -20 -2 -11 -25
right_child=1 6 4 10 23 17 -8 9 -10 28 -12 -13 13 14 -16 -17 21 -19 20 -21 -22 -23 -24 29 -26 -27 -28 -29 -30 -31
leaf_value=-0.049478891445818948 0.047890061760005223 0.045825616595144975 0.02704628951899021 0.040708600381958199 0.018104520950055655 -0.020001853237704519 0.056405163213627929 -0.026713908882076899 -0.035198148145132939 -0.015481443518011798 -1.353856565668695e-05 -0.018654967829699724 -0.040031683568602969 0.00040234939567294626 0.17207977564640245 0.027035357147542984 0.0072619800666452339 0.043787812424727464 -0.022604163743780895 0.20829876382464776 -0.045727129452031418 -0.019250866130940594 -0.036319966694326168 0.019191748219353117 0.00064919112493244929 0.13745813513271643 0.14827398552138579 -0.0096518507603254068 0.042670811132230972 -0.01904723203773306
leaf_weight=10646.242802068591 111.67541761696339 2522.498815536499 72.170078605413437 904.42058872431517 304.10331102088094 29.806832477450371 6996.1713977754116 174.71080344542861 1160.4098637327552 33.443596161901951 90.933175355195999 207.83209681883454 7.0832245834171754 35.027381494641304 3.6054031662642947 342.00436470657587 535.97763413563371 201.17898686975241 38.049978364259005 3.5754136964678764 435.07007935643196 195.30244253948331 143.64322912693024 76.635267835110426 432.28693719208241 3.751750085502862 2.2448294833302489 33.302556648850441 81.253810856491327 191.6533230021596
leaf_count=330710 586 16621 938 4672 2289 162 51359 1610 24860 282 406 3276 159 664 43 1593 3303 959 1035 46 12628 1537 1001 555 2873 87 46 219 447 1669
internal_value=-0.000820128 0.0438969 -0.0443204 0.0159662 -0.0195908 0.0069123 0.0536066 0.00372697 -0.0296905 -0.00772155 0.036992 -0.00682122 -0.0487726 -0.0344766 0.0203617 0.0118586 0.00591101 0.0355055 -0.0388348 0.0539915 -0.041008 0.000164594 -0.01286 0.0058323 -0.00725765 0.0055853 -0.00972443 0.0346967 0.0257275 -0.00809376
internal_weight=26016.1 12828.6 13187.5 3309.94 2012.8 2314.59 9518.67 2083.6 1440.41 865.338 995.354 280.002 11174.7 528.408 38.6328 1218.26 876.258 230.986 489.775 10.6586 479.117 731.28 750.641 572.392 606.998 44.0466 40.2948 144.978 114.697 268.289
internal_count=466635 87630 379005 19650 33587 14572 67980 13451 29074 6213 5078 4214 345418 14708 707 7238 5645 1121 14001 205 13796 4840 5484 4513 4483 1168 1081 805 729 2224
is_linear=0
shrinkage=0.05


Tree=34
num_leaves=31
num_cat=0
split_feature=2 1 0 20 20 22 23 21 5 1 20 0 20 1 9 5 23 5 23 16 5 4 20 23 11 9 16 5 22 9
split_gain=18880 1167.98 790.6 257.158 208.659 71.4267 81.1957 76.3944 70.2898 67.8423 63.6709 56.7581 55.8714 45.5888 43.5307 41.869 38.0376 37.61 36.912 36.5501 34.0505 33.6349 39.8974 38.0862 33.2577 33.0982 33.0931 31.8579 44.6574 55.3116
threshold=-0.21628385131348601 1.7329172274859335 0.040392754896453019 0.34120141913783952 0.20175842069972319 0.55000000000000016 2.2500000000000004 0.99931361719526757 0.24105248701165391 -0.26516354677180948 0.0059637695006325873 0.98261091250295596 0.62170365681614881 -5.0453726706995541 0.071453761309385314 0.09990732169351306 0.75000000000000011 0.14980795468137861 1.2500000000000002 0.50706337919922928 0.22768333281933287 4.5000000000000009 0.50177277141717702 1.7500000000000002 1.0000000180025095e-35 0.00064768624724820267 0.69724607438813568 0.21168131374178589 0.77500000000000013 0.15772770345211032
decision_type=2 2 2 10 8 10 10 8 2 2 10 2 10 2 10 2 10 2 10 10 2 2 10 10 2 10 10 2 10 8
left_child=2 3 5 9 15 -1 13 -8 25 18 14 24 -10 -7 -11 -4 -14 19 -2 -15 21 -6 -23 -24 27 -5 -16 -3 29 -29
right_child=1 11 4 8 20 6 7 -9 12 10 -12 -13 16 17 26 -17 -18 -19 -20 -21 -22 22 23 -25 -26 -27 -28 28 -30 -31
leaf_value=-0.048959381133914556 0.011066031377257082 0.051309735847629934 -0.012627057346781266 -0.020827588294316614 0.049337130170631682 -0.046385886650671851 0.0046034067042715612 0.20267080860252451 0.0048754960693262912 0.045102021762356476 0.0032726198815914175 0.055915429801164034 -0.047532862933033979 0.0022264459379589445 -0.014439966991104579 -0.034580544947905578 0.038052900916532989 -0.031116115955683012 -0.011985121332946252 0.11351522683475111 -0.0065141090175152962 -0.0055266403277890903 0.0038766866947808885 0.047169063274907712 -0.0086822364838776301 0.044087731398948941 0.027621014429580468 -0.0068251660305754793 0.04988076935459803 0.03777167968544487
leaf_weight=10484.630273357034 248.10381268709898 1786.0388234108686 306.34320461750031 19.541805028915405 56.37156530469656 362.93341458961368 67.990413125604391 4.2482478208839884 295.76325216889381 211.89537278562784 541.04205952584743 6269.167663782835 12.702149629592894 30.64274287968874 72.044406324625015 758.97471493855119 322.86603444814682 71.588606521487236 573.01254068315029 8.7348763570189458 383.75527087971568 233.22887202724814 105.73519194871187 97.134889855980873 26.230237796902657 866.64829932898283 129.67567380517721 95.179426059126854 426.46316549181938 254.23209302127361
leaf_count=339802 1883 12655 4377 89 432 11271 1694 75 1385 1002 2814 47841 60 514 395 14747 1730 1461 5265 120 2982 2278 546 449 176 4629 631 625 3044 1696
internal_value=-0.00091262 0.0438718 -0.0428605 0.0184416 -0.0134302 -0.0480388 -0.0303091 0.0188597 0.0335487 0.00551985 0.0145769 0.0533241 0.020748 -0.0378281 0.0293203 -0.0282854 0.0346816 -0.00967406 -0.00501513 0.0291128 0.00464239 0.0133316 0.0085752 0.0247349 0.047028 0.0426344 0.0126018 0.0476016 0.0390105 0.0256387
internal_weight=25122.9 12150.6 12972.3 3293.3 1941.54 11030.8 546.138 72.2387 1517.52 1775.77 954.658 8857.31 631.331 473.9 413.615 1065.32 335.568 110.966 821.116 39.3776 876.226 492.471 436.099 202.87 2588.14 886.19 201.72 2561.91 775.875 349.412
internal_count=466668 85920 380748 19883 25811 354937 15135 1769 7893 11990 4842 66037 3175 13366 2028 19124 1790 2095 7148 634 6687 3705 3273 995 18196 4718 1026 18020 5365 2321
is_linear=0
shrinkage=0.05


Tree=35
num_leaves=31
num_cat=0
split_feature=1 0 1 20 20 0 1 6 6 10 8 23 6 20 10 23 9 6 17 21 8 18 20 23 6 13 8 22 17 22
split_gain=17907.1 1439.33 460.153 240.371 192.124 100.369 56.5833 56.0004 49.9806 45.1877 44.8884 37.7077 47.2811 37.2884 47.3291 41.5529 37.2389 37.1076 49.4241 36.9672 34.8219 33.011 32.3006 32.6547 32.0943 30.7023 29.9613 70.2172 29.3015 27.8857
threshold=-1.6792163879063084 0.84526821401807606 -3.9471222243434245 0.52294222304992355 0.20175842069972319 0.4933457107451279 3.7319102804448829 11.500000000000002 1.5000000000000002 1.3230550289154055 22.500000000000004 1.2500000000000002 3.5000000000000004 0.47708764606614451 14.500980377197267 1.2500000000000002 0.032463075593113906 2.5000000000000004 0.82241514325141918 0.22560929307455033 22.500000000000004 0.30540159344673162 0.39961090247063058 0.75000000000000011 1.5000000000000002 40.500000000000007 9.5000000000000018 0.36666666666666675 0.14436665177345279 0.55000000000000016
decision_type=2 2 2 10 8 2 2 2 2 10 2 10 2 10 8 10 10 2 10 10 2 10 8 10 2 2 2 8 8 10
left_child=2 3 29 5 8 17 26 11 9 -4 16 12 -5 24 15 -15 19 -2 20 -7 -19 -11 23 -18 -6 -17 27 -3 -22 -1
right_child=1 6 4 7 13 10 -8 -9 -10 21 -12 -13 -14 14 -16 25 22 18 -20 -21 28 -23 -24 -25 -26 -27 -28 -29 -30 -31
leaf_value=-0.049391091175693576 0.010115565930691101 -0.090116654760158399 -0.022583010977235463 0.03899123322381802 0.025735803275710775 0.045394266991150546 0.055117527893941393 -0.019244658184142116 -0.038719528894084775 0.018774236741397863 0.027915846935721047 0.040941033547852342 -0.014243455293261473 -0.016698722558928274 -0.029618376609704136 0.037362941430326729 0.043057223177226343 -0.023258001633381421 0.019917546163034882 -0.02196355688779747 -0.016418841584117074 0.16222782324860996 0.021656732206642774 -0.018218938212839889 -0.020118447991162695 -0.00092194241839092946 0.046736496034124164 0.036057055756255417 0.0072061884269510922 -0.036612470963692481
leaf_weight=9443.5848245341331 509.60612724721432 12.367191061377524 214.88593646883965 91.368948832154274 42.871973764151335 93.675173997879028 6485.4671164304018 45.507695570588112 1091.9147979803383 32.224294040352106 609.10002379119396 929.46005472540855 75.314014680683613 73.132697116583586 67.028376869857311 174.93915406987071 23.322664350271225 345.39846917614341 151.59884314239025 25.295609712600708 228.27310006693006 3.6464014723896971 103.20953160524368 207.29650068283081 297.91036458313465 74.491324912756681 2028.9488437473774 62.390599772334099 306.0489951223135 462.15936153940856
leaf_count=322578 3285 73 3991 487 534 447 51424 203 27749 614 2966 5080 364 555 552 1102 108 3286 772 119 2187 69 489 1084 4905 596 14449 442 2355 14246
internal_value=-0.000774951 0.0415125 -0.044315 0.0156377 -0.0228772 0.00724203 0.0527896 0.0347557 -0.0340969 -0.0138936 0.0190618 0.037013 0.0149962 -0.00223325 0.00832377 0.0162753 0.0071162 -0.000910431 -0.00636323 0.0310089 -0.0109096 0.0373613 -0.00146593 -0.0118629 -0.0142914 0.0259713 0.0455901 0.0142701 -0.00289871 -0.0487987
internal_weight=24312.4 12333.6 11978.8 3744.48 2073.05 2602.83 8589.17 1141.65 1342.67 250.757 1061.9 1096.14 166.683 730.374 389.592 322.563 452.799 1540.93 1031.32 118.971 879.721 35.8707 333.829 230.619 340.782 249.43 2103.71 74.7578 534.322 9905.74
internal_count=467111 89620 377491 23232 40667 17098 66388 6134 32423 4674 5213 5931 851 8244 2805 2253 2247 11885 8600 566 7828 683 1681 1192 5439 1698 14964 515 4542 336824
is_linear=0
shrinkage=0.05


Tree=36
num_leaves=31
num_cat=0
split_feature=0 0 0 20 20 5 0 15 0 5 7 21 20 0 7 23 9 15 9 19 5 18 5 22 17 9 5 20 16 11
split_gain=16661.7 1462.41 461.034 230.541 149.584 74.5288 68.2684 56.272 52.6644 51.1643 49.3391 48.0884 43.5333 52.9914 75.0968 60.2715 36.8718 41.1062 36.7471 44.1032 35.873 35.7767 31.8248 48.0815 51.1953 36.5333 26.9498 36.6563 30.149 25.8639
threshold=0.15544587012063948 0.84526821401807606 0.02659836753261097 0.34120141913783952 0.19399264133217373 0.22621104459136629 0.42889076636199819 0.45838956010634618 0.98261091250295596 0.077489659699272684 0.95720215444677115 0.89139992028206028 0.50177277141717702 0.0018421726805738054 0.999622294708572 1.7500000000000002 0.013068102300167085 0.53468808364600318 0.15772770345211032 6.5000000000000009 0.079820154256605408 0.21980722248554233 0.21168131374178589 0.77500000000000013 0.11414877325296403 0.15772770345211032 0.086233760622552322 0.38563252078356985 0.17167763237263711 1.0000000180025095e-35
decision_type=2 2 2 10 8 2 2 8 2 2 8 10 10 2 10 10 8 10 8 10 2 10 2 10 8 8 2 10 10 2
left_child=2 3 12 6 20 -5 10 -7 22 -8 -2 -9 -1 -14 -15 -16 -11 -18 19 -13 -4 -19 29 24 -24 -26 28 -28 -6 -3
right_child=1 8 4 5 26 7 9 11 -10 16 -12 18 13 14 15 -17 17 21 -20 -21 -22 -23 23 -25 25 -27 27 -29 -30 -31
leaf_value=-0.048874611709086836 0.014795645283847112 0.0504911188019255 -0.013989536622583171 0.03848978497641585 0.011182821852529735 -0.0027231293972748826 0.042077365570565184 0.0059412564029190165 0.054758199337420425 0.039448305104592331 -0.011118420503177427 0.027446168791457195 -0.046286933016659065 -0.018715044768983492 -0.019346898749618868 0.24679462240876926 -0.0038868961056528102 0.0023346102918803402 0.04349468775354106 -0.056246355746622713 -0.036469590570913542 0.039449162176391904 -0.050737086987642045 0.048644405801694671 -0.00020371975110784884 0.03834009416267798 -0.021326264751666914 0.004609605283126139 0.093452841671439191 0.00028395050080602137
leaf_weight=9276.2692176327109 233.4514461569488 1693.7926999777555 228.04196441918612 850.4600402712822 53.065327934920788 244.57580953091383 128.21403075754642 203.34684584289789 5789.0690702274442 83.962710425257683 848.14480845630169 58.124269813299179 290.75171501561999 171.98541306890547 3.4999444782733908 3.9374644197523594 487.09499453753233 131.21483093500137 315.6342131793499 20.459870487451553 827.64704125747085 127.7966935634613 21.081214904785156 414.37868383526802 83.499777600169182 231.99311432242393 210.97651951760054 380.52574563026428 13.215902242809532 26.05665896832943
leaf_count=330730 1487 12818 4018 4601 569 1266 624 910 47769 384 8096 320 9739 4592 84 53 2710 592 1754 107 20701 579 142 3155 568 1631 3521 2704 105 176
internal_value=-0.000803203 0.0403931 -0.0439133 0.014414 -0.019979 0.02805 0.00309119 0.0174739 0.0521295 0.0128023 -0.00551664 0.025731 -0.0481186 -0.0331305 -0.0116723 0.134103 0.00823524 0.00467459 0.0358981 0.00522334 -0.0316315 0.0207283 0.0459507 0.0372381 0.0230925 0.0281705 -0.00125817 -0.00466156 0.0287319 0.0497311
internal_weight=23452.3 11992.4 11459.9 3732.48 1713.47 1692.6 2039.88 842.141 8259.87 958.283 1081.6 597.565 9746.44 470.175 179.423 7.43741 830.069 746.107 394.218 78.5841 1055.69 259.012 2470.8 750.953 336.574 315.493 657.783 591.502 66.2812 1719.85
internal_count=466505 89689 376816 23430 31618 8958 14472 4357 66259 4889 9583 3091 345198 14468 4729 137 4265 3881 2181 427 24719 1171 18490 5496 2341 2199 6899 6225 674 12994
is_linear=0
shrinkage=0.05


Tree=37
num_leaves=31
num_cat=0
split_feature=1 1 1 21 22 5 1 6 10 18 5 1 1 17 8 18 24 22 8 4 23 21 12 5 22 8 12 21 5 21
split_gain=15488.1 1462.09 467.976 201.164 148.017 75.0904 58.0842 54.0635 58.5746 57.1061 64.0053 49.435 49.0619 48.4108 39.9939 38.8509 35.932 32.5984 49.5415 60.621 47.6404 44.0443 35.4569 32.3258 43.1646 44.7478 53.6258 47.4377 47.0546 33.3447
threshold=-1.6792163879063084 1.7329172274859335 -3.9471222243434245 0.89139992028206028 0.29166666666666669 0.11813603805982366 4.0437913338224485 1.5000000000000002 1.0001800656318667 0.30540159344673162 0.049497419386943173 0.29575346466266556 -0.26516354677180948 0.91187036037445079 21.500000000000004 0.017169395461678508 2.5000000000000004 0.55000000000000016 9.5000000000000018 5.5000000000000009 2.2500000000000004 0.99931361719526757 0.083480861037969603 0.21294975713976858 0.77500000000000013 16.500000000000004 0.014930877368897201 0.1626933695459781 0.38477658318641778 0.99739596534858621
decision_type=2 2 2 10 8 2 2 2 10 10 2 2 2 10 2 10 10 10 2 2 10 8 10 2 10 2 8 8 2 8
left_child=2 3 17 5 7 11 23 8 -4 10 -10 -2 -5 14 -7 -15 -17 -1 19 -19 -20 22 -22 -3 25 27 29 -25 -28 -27
right_child=1 6 4 12 -6 13 -8 -9 9 -11 -12 -13 -14 15 -16 16 -18 18 20 -21 21 -23 -24 24 -26 26 28 -29 -30 -31
leaf_value=-0.048950259119701037 0.0098968030235682819 0.048668171516341813 -0.020918750922616646 0.017104184522075003 -0.0024169041294110263 -0.0154195796905559 0.054197341686876156 -0.036149564824211562 0.19585208503939805 0.2015250397124565 -0.0028840037472251103 0.038872144424715038 0.036691568814216764 -0.033646572914187413 0.0019679218588773079 0.037575018031428785 -0.002027206419700583 -0.030395530685335095 -0.043822586101593272 0.2033693959172018 -0.020641964624904502 0.14844740522398359 0.12007116648825006 -0.098595090055375395 0.047056746772523333 0.005966717081426807 0.047392483783941126 0.0067110233842582051 -0.060706280952100192 -0.092693265115952855
leaf_weight=8615.0455605089664 531.5075026191771 1661.3735781759024 205.80161545425653 535.41001020371914 675.2368099745363 560.09263667091727 5533.7764992564917 1059.9830516986549 3.6204598862677804 4.0815935116261235 32.672032341361046 203.17412534356117 803.72612306475639 32.11044604331255 805.01844630017877 166.2906151637435 86.948599331080914 5.9673172421753389 364.80865839123726 3.8492005243897438 47.042244436219335 3.9498569741845122 3.9404338393360367 12.366201899945734 395.85176806151867 40.620522037148476 207.65478862076998 52.965378507971764 9.7456726208329183 9.8173099607229215
leaf_count=322813 3084 13002 3946 2701 7336 4527 47510 28490 68 62 634 1053 4842 178 5831 774 407 159 12422 46 1399 67 90 72 3122 271 1491 384 67 69
internal_value=-0.00098116 0.0392218 -0.0434534 0.0133779 -0.0214299 0.00466644 0.0513649 -0.0312496 -0.0100906 0.0442761 0.0216616 0.0179518 0.0288788 -0.00125466 -0.00517208 0.0174388 0.0240233 -0.0482751 -0.0346527 0.0715945 -0.0373017 0.00601279 -0.00766568 0.0447879 0.0358905 0.0225224 0.0315505 -0.0144076 0.0422908 -0.0146654
internal_weight=22674.4 11648.5 11026 3724.28 1981.4 2385.14 7924.17 1306.16 246.176 40.3741 36.2925 734.682 1339.14 1650.46 1365.11 285.35 253.239 9044.6 429.558 9.81652 419.741 54.9325 50.9827 2390.4 729.022 333.17 267.838 65.3316 217.4 50.4378
internal_count=466917 89385 377532 23397 40536 15854 65988 33200 4710 764 702 4137 7543 11717 10358 1359 1181 336996 14183 205 13978 1556 1489 18478 5476 2354 1898 456 1558 340
is_linear=0
shrinkage=0.05


Tree=38
num_leaves=31
num_cat=0
split_feature=2 1 0 20 20 15 0 5 20 1 21 0 21 9 8 10 5 5 8 7 8 10 20 15 9 21 7 8 4 5
split_gain=14602.5 1215.63 667.222 183.519 174.615 75.7094 61.462 56.9209 47.4964 59.7743 66.0737 42.7933 43.1452 41.6203 39.1495 38.273 36.0498 35.693 33.8243 32.9498 39.5023 51.9465 32.8664 32.1403 40.0497 31.7252 51.9502 42.7424 74.3973 42.2973
threshold=-0.25042614759950005 1.7329172274859335 0.02659836753261097 0.490049018139885 0.20175842069972319 0.69192599075605388 0.98261091250295596 0.077489659699272684 0.50177277141717702 -6.0717557889768878 0.99907348638398585 0.37347098083944946 0.92872795150970477 0.40277279913425451 9.5000000000000018 0.2674796879291535 0.32024815881366248 0.084499975364643667 15.500000000000002 0.95230952553122394 21.500000000000004 22.772222518920902 0.00075956683546630533 0.13237796906251187 0.39950329065322882 0.97708211925050803 0.99955583662882519 9.5000000000000018 7.5000000000000009 0.12334561162925557
decision_type=2 2 2 10 8 10 2 2 10 2 10 2 10 8 2 10 2 2 2 8 2 10 10 8 10 10 10 2 2 2
left_child=2 3 8 5 17 7 25 15 -1 -10 14 -5 16 -12 -11 -2 -13 -4 -7 -9 22 -22 -21 24 -6 26 27 28 -3 -29
right_child=1 6 4 11 23 18 -8 19 9 10 13 12 -14 -15 -16 -17 -18 -19 -20 20 21 -23 -24 -25 -26 -27 -28 29 -30 -31
leaf_value=-0.0485319304399697 0.0094563003849222737 0.032810887078067813 -0.011893082379581704 0.013660546196856789 -0.0027251677940793137 -0.01563489786879806 0.053753500671889089 0.01648039027553725 -0.045156854662263185 0.11312855571898357 0.16022538085721033 0.033847333489757568 0.042649264399225784 -0.031157955069848017 -0.021252006181786083 0.044268479519989377 -0.0081206506845821411 -0.03339711883178563 0.036599063121274839 0.0067284953608902076 -0.0010708418679327653 0.046446571679121224 -0.022058445204479381 0.0077146769304847849 -0.048149542392824859 0.050160302294402749 -0.044690623126203755 0.051041867464217384 -0.12695986233938408 0.031742966905315945
leaf_weight=8477.4854946620762 251.33056443184614 22.720470353960991 248.77046673744917 274.00443833693862 218.58761506527662 34.756265088915825 5357.345301002264 219.57800430245697 283.21891159750521 4.6536193341016761 8.1008518990129197 122.58102650940418 661.00674678385258 3.7150244507938632 139.06221532821655 114.63788282684982 86.775427162647247 882.97740875929594 251.88092099130154 131.17333296500146 749.53891979716718 61.293133497238159 400.22026333399117 590.10316071845591 61.420200008898973 1076.4897955283523 17.826702632009983 555.8174497410655 9.539081081748007 597.44897025078535
leaf_count=331361 1464 164 4272 1296 2414 179 47869 1315 10250 64 157 607 4183 88 3835 669 386 21369 1272 956 5629 351 3265 4838 706 8960 113 4535 57 4357
internal_value=-0.000883157 0.0397855 -0.0418417 0.0147111 -0.0157458 0.00630368 0.0508096 0.00273182 -0.0476983 -0.0315183 -0.00655292 0.0309603 0.0363846 0.102317 -0.016149 0.020452 0.0164963 -0.028685 0.0302331 -0.00143087 -0.0043711 0.00257392 -0.0149532 0.00109774 -0.012825 0.0438713 0.0382084 0.0394916 -0.0168298 0.0410802
internal_weight=21914.1 10996 10918.1 3358.78 2001.86 2214.41 7637.19 1927.77 8916.24 438.751 155.532 1144.37 870.363 11.8159 143.716 365.968 209.356 1131.75 286.637 1561.8 1342.23 810.832 531.394 870.111 280.008 2279.84 1203.35 1185.53 32.2596 1153.27
internal_count=466981 87627 379354 21572 33599 15100 66055 13649 345755 14394 4144 6472 5176 245 3899 2133 993 25641 1451 11516 10201 5980 4221 7958 3120 18186 9226 9113 221 8892
is_linear=0
shrinkage=0.05


Tree=39
num_leaves=31
num_cat=0
split_feature=2 2 3 20 5 20 15 7 20 6 23 15 9 15 8 23 16 8 18 7 16 23 6 20 12 8 15 12 2 5
split_gain=13706.8 714.338 459.486 231.885 228.782 205 85.7654 92.8197 73.2136 69.4706 64.3227 54.6322 52.059 48.5567 43.639 44.9867 41.7536 41.413 45.6966 40.2937 39.7763 39.6723 39.2365 38.6542 37.3992 42.4548 36.4091 36.8634 36.0575 33.1543
threshold=-0.18056398192202078 -0.68675701571510428 1.5000000000000002 0.4955099802891208 0.14346813408800199 0.11277237412252998 0.78451466859691099 0.79522882073773971 0.50177277141717702 8.5000000000000018 2.2500000000000004 0.13237796906251187 0.064667854458093657 0.4948449424015699 17.500000000000004 0.75000000000000011 0.43716538429211399 15.500000000000002 0.74490222334861766 0.99936819022589762 0.89254924122460078 1.7500000000000002 1.5000000000000002 0.62170365681614881 0.076193455606699004 16.500000000000004 0.34724831869222156 0.015784855931997303 -0.93734811075884117 0.071121763255493825
decision_type=2 2 2 10 2 8 10 10 10 2 10 8 8 10 2 10 10 2 10 10 8 10 2 10 10 2 10 8 2 2
left_child=1 8 3 4 12 21 7 -6 28 -5 22 -7 -2 -14 15 -9 -17 18 -8 24 -11 26 -10 -4 -12 -26 29 -28 -1 -3
right_child=2 5 23 9 6 11 17 14 10 20 19 -13 13 -15 -16 16 -18 -19 -20 -21 -22 -23 -24 -25 25 -27 27 -29 -30 -31
leaf_value=-0.049104705251988123 0.049409708087558825 0.00073235244837334043 -0.00074548093717196511 0.051511345176484181 0.048215202737143761 -0.01482232623224985 0.015892762840991153 0.018764262656863127 0.039562179436186652 -0.020880426370145852 -0.01429515881874158 0.010336916118860591 0.026499658910209917 0.049964901662719885 0.012927956025733928 -0.0031213100653182282 -0.052139108636062872 0.042438120376778826 -0.10590082500297093 0.10425275059549617 0.033154736993744008 -0.03904824242328165 -0.038961571391439465 0.026932854090465877 -0.012298530686361784 0.19067640439663458 0.11218627646841302 0.0011639385571840925 -0.040334904003632217 -0.031217323932011737
leaf_weight=6823.3007027991116 1593.9233963079751 105.61404645256698 673.37718982435763 5073.6349645406008 154.58643438667059 312.10625847429037 53.631703600287437 84.981304354965687 15.807746604084967 39.478419296443462 65.751288499683142 693.19575366564095 641.27638066187501 339.7750797867775 727.38922444730997 95.774406969547272 78.717156551778316 441.83150091022253 7.9654996991157523 9.4048020374029857 222.43693089485168 515.02063784748316 390.59104012139142 154.2031287997961 4.9852082300931198 4.091980678960681 8.0054674558341485 44.172799604013562 1457.2304415255785 349.58725358173251
leaf_count=280286 13401 1781 5286 44233 1281 4612 415 567 369 196 1516 6023 4645 2841 4506 697 523 3361 59 155 1689 13860 12332 766 94 86 87 638 51003 9430
internal_value=-0.000832159 -0.0402695 0.0401848 0.0432799 0.034504 -0.0135152 0.0199194 0.0123184 -0.0464523 0.050213 -0.0275902 0.00251901 0.0438093 0.0346692 0.00665226 -0.0109227 -0.0254055 0.0370949 -0.00129726 0.0120589 0.0249616 -0.0292683 -0.0358176 0.00443811 -0.000750496 0.0890438 -0.0192837 0.0199869 -0.0475664 -0.0238191
internal_weight=21181.8 10798.9 10383 9555.4 4219.85 2027.7 1644.88 1141.45 8771.16 5335.55 490.632 1005.3 2574.97 981.051 986.862 259.473 174.492 503.429 61.5972 84.2333 261.915 1022.4 406.399 827.58 74.8285 9.07719 507.38 52.1783 8280.53 455.201
internal_count=466738 382272 84466 78414 32296 36431 11409 7574 345841 46118 14552 10635 20887 7486 6293 1787 1220 3835 474 1851 1885 25796 12701 6052 1696 180 11936 725 331289 11211
is_linear=0
shrinkage=0.05


Tree=40
num_leaves=31
num_cat=0
split_feature=1 1 0 20 20 15 0 9 20 20 12 13 23 8 24 23 8 8 0 20 1 8 23 12 8 4 20 10 12 8
split_gain=12987.8 1400.48 333.504 192.223 144.951 83.2573 68.708 56.3683 88.4459 63.1684 52.0216 49.2898 48.9267 49.2843 48.9013 41.5856 41.7668 37.5842 36.8032 34.029 46.3501 49.9177 31.6896 41.0952 30.0836 73.8858 29.2557 41.5011 29.7311 29.1378
threshold=-1.9877828820414971 1.7329172274859335 0.017627964220518825 0.52294222304992355 0.12369876004917867 0.67200047928370632 0.97984966106328752 0.025245050899684433 0.17196969134905246 0.042815771166379836 0.07040616869926454 84.500000000000014 2.2500000000000004 28.500000000000004 2.5000000000000004 1.7500000000000002 40.500000000000007 15.500000000000002 0.37347098083944946 0.50177277141717702 -6.2131178310611288 9.5000000000000018 2.2500000000000004 0.0084725697524845617 9.5000000000000018 7.5000000000000009 0.47708764606614451 14.500980377197267 0.0060615688562393197 6.5000000000000009
decision_type=2 2 2 10 8 10 2 10 10 10 10 2 10 2 10 10 2 2 2 10 2 2 10 8 2 2 10 10 10 2
left_child=2 3 19 5 -4 7 24 9 15 12 11 -10 13 14 -2 29 -17 -7 -5 -1 -21 -22 -23 -24 25 -3 -6 28 -28 -9
right_child=1 6 4 18 26 17 -8 8 10 -11 -12 -13 -14 -15 -16 16 -18 -19 -20 20 21 22 23 -25 -26 -27 27 -29 -30 -31
leaf_value=-0.048685929154391051 0.015957448841179733 0.029097514294343121 -0.035233773895497721 0.017171271159511718 -0.014974312999234735 -0.01231931622680678 0.052463820687024987 0.083810505182511708 0.012570598083465773 -0.0083105915013204044 0.034233745379482247 -0.018101007979383278 -0.023792138210030098 0.071094181097433595 0.074723158925611599 -0.030337620504516133 0.020764533174980129 0.032838174754567954 0.036258507082545126 -0.045496783635533861 0.12997292786112186 -0.028849352078511331 0.14423294973809495 -0.0010062725908492704 0.042581354300278644 -0.11808046822984597 -0.022012362515956247 -0.038400264403408206 0.021205204502924638 -0.0055066782518309564
leaf_weight=7456.6955964751542 320.28748017549515 61.556446902453899 981.34244613349438 388.83105634152889 340.43074816465378 52.849997948855162 5141.9569246247411 8.2890973202884179 408.68640140816569 217.4828393496573 167.23139833286405 191.56479315087199 46.867738887667656 60.587757967412472 38.9694401063025 374.11492780596018 44.052527260035276 335.7180975228548 735.95045849680901 253.74898448958993 5.2076700162142506 95.329628383740783 5.2926100715994862 21.488501410931349 1888.8947188556194 8.8783614933490735 47.577767390757799 43.869247023016214 222.13278043083847 543.17904533445835
leaf_count=320692 1970 507 29461 1839 7146 305 49553 59 2407 1520 975 1153 397 383 244 4104 378 1785 4640 9884 68 3237 101 608 15912 50 389 422 1688 4992
internal_value=-0.000706645 0.0361562 -0.0436502 0.0122233 -0.023091 0.0052269 0.0494133 0.0017745 -0.00301425 0.0139194 0.00966005 0.0027682 0.0242739 0.0296834 0.0225216 -0.0130458 -0.0249175 0.0266803 0.0296813 -0.0479364 -0.0331813 -0.00847303 -0.0153851 0.0318552 0.0413849 0.00915234 -0.00484483 0.00616465 0.0135283 -0.00401488
internal_weight=20509.1 11035.9 9473.12 3934.66 1635.35 2809.88 7101.29 2421.31 1737.12 684.195 767.483 600.251 466.712 419.845 359.257 969.636 418.167 388.568 1124.78 7837.76 381.067 127.318 122.111 26.7811 1959.33 70.4348 654.011 313.58 269.711 551.468
internal_count=466869 93173 373696 27151 39106 20672 66022 18582 14068 4514 4535 3560 2994 2597 2214 9533 4482 2090 6479 334590 13898 4014 3946 709 16469 557 9645 2499 2077 5051
is_linear=0
shrinkage=0.05


Tree=41
num_leaves=31
num_cat=0
split_feature=1 0 1 20 20 15 5 8 15 8 5 10 23 12 20 0 18 8 5 16 5 20 9 23 20 0 16 12 9 20
split_gain=12045.8 1459.95 334.346 219.467 134.096 101.614 92.2602 51.9833 53.3531 50.0241 44.8442 49.0833 53.4927 45.7199 45.1892 43.8041 40.6943 37.4268 35.4711 37.2527 32.8749 35.5427 34.1236 32.9215 32.6864 43.8674 32.9868 32.4695 35.6823 32.1933
threshold=-1.9877828820414971 0.88708357206781241 -3.9471222243434245 0.52294222304992355 0.34120141913783952 0.74871732265472934 0.096420905153565731 22.500000000000004 0.23714372328115066 15.500000000000002 0.32024815881366248 14.500980377197267 0.75000000000000011 0.12096472457051279 0.9955496575034064 0.98261091250295596 0.086275476962327971 31.500000000000004 0.080648115136314188 0.17167763237263711 0.28722961093366223 0.31166290470802754 0.013496496248990299 0.75000000000000011 0.50177277141717702 0.0017936777910571332 0.99956271808826513 0.033904535695910461 0.013068102300167085 0.087929044516326063
decision_type=2 2 2 10 10 10 2 2 10 2 2 10 10 8 10 2 10 2 2 10 2 8 10 10 10 2 10 10 8 10
left_child=2 3 24 5 18 6 -2 20 16 -7 13 12 -12 -5 -15 -3 -9 -14 19 -4 21 22 29 -24 -1 -26 -27 28 -10 -8
right_child=1 15 4 10 -6 9 7 8 27 -11 11 -13 17 14 -16 -17 -18 -19 -20 -21 -22 -23 23 -25 25 26 -28 -29 -30 -31
leaf_value=-0.048296606795458955 0.017212373742850177 0.042997290777124164 -0.019775609098107827 0.037153275901453654 0.0038208889505488546 -0.019475925875696524 0.025413566811363641 0.00058497368380963286 0.068748948589758413 0.038644807382043539 -0.066749095656892826 -0.032239912394516339 0.034930628473019434 0.017331307229737729 -0.078608945756395154 0.052115822476765883 -0.029909116726596238 -0.045410482363231051 -0.034759575413142028 0.044079008214281144 -0.029465784204150032 0.009340769765764435 0.027084920143853421 -0.028003126029740782 -0.045980279962775761 -0.014142909963541495 0.13874169308506798 0.02513217637637126 -0.0074641006756619166 -0.037250460411140579
leaf_weight=7167.9623110834509 644.65757378190756 1878.0055671036243 205.17170036584139 906.47381184995174 380.22924044728279 42.163651879876852 78.118661936372519 398.02742193639278 15.779963623732327 273.71540847793221 14.93311822414398 51.818057678639889 181.87473652511835 48.65902503579855 15.311023838818071 4751.1272572800517 149.85898005962372 14.893304139375685 926.10748337395489 24.736812135204673 235.55907667055726 208.04617235809565 28.899939049035311 312.82221650704741 233.27990966103971 133.54570421017706 2.6278695929795495 300.00383348017931 180.25556711480021 26.701208159327507
leaf_count=322718 3889 16721 4731 5644 3397 249 551 3465 87 1530 77 262 1064 280 84 47723 1606 72 28084 563 1981 1136 271 3341 9504 4314 58 1784 1130 222
internal_value=-0.000782276 0.0350048 -0.0432105 0.0116605 -0.0219301 0.00412998 0.000846263 -0.0046149 0.00295422 0.0308499 0.0293077 0.0109627 0.0216392 0.0342728 -0.00648817 0.0495395 -0.00779513 0.0286508 -0.0303959 -0.0127441 -0.013485 -0.00769799 -0.0156396 -0.0232788 -0.0475443 -0.0328565 -0.0102026 0.0148189 -0.00101152 0.00924972
internal_weight=19831.4 10757.7 9073.66 4128.57 1536.25 2894.61 2578.73 1934.07 1043.93 315.879 1233.96 263.519 211.701 970.444 63.97 6629.13 547.886 196.768 1156.02 229.909 890.147 654.588 446.542 341.722 7537.42 369.453 136.174 496.039 196.036 104.82
internal_count=466538 93169 373369 28725 36775 21242 19463 15574 8072 1779 7483 1475 1213 6008 364 64444 5071 1136 33378 5294 7502 5521 4385 3612 336594 13876 4372 3001 1217 773
is_linear=0
shrinkage=0.05


Tree=42
num_leaves=31
num_cat=0
split_feature=1 0 1 20 20 0 0 5 6 12 21 23 21 6 9 21 5 20 20 8 5 20 8 5 12 8 9 9 17 22
split_gain=11251.7 1417.79 330.428 187.154 139.676 70.1321 54.1137 49.3553 44.952 42.9314 52.2688 42.5026 41.2916 38.6699 34.4612 34.8674 33.3694 50.7966 40.1155 33.2497 33.1358 36.9163 34.3095 31.5564 31.6619 29.9927 34.4232 30.395 29.9734 28.0166
threshold=-1.9877828820414971 0.88708357206781241 -4.1372953461294122 0.62170365681614881 0.34120141913783952 0.4933457107451279 0.97984966106328752 0.077489659699272684 1.5000000000000002 0.11648071929812433 0.99722602962051865 0.75000000000000011 0.29216962323919393 11.500000000000002 0.4060028493404389 0.99931361719526757 0.29782957488807482 0.28861045437007299 0.0017672224407765198 20.500000000000004 0.11590495502428315 0.21533798121848444 6.5000000000000009 0.21168131374178589 0.015351991169154646 29.500000000000004 0.013496496248990299 0.3027008324861527 0.32552114129066473 0.45000000000000007
decision_type=2 2 2 10 10 2 2 2 2 10 10 10 10 2 8 10 2 8 10 2 2 8 2 2 8 2 10 8 8 10
left_child=2 3 29 5 8 20 23 -7 12 11 -11 -5 -4 -13 15 -6 17 18 -9 -20 -2 22 -22 -3 -25 26 -24 -27 -29 -1
right_child=1 6 4 9 14 7 -8 16 -10 10 -12 13 -14 -15 -16 -17 -18 -19 19 -21 21 -23 25 24 -26 27 -28 28 -30 -31
leaf_value=-0.048413520718204685 0.0087473263322103197 0.045537721656225466 -0.015092007611047183 -0.020565384246449839 0.0083959153735615466 0.04320332503442284 0.051539357353262927 0.027275464651002876 -0.03521373356117493 0.029252258703646589 -0.067561589946550787 0.037390565447073032 0.085226552430728797 -0.024655795284916203 -0.023039247546661173 0.10623865393246637 -0.0065351948421178419 0.028033587525494771 -0.029190991830988153 0.0047343927609435664 0.097682373688924296 0.0027017465444359135 0.0083823326520877494 0.0052198037755342803 0.036618751202777258 -0.021349360165429838 -0.028291176309255428 -0.0089659104342899414 0.050605595041524565 -0.036140050316800378
leaf_weight=6554.7166605815291 598.82897881790996 1125.4452829360962 210.45473404973745 34.543858975172043 293.88139362446964 131.04266510158777 4747.2916685044765 141.71792763471603 1028.2101259883493 31.962674207985401 23.204620212316513 827.65345984697342 9.7919062413275224 25.245166189968586 94.096993776038289 8.410144539549945 221.12638392299414 416.68557056039572 95.397302441298962 287.20150752365589 5.7716726772487155 655.93932993710041 76.644869174808264 101.00505981594324 397.48405675590038 66.507877469062805 374.71966567635536 38.20665280893445 45.496899530291557 516.86984901502728
leaf_count=309598 3964 10399 5060 182 2755 774 49601 715 33440 196 130 5343 203 122 945 63 1115 2388 519 1467 54 4002 704 853 3507 851 5237 569 389 21521
internal_value=-0.000864221 0.0340731 -0.0428257 0.0111262 -0.0226202 0.00528161 0.0488282 0.0142218 -0.0308245 0.0306638 -0.0119477 0.0333232 -0.0102669 0.0355273 0.0032325 0.0114593 0.0109195 0.0150238 0.00465095 -0.00377862 -0.000931354 -0.00552258 -0.0143947 0.0408756 0.0302798 -0.0156304 -0.022059 0.00370494 0.0236292 -0.0475217
internal_weight=19185.6 10469.1 8716.43 4097.9 1644.85 3155.29 6371.23 1293.17 1248.46 942.61 55.1673 887.442 220.247 852.899 396.389 302.292 1162.13 941.002 524.317 382.599 1862.12 1263.29 607.348 1623.93 498.489 601.576 451.365 150.211 83.7036 7071.59
internal_count=466666 93081 373585 28721 42466 22748 64360 6978 38703 5973 326 5647 5263 5465 3763 2818 6204 5089 2701 1986 15770 11806 7804 14759 4360 7750 5941 1809 958 331119
is_linear=0
shrinkage=0.05


Tree=43
num_leaves=31
num_cat=0
split_feature=2 1 1 20 21 1 23 8 15 5 20 20 8 11 1 17 0 20 23 16 9 8 21 8 5 4 5 22 23 8
split_gain=10498.2 1143.08 590.474 195.14 150.029 66.1123 46.7461 78.2813 59.3253 58.2932 50.8079 43.2265 36.2138 35.019 34.6194 34.5051 34.3243 32.8162 52.3306 38.9848 34.2122 31.4102 31.1156 46.3075 49.42 34.1246 30.977 30.9246 43.3309 39.6286
threshold=-0.28263150257780745 1.7329172274859335 -4.1372953461294122 0.19938294061658365 0.89139992028206028 3.7319102804448829 2.2500000000000004 40.500000000000007 0.55455306088303169 0.17320456165285023 0.18130302659877209 0.39961090247063058 15.500000000000002 1.0000000180025095e-35 0.29575346466266556 0.87072023749351513 0.37347098083944946 0.59944378300918599 2.2500000000000004 0.86967306080882389 0.20691268146038058 22.500000000000004 0.96764986981988022 9.5000000000000018 0.11949072949918471 7.5000000000000009 0.074957171986999985 0.55000000000000016 2.2500000000000004 9.5000000000000018
decision_type=2 2 2 8 10 2 10 2 10 2 10 10 2 2 2 10 2 10 10 10 10 2 10 2 2 2 2 10 10 2
left_child=2 4 27 13 6 22 8 10 9 14 -8 21 -10 -4 -2 17 -13 26 20 -20 -19 -6 23 25 -25 -3 -5 -1 29 -29
right_child=1 5 3 15 11 -7 7 -9 12 -11 -12 16 -14 -15 -16 -17 -18 18 19 -21 -22 -23 -24 24 -26 -27 -28 28 -30 -31
leaf_value=-0.048056141662418249 0.0058448316341100761 0.0093012131464554216 -0.030356538205365324 0.03427064481714244 -0.026052224617727604 0.05079474289575428 -0.029717684907853877 0.046045382520709881 -0.0094350743312933034 -0.010088487989325157 0.0019790889564572241 0.015291814795227981 0.034542582549806251 0.11890700038571077 0.030147017538223044 0.035783273946881466 0.036047287353394533 0.018752159732463011 0.09160469215328855 0.011534212906384752 -0.01914596246499152 0.018602363002297555 0.046156173310129139 0.048143772952676613 0.023108702959159778 -0.10600995796437446 -0.012736496464178002 0.061565766317393605 0.01090337053825665 -0.042896727722854446
leaf_weight=6402.7458473872393 604.21306059323251 17.720177210867405 1219.0407526474446 36.796680878847837 59.708198780193925 4710.0722849965096 267.29607417806983 58.069568367674947 55.927577219903469 494.01139257103205 238.87194564007223 280.05544356442988 274.87689306586981 2.9825351666659108 192.77196434885263 64.676278527826071 708.46422421187162 123.99198606610298 30.296657487750053 30.200350519269705 112.74146863818169 111.1275009419769 788.67096118628979 358.26558724045753 445.11362521350384 8.9323313534259814 488.39083412103355 8.5282762199640256 48.966516928747296 286.46273252554238
leaf_count=316581 4646 130 36367 514 339 51153 2557 403 284 4330 1237 1377 1357 52 989 454 4878 879 168 168 881 664 7619 3375 3507 48 6975 185 1555 12288
internal_value=-0.000714942 0.0352912 -0.0400478 -0.0169457 0.011647 0.0477857 0.00393178 -0.00845402 0.00824345 0.00339405 -0.0147849 0.0261785 0.0271015 -0.0298953 0.0117534 0.000906746 0.0301885 -0.00187613 0.011377 0.0524707 0.000699017 0.00293451 0.039004 0.0321609 0.034319 -0.0317803 -0.00938412 -0.0472663 -0.0324672 -0.0396789
internal_weight=18530 9674.17 8855.82 2109.12 3345.39 6328.77 2186.04 564.238 1621.8 1291 506.168 1159.36 330.804 1222.02 796.985 887.094 988.52 822.418 297.23 60.497 236.733 170.836 1618.7 830.032 803.379 26.6525 525.188 6746.7 343.958 294.991
internal_count=465960 88893 377067 46458 23061 65832 15803 4197 11606 9965 3794 7258 1641 36419 5635 10039 6255 9585 2096 336 1760 1003 14679 7060 6882 178 7489 330609 14028 12473
is_linear=0
shrinkage=0.05


Tree=44
num_leaves=31
num_cat=0
split_feature=0 0 0 20 20 0 0 7 20 6 9 21 5 8 7 9 8 6 10 5 22 23 4 8 4 3 5 15 15 10
split_gain=9901.05 1328.79 325.767 161.665 152.571 76.2288 62.3043 54.7678 48.9818 45.4792 44.0258 41.0668 57.3 54.9495 42.6133 46.8689 37.5291 36.8142 43.4231 39.2871 34.3693 37.0392 47.2104 42.2301 77.8954 38.827 34.1126 35.9916 35.4789 34.005
threshold=0.11890871823111386 0.84526821401807606 0.015632075446263199 0.34120141913783952 0.34120141913783952 0.97637871376963925 0.4933457107451279 0.98576854864800889 0.0037874720370161675 8.5000000000000018 0.013496496248990299 0.96764986981988022 0.15122100568349722 9.5000000000000018 0.99950803166305813 0.16598966717720035 6.5000000000000009 1.5000000000000002 1.0001800656318667 0.049497419386943173 0.55000000000000016 2.2500000000000004 4.5000000000000009 9.5000000000000018 7.5000000000000009 2.5000000000000004 0.22173121718267999 0.37681319459375551 0.15819933070890427 14.7514705657959
decision_type=2 2 2 8 10 2 2 8 10 2 8 10 2 2 10 8 2 2 10 2 10 10 2 2 2 2 2 8 10 10
left_child=2 3 20 7 17 11 26 8 -2 -8 -9 12 13 -3 15 -14 -12 18 -4 -20 -1 23 25 24 -22 -23 28 -28 -5 -6
right_child=1 5 4 6 29 -7 9 10 -10 -11 16 -13 14 -15 -16 -17 -18 -19 19 -21 21 22 -24 -25 -26 -27 27 -29 -30 -31
leaf_value=-0.04790414635211606 0.03533315912489781 -0.050198318081797401 -0.021848055761290966 0.010702771212419727 0.010505095336686612 0.050206776701242496 0.03442378456037859 0.018867193725407457 0.0031876398567666723 0.0026495543654752483 0.087325702799282201 0.045720106848809922 -0.0070869511398200221 0.044404240740244093 -0.066323125991929674 0.031530120187266128 -0.010743379351549646 -0.03484167589002006 0.16919957492927395 0.016844514982206609 -0.045792543511218503 -0.019120108704935503 -0.020779041460998168 -0.041895833500607715 0.21846712060522983 0.15112607086879873 -0.018007296727391344 0.011094277970205305 0.0379839402259693 -0.035317561817779362
leaf_weight=6126.5155422054231 157.84819545969367 15.0956864207983 181.14266535080969 348.72978196293116 349.93590404838324 4548.3859478309751 736.89555369317532 149.03526959568262 467.52499672397971 133.10627440363169 8.8490816839039308 777.96672538667917 119.60087086260319 448.36859714239836 14.616011641919611 226.29029302299023 1150.9888295978308 964.57089414820075 3.9502202533185473 31.29190012998879 6.5387036353349668 5.0843174979090673 36.235876755788922 273.30806674063206 3.5394773632287979 7.7836242113262415 155.70417828112841 328.98492139577866 181.02353709936142 44.784552088007331
leaf_count=317222 1018 89 4548 1787 3269 51432 4840 1075 3479 690 64 7780 889 4256 89 1823 10535 33298 79 737 167 151 1222 12223 29 179 971 1714 930 498
internal_value=-0.000777162 0.0325095 -0.0420764 0.00933932 -0.0216725 0.0468918 0.019758 -0.000816089 0.0113448 0.0295711 -0.00663074 0.037454 0.0296034 0.0412215 0.0145947 0.0181953 -0.00992057 -0.0306611 -0.0119509 0.0381191 -0.0470498 -0.0312108 0.00872939 -0.0381378 0.0583589 0.087331 0.0113213 0.0017277 0.0200791 0.00523
internal_weight=18003.7 9969.01 8034.68 3818.69 1575.68 6150.32 1884.44 1934.25 625.373 870.002 1308.87 1601.94 823.971 463.464 360.507 345.891 1159.84 1180.96 216.385 35.2421 6459.01 332.49 49.1038 283.386 10.0782 12.8679 1014.44 484.689 529.753 394.72
internal_count=467083 93461 373622 27103 42429 66358 10932 16171 4497 5530 11674 14926 7146 4345 2801 2712 10599 38662 5364 816 331193 13971 1552 12419 196 330 5402 2685 2717 3767
is_linear=0
shrinkage=0.05


Tree=45
num_leaves=31
num_cat=0
split_feature=1 0 1 20 20 8 0 5 0 24 0 22 2 5 22 8 20 9 11 21 8 24 21 5 5 5 9 20 5 5
split_gain=9272.03 1158.66 470.147 141.754 133.698 63.9967 56.9357 47.0272 44.6528 39.6839 39.4225 38.9242 46.851 38.3912 57.7462 64.1045 87.5692 59.5502 37.8623 37.718 34.3147 33.9722 33.8736 32.6111 32.363 32.0227 29.9149 29.0824 29.9552 28.0068
threshold=-1.6792163879063084 0.88708357206781241 -3.9471222243434245 0.52294222304992355 0.11277237412252998 22.500000000000004 0.98830705830341004 0.15390990723815898 0.37347098083944946 1.5000000000000002 0.4933457107451279 0.55000000000000016 -0.68675701571510428 0.21168131374178589 0.77500000000000013 15.500000000000002 0.12369876004917867 0.12387907877564432 1.0000000180025095e-35 0.92872795150970477 9.5000000000000018 3.5000000000000004 0.99722602962051865 0.28722961093366223 0.38477658318641778 0.080648115136314188 0.46270996332168585 0.39961090247063058 0.32638933375159479 0.32024815881366248
decision_type=2 2 2 10 8 2 2 2 2 10 2 10 2 2 10 2 8 8 2 10 2 10 10 2 2 2 8 10 2 2
left_child=2 3 11 5 25 7 13 21 -5 -9 26 -1 -13 18 15 16 -15 22 -3 29 -20 -2 -17 -14 -19 -4 -7 -11 -29 -10
right_child=1 6 4 8 -6 10 -8 9 19 27 -12 12 23 14 -16 17 -18 24 20 -21 -22 -23 -24 -25 -26 -27 -28 28 -30 -31
leaf_value=-0.047576766547809665 0.0098165364153428789 0.045971343067201652 -0.013267489031603059 0.010243372826101209 -0.0019487308023854986 -0.0010183627319583833 0.050933113961801162 0.0051650216795253411 0.02893195471905019 -0.027589257328255637 0.021151801784481599 -0.034164536080080826 0.013158509940033009 -0.17629398209624059 0.043671687469385351 -0.0042619393263285954 -0.0069384873263827534 0.044453563395879636 -0.073341094302197457 0.038618297619881323 0.036742039749852372 -0.04870212190498395 -0.11617946217292169 0.18016436014065806 -0.050108049170963558 -0.035155230039534462 0.023340792204391815 0.022725879281513959 -0.035761981036082101 -0.011163365041295186
leaf_weight=5968.24235076271 535.64833567664027 1456.4096116200089 221.02648529596627 312.82659725099802 787.76042502745986 581.29933628067374 3573.2524143159389 214.27188200876117 103.85678738355637 353.00938391312957 647.06111875921488 320.09591954760253 13.437998570501806 8.2242956161499006 344.83858344703913 49.674169294536114 44.777993053197861 161.61904963105917 12.000718496739866 601.66234011948109 14.614717148244379 25.019358102232218 6.8419882059097281 2.8034596629440776 8.7742162048816663 706.24868068471551 159.9050499536097 64.880429334938526 31.793764814734459 73.768946282565594
leaf_count=322821 3133 15605 5040 1525 10848 4648 42242 1529 593 3237 3521 13882 382 59 3672 425 416 1553 75 4686 148 175 66 39 77 24768 1086 333 160 351
internal_value=-0.000848613 0.0328823 -0.0403259 0.0111247 -0.0171012 0.00479768 0.0470675 -0.00353267 0.0262438 -0.012528 0.0121433 -0.04664 -0.0299251 0.0404932 0.0299987 0.0130588 -0.0359951 0.0246246 0.044891 0.0326454 -0.0137521 0.00712313 -0.0195953 0.0507631 0.0393203 -0.029958 0.00426117 -0.0209514 0.00332146 0.0123109
internal_weight=17405.6 9386.03 8019.62 3705 1715.04 2612.89 5681.03 1224.62 1092.11 663.955 1388.27 6304.58 336.337 2107.78 624.75 279.912 53.0023 226.909 1483.03 779.288 26.6154 560.668 56.5162 16.2415 170.393 927.275 741.204 449.684 96.6742 177.626
internal_count=467095 89315 377780 24977 40656 17822 64338 8567 7155 5259 9255 337124 14303 22096 6268 2596 475 2121 15828 5630 223 3308 491 421 1630 29808 5734 3730 493 944
is_linear=0
shrinkage=0.05


Tree=46
num_leaves=31
num_cat=0
split_feature=0 0 1 21 21 0 7 15 6 8 2 5 1 21 5 8 7 5 22 2 8 4 15 22 13 12 5 15 21 7
split_gain=8715.43 1338.13 247.863 118.825 105.873 103.61 60.2773 52.6326 74.8866 51.9834 55.5773 46.733 41.7955 41.3453 36.7087 41.3149 33.5626 30.0594 29.8715 37.5178 29.4655 63.6722 29.2039 28.7818 28.7761 28.7204 44.4356 28.7145 25.1134 24.8372
threshold=0.092079210024302957 0.79424687752584056 -4.2534750814632423 0.73050256887321996 0.20752974148557496 0.94914027948630075 0.97543057119928944 0.5143828721425302 7.5000000000000009 28.500000000000004 -1.0000000180025095e-35 0.36281860076210731 1.0000000180025095e-35 0.96764986981988022 0.32638933375159479 24.500000000000004 0.99950803166305813 0.22936291339314749 0.55000000000000016 -0.57475045889178011 9.5000000000000018 7.5000000000000009 0.10087178219021979 0.63333333333333341 58.500000000000007 0.0246216394007206 0.21827615863085095 0.59418211356856954 0.0036016821118036043 0.99924230359732891
decision_type=2 2 2 8 8 2 8 10 2 2 2 2 2 10 2 2 10 2 10 2 2 2 10 10 2 8 2 10 10 10
left_child=2 3 18 6 -4 13 28 8 12 10 -8 27 17 14 16 -16 -3 22 -1 20 21 -20 -5 -22 -19 26 -9 -11 -2 -6
right_child=1 5 4 7 29 -7 9 25 -10 11 -12 -13 -14 -15 15 -17 -18 24 19 -21 23 -23 -24 -25 -26 -27 -28 -29 -30 -31
leaf_value=-0.047706772548350554 0.036477396555975809 0.027841315183043891 -0.034946428172578918 0.0092469506379450461 -0.0094104206977276578 0.04810501703118953 -0.0227420988293765 0.034403645768034057 -0.022055827625395631 -0.0024376512342380858 -0.00023433971498711982 0.069400801138910936 0.032072036655511581 0.042146018116396011 0.011348609724735078 -0.081586268682742755 -0.058327202574031622 0.0041341460672694895 -0.045498238342953412 0.090752286946104946 0.0060637806901292805 0.19893042111333992 0.036442942116188468 -0.042463331050880765 -0.038350061955293474 0.036836139465836221 -0.032194183469913061 0.030408412840409779 0.0082820741517980086 0.03199516525522627
leaf_weight=5519.2012432608753 96.249322064220905 535.09344600141048 785.55237960070372 398.47484805807471 529.25685787945986 4892.8062489852309 571.39154429547489 59.391637444496155 148.23157063871622 341.41327326186001 526.62400344014168 28.171156115829945 285.96475976705551 456.20038697123528 39.67197847366333 16.000559374690056 10.639118142426012 166.13494062796235 6.3327118530869466 5.2263134233653536 34.376463299617171 3.2751524448394775 130.72219547629356 258.15376655943692 51.374835144728422 385.24152402952313 41.826242722570896 81.609784230589867 425.88298120163381 37.902343081310391
leaf_count=313343 618 4249 30993 2265 10446 58907 7977 397 893 3500 3011 135 1851 4601 250 96 59 999 169 136 1134 23 711 12363 349 2358 227 430 3229 618
internal_value=-0.000629867 0.0303057 -0.0423788 0.00686125 -0.0230717 0.0450325 -0.00113702 0.0167921 0.0110743 -0.00608897 -0.0119571 0.00818642 0.0158466 0.0307862 0.0221134 -0.0163296 0.0260578 0.00959821 -0.0468565 -0.0314827 -0.0338895 0.0487216 0.016021 -0.0367595 -0.00603002 0.0306212 0.00683771 0.00395579 0.0135394 -0.00659191
internal_weight=16868.4 9689.12 7179.28 3738.7 1352.71 5950.41 2071.34 1667.36 1180.9 1549.21 1098.02 451.194 1032.67 1057.61 601.405 55.6725 545.733 746.707 5826.57 307.364 302.138 9.60786 529.197 292.53 217.51 486.459 101.218 423.023 522.132 567.159
internal_count=466337 97112 369225 28950 42057 68162 18900 10050 7068 15053 10988 4065 6175 9255 4654 346 4308 4324 327168 13825 13689 192 2976 13497 1348 2982 624 3930 3847 11064
is_linear=0
shrinkage=0.05


Tree=47
num_leaves=31
num_cat=0
split_feature=0 1 1 21 22 0 15 6 15 15 9 9 6 15 9 21 18 21 23 21 0 8 21 8 16 4 17 12 6 9
split_gain=8110.96 1306.34 244.148 108.71 97.7687 75.3598 64.6732 52.8398 43.0633 42.1518 74.9962 39.4567 39.4155 60.7712 35.7769 89.236 41.8521 50.5364 36.413 35.5199 135.945 94.3856 34.3722 46.9788 64.2576 34.4587 34.0626 33.5527 31.3638 50.4512
threshold=0.092079210024302957 1.7329172274859335 -4.2534750814632423 0.98294340796849544 0.29166666666666669 0.98261091250295596 0.59418211356856954 3.5000000000000004 0.18872484928402403 0.26848381390045911 0.33515536785125738 0.16202833503484729 1.5000000000000002 0.14496025132270238 0.047894246876239784 0.38490484704754629 1.2260272502899172 0.0093989339470023723 1.2500000000000002 0.99919395360872809 0.0020525716207826011 30.500000000000004 0.94982914958776699 15.500000000000002 0.99839983149627087 6.5000000000000009 0.28259706497192388 0.12738125771284106 3.5000000000000004 0.18215534090995791
decision_type=2 2 2 10 10 2 10 2 8 8 10 8 2 10 10 10 8 10 8 10 2 2 10 2 10 2 8 10 2 8
left_child=2 3 19 6 12 22 7 14 -9 10 -5 -10 13 -4 16 18 17 -2 -16 -1 -21 -22 23 24 25 -3 -6 -15 -25 -30
right_child=1 5 4 9 26 -7 -8 8 11 -11 -12 -13 -14 27 15 -17 -18 -19 -20 20 21 -23 -24 28 -26 -27 -28 -29 29 -31
leaf_value=-0.0469860123881366 0.05367839097475316 0.022879361727818057 -0.015418028810311039 0.024067492763013676 -0.01604534001402097 0.049231929096675897 0.018319403420254492 -0.023624954561578811 -0.017876135911342742 0.02938089080090775 -0.035076810102956595 0.0046252491478401886 -0.03598960681270718 0.21859709229037039 0.01049410588697328 0.027964506840136828 0.0059388560570723158 0.0059817512624550382 -0.023430538676624535 -0.046556756350739206 0.041348665171491467 0.34538459050953624 0.043094338742367629 0.043369454004464361 -0.12996063268007846 -0.047989951803486558 0.014014697423937792 -0.0084946655522184552 -0.0027114675589035545 0.039252905373044898
leaf_weight=5511.9481185246259 122.33190065436065 94.963855087757111 166.09689571149647 165.17437871173024 187.89097695425153 3725.8498470708728 567.69418100640178 316.01336384005845 279.4040931109339 658.66628710180521 78.133085902780294 637.44667831249535 777.62371094711125 3.4232636280357829 105.34566174820065 171.04009089618921 471.74747521989048 101.53544907085598 310.64153965376318 44.378382910043001 8.4035690240561944 2.8892079684883347 935.86908907443285 387.01862082630396 7.7867610827088347 19.916240267455578 187.07831425964832 2.4581415038555861 123.73200350999832 168.66803207993507
leaf_count=324258 854 851 5044 1016 2910 47727 3283 3906 2408 4368 468 4951 31847 76 987 1023 3379 934 3303 2440 294 87 10519 4171 53 157 2208 68 1080 1489
internal_value=-0.000751056 0.0293328 -0.0419933 0.0075613 -0.0226741 0.0452081 0.0030917 -0.000350774 -0.0077391 0.0228193 0.00500871 -0.0022439 -0.0312025 -0.00947384 0.00675131 -0.00233817 0.0144142 0.0321683 -0.0148348 -0.0465846 -0.00671546 0.140904 0.0365585 0.0288883 0.000403417 0.010285 -0.00105051 0.136242 0.034023 0.0215465
internal_weight=16341.2 9448.98 6892.19 3985.17 1324.57 5463.8 3083.2 2515.51 1232.86 901.974 243.307 916.851 949.602 171.978 1282.64 587.027 695.615 223.867 415.987 5567.62 55.6712 11.2928 1737.95 802.086 122.667 114.88 374.969 5.88141 679.419 292.4
internal_count=466159 96927 369232 30880 42153 66047 25028 21745 11265 5852 1484 7359 37035 5188 10480 5313 5167 1788 4290 327079 2821 381 18320 7801 1061 1008 5118 144 6740 2569
is_linear=0
shrinkage=0.05


Tree=48
num_leaves=31
num_cat=0
split_feature=0 0 0 20 0 0 20 23 21 5 7 7 6 10 4 23 5 22 8 20 22 10 23 7 23 7 8 8 18 8
split_gain=7539.46 1209.67 347.475 124.056 116.01 65.2475 60.7011 58.9811 54.0089 51.6802 51.6427 47.8216 38.968 48.7453 38.0145 39.0579 37.8594 39.6893 40.7868 36.2393 35.8607 34.0011 41.3366 42.8949 32.3773 55.9436 31.3457 36.8489 30.599 29.857
threshold=0.11890871823111386 0.88708357206781241 0.014746076076859623 0.12369876004917867 0.56631527157889727 0.98261091250295596 0.17196969134905246 2.2500000000000004 0.98427079533947592 0.22075991255193089 0.97950961789895841 0.99154374439364601 1.5000000000000002 0.81162005662918102 5.5000000000000009 0.75000000000000011 0.21294975713976858 0.77500000000000013 16.500000000000004 0.13489212152042135 0.45000000000000007 4.2502834796905526 2.7500000000000004 0.99668923715961832 2.2500000000000004 0.99967524323471979 18.500000000000004 6.5000000000000009 0.032822433859109885 15.500000000000002
decision_type=2 2 2 10 2 2 8 10 10 2 8 10 2 10 2 8 2 10 2 8 8 8 10 10 10 8 2 2 8 2
left_child=2 4 20 12 6 16 7 10 11 -8 -2 -6 13 -4 15 -11 -3 18 19 -18 -1 22 28 -24 -22 -26 27 -12 -20 -13
right_child=1 5 3 -5 8 -7 9 -9 -10 14 26 29 -14 -15 -16 -17 17 -19 21 -21 24 -23 23 -25 25 -27 -28 -29 -30 -31
leaf_value=-0.047609516382225214 0.02003641745197729 0.041873861217940206 -0.022338622350680182 -0.00048240083392756851 0.025104257155837147 0.049120570189861462 0.01774201452983484 -0.027019769698860763 0.036526015154052925 -0.071379580405932758 0.084059689913583799 -0.029583490756302996 -0.035443044191178552 0.040780205484078486 -0.014275226138300002 0.011556708112844052 -0.11177997054022533 0.038296026300955931 -0.073388442745282986 -0.0081440948238410346 -0.039465824531401711 0.040861051472178778 0.0052732155978949501 -0.15940634253174424 -0.01754894025263929 0.13412711575824451 0.0013822916364005502 -0.026521091777238399 0.027947709344679373 0.0077906465576958149
leaf_weight=4780.4209750257432 227.9852911233902 1036.9670112878084 157.48126268573105 567.72961902618408 502.64251448959112 3588.8114041239023 772.49514783918858 269.92732080258429 371.68735563755035 13.705416891723869 6.8518311306834212 59.751451514661312 731.84173996187747 36.943938327953219 304.28396957367659 418.11968282237649 9.9942275881767255 240.45547786355019 7.6784629076719275 37.035025648772717 487.19451990537345 89.920163467526436 7.8283186107873899 6.8648094907402992 87.842407083138824 5.5284911151975384 341.82306903973222 214.43344338797033 52.55505795031786 443.38666619360447
leaf_count=297481 1621 11812 4386 8860 3069 47897 4384 3296 3187 74 51 324 30105 939 1884 2580 62 2747 63 341 27425 896 76 62 4255 136 3681 2419 479 2437
internal_value=-0.000704688 0.0293193 -0.0402324 -0.0188906 0.00855313 0.0454554 0.00227469 -0.00688496 0.0202552 0.00871708 1.06284e-05 0.014212 -0.0301607 -0.0101977 -0.000765179 0.00876561 0.0365964 0.0244322 0.00859229 -0.0320366 -0.0461753 0.0203066 -0.00457421 -0.076922 -0.0343047 -0.00724209 -0.00811835 -0.0227343 0.014042 0.00330231
internal_weight=15880.2 9025.2 6854.98 1494 3947.09 5078.11 2569.63 1061.02 1377.47 1508.6 791.094 1005.78 926.267 194.425 736.109 431.825 1489.3 452.332 211.876 47.0293 5360.99 164.847 74.9266 14.6931 580.565 93.3709 563.108 221.285 60.2335 503.138
internal_count=467029 93442 373587 44290 29007 64435 19990 11068 9017 8922 7772 5830 35430 5325 4538 2654 16538 4726 1979 403 329297 1576 680 138 31816 4391 6151 2470 542 2761
is_linear=0
shrinkage=0.05


Tree=49
num_leaves=31
num_cat=0
split_feature=2 0 1 21 21 0 9 15 21 1 15 5 8 12 5 9 7 15 8 4 9 8 7 21 9 5 15 5 12 8
split_gain=7036.13 996.639 565.584 109.678 106.692 63.8673 37.0882 57.4943 40.7489 35.0781 35.1894 36.6645 34.5993 31.9854 38.7567 48.3789 65.2818 34.4953 31.2205 50.1821 38.9381 31.0384 30.512 33.1249 43.1708 39.2813 30.1894 29.9374 29.6268 28.1753
threshold=-0.28263150257780745 0.88708357206781241 -4.1372953461294122 0.91291828426540478 0.2463014411368166 0.98261091250295596 0.030991855077445511 0.091970050091574954 0.012733974923764371 -0.712638866999041 0.53468808364600318 0.22264359212450022 40.500000000000007 0.0039260091725736865 0.21424518187359345 0.067402116954326644 0.99877185628415188 0.042954885257532667 9.5000000000000018 7.5000000000000009 0.062099624425172813 30.500000000000004 0.97771555092227391 0.0016247047566256528 0.3027008324861527 0.065810437728914803 0.44163046352544361 0.20932013897972582 0.071477785706520094 6.5000000000000009
decision_type=2 2 2 10 8 2 10 10 10 2 8 2 2 8 2 10 10 8 2 2 8 2 8 10 8 2 8 2 10 2
left_child=2 3 -1 12 6 18 7 -4 -9 -5 11 -11 22 -6 17 16 -16 -15 19 20 -3 -13 -2 28 25 -25 -17 -20 -24 -8
right_child=1 5 4 9 13 -7 29 8 -10 10 -12 21 -14 14 15 26 -18 -19 27 -21 -22 -23 23 24 -26 -27 -28 -29 -30 -31
leaf_value=-0.045972712360081991 0.011888983080676296 -0.072250405162078674 -0.017896032732556862 0.0066042044583130609 -0.032994935251660577 0.048726976558382054 0.060805622057628711 0.13061927388837266 0.0032961268042374331 0.027708548091226016 0.034806499912085162 0.0047081581987114887 0.029932322274771661 -0.011364813017237543 0.0025958498357926225 -0.028374662871938912 0.14668396938947786 0.01833869661064232 0.042578040403991789 -0.093973492402469744 0.043403179514805552 -0.058856380702844213 0.0177862949116235 0.027042506518252903 0.0033905726471776805 -0.019486761823986579 2.3866390876597919e-05 0.026583212221689426 -0.018882886293440856 -0.033611998951965899
leaf_weight=5158.2485373914242 576.5580855794251 7.9717698618769637 259.85959748923779 267.17806794308126 78.610551819205284 3434.5750980004668 7.1177107933908692 10.486936366185548 13.991752827540038 185.64630974084139 560.79714048653841 100.5206086859107 116.25666858814657 136.22118992172182 29.279291337355971 220.72019047290087 9.7648268137127143 340.06501330062747 952.58438710868359 10.476990930736063 38.607659727334976 22.705791138112545 312.6187470536679 48.769852677360177 638.01050268299878 525.39908067882061 161.9308150280267 432.60596526414156 65.960769236087799 664.25203363038599
leaf_count=331152 3763 85 8578 1451 1313 47771 155 219 365 1346 4492 630 854 2310 379 3212 120 4062 11308 56 424 118 2219 315 4504 4562 1669 4620 568 24009
internal_value=-0.000759051 0.0304945 -0.0373305 0.00979841 -0.0142485 0.0450049 -0.026116 -0.0109292 0.0608285 0.0224808 0.0273452 0.0137296 0.00347756 -0.00261998 7.28331e-05 -0.0109529 0.041395 0.00983727 0.0361135 -0.000131744 0.0225073 -0.00738379 0.00204536 -0.00152762 -0.00556002 -0.0154944 -0.0163882 0.0376055 0.0113644 -0.0325221
internal_weight=15387.8 8297.24 7090.55 3420.42 1932.3 4876.82 955.708 284.338 24.4787 1136.85 869.67 308.873 2283.57 976.592 897.981 421.695 39.0441 476.286 1442.25 57.0564 46.5794 123.226 2167.32 1590.76 1212.18 574.169 382.651 1385.19 378.58 671.37
internal_count=466629 89086 377543 24822 46391 64264 33326 9162 584 8037 6586 2094 16785 13065 11752 5380 499 6372 16493 565 509 748 15931 12168 9381 4877 4881 15928 2787 24164
is_linear=0
shrinkage=0.05


Tree=50
num_leaves=31
num_cat=0
split_feature=1 0 1 21 21 0 0 22 23 8 21 22 2 10 17 12 15 12 23 16 8 6 15 8 16 6 8 24 8 10
split_gain=6638.66 1185.66 266.529 103.999 97.775 66.0003 51.6404 49.6335 44.2847 37.2774 38.9185 36.5814 40.1774 36.1239 39.8006 35.8691 33.9311 33.3605 31.3551 55.3869 36.1019 31.335 29.1616 33.7838 28.796 25.9957 31.7283 28.6893 29.0036 28.3
threshold=-2.2726095438081662 0.88708357206781241 -4.1965691460584935 0.96303577343594327 0.20752974148557496 0.97984966106328752 0.4933457107451279 0.77500000000000013 1.7500000000000002 9.5000000000000018 0.82579579128042313 0.45000000000000007 -0.57475045889178011 2.9578522443771367 0.057225495576858527 0.016890371218323711 0.15819933070890427 0.020993786863982681 2.2500000000000004 0.99961111636804012 9.5000000000000018 3.5000000000000004 0.23714372328115066 29.500000000000004 0.98174338442913456 1.5000000000000002 18.500000000000004 2.5000000000000004 41.500000000000007 10.240726947784426
decision_type=2 2 2 10 8 2 2 10 10 2 8 10 2 8 8 8 8 10 10 10 2 2 8 2 8 2 2 10 2 10
left_child=2 3 11 6 -4 9 22 16 13 10 -3 -1 18 -9 -15 -12 21 -18 20 -20 -13 -5 -2 -24 -19 -8 29 -28 -29 -27
right_child=1 5 4 7 -6 -7 25 8 -10 -11 15 12 -14 14 -16 -17 17 24 19 -21 -22 -23 23 -25 -26 26 27 28 -30 -31
leaf_value=-0.04699152963194983 -0.012497321421146674 -0.077045318864891979 -0.032288701556607617 0.015604773122282515 -0.0040141580006718405 0.047939179051155273 0.032628840834413406 0.038597309887821868 0.046783296316968592 0.036351014627525616 -0.075427866140197308 0.047891110406177044 0.078952144337233632 -0.050332933433750671 0.013877722590223003 0.040093766660670674 -0.0040746011057826688 -0.0047225042487073383 -0.012951687155813322 0.23895212336313176 -0.04442528307564042 -0.031918174836295186 -0.0029126795611932902 0.016467947570279282 0.032379630711191092 -0.00068421317913326674 0.022173265216121639 -0.0021644240927607252 0.038096478947301664 -0.049654978775625913
leaf_weight=4527.736321227625 528.88356249406934 13.276530303061007 688.8593408530578 61.082298085093498 549.724250940606 3430.9379271790385 122.30483482778072 119.88576520979404 250.24123585224152 1219.6456467434764 7.3430281803011885 10.221456454135476 7.2595785520970812 28.309193722903728 135.70555244386196 34.192332617938519 134.45154505223036 64.29917486011982 86.092681800946593 1.2389318961650122 277.53394307848066 77.882030416280031 1002.3606221750379 288.81803670339286 273.79351300746202 191.23397751152515 410.42830983549356 335.82070695608854 50.591807708144188 33.889982864260674
leaf_count=308394 6940 79 30014 385 10663 49591 745 858 1977 14248 73 307 233 154 966 387 880 434 4381 43 16444 512 8935 2299 1810 1037 2237 1855 278 189
internal_value=-0.000629505 0.0271829 -0.0405022 0.00755944 -0.0197529 0.0443179 0.00261238 0.0203463 0.0314715 0.0345393 -0.00570207 -0.0457312 -0.0307227 0.0178582 0.00255701 0.0183776 0.0105932 0.0169729 -0.0330496 -0.00671333 -0.0409916 -0.011067 -0.00262039 0.00143188 0.0253304 0.0109306 0.00830445 0.012984 0.00319154 -0.00824322
internal_weight=14964 8815.38 6148.67 4109.98 1238.58 4705.4 2964.33 1145.65 534.142 1274.46 54.8119 4910.08 382.347 283.901 164.015 41.5354 611.509 472.544 375.087 87.3316 287.755 138.964 1820.06 1291.18 338.093 1144.27 1021.96 796.841 386.413 225.124
internal_count=467348 96869 370479 32491 40677 64378 24515 7976 3955 14787 539 329802 21408 1978 1120 460 4021 3124 21175 4424 16751 897 18174 11234 2244 6341 5596 4370 2133 1226
is_linear=0
shrinkage=0.05


Tree=51
num_leaves=31
num_cat=0
split_feature=1 1 1 20 20 1 1 5 15 5 20 8 13 1 23 15 6 21 1 8 5 21 8 20 23 16 7 8 23 4
split_gain=6190.67 1104.62 295.308 144.953 124.407 61.3763 47.2493 37.3734 40.3952 35.2133 52.6898 96.5563 80.7038 34.8968 34.5381 33.6823 57.5112 33.3385 97.4852 32.206 32.039 40.1106 35.0147 39.0128 32.1156 34.9338 31.9894 31.3787 28.3607 27.3128
threshold=-2.1356798801177441 2.406819681551482 -4.5824209426617459 0.59944378300918599 0.12369876004917867 0.29575346466266556 4.4444236223739759 0.28722961093366223 0.55455306088303169 0.21168131374178589 0.52294222304992355 15.500000000000002 56.500000000000007 -0.49227247140745151 2.2500000000000004 0.23714372328115066 3.5000000000000004 0.99943384226112431 -6.294158092936164 31.500000000000004 0.1756123394916517 0.99919395360872809 11.500000000000002 0.52294222304992355 1.7500000000000002 0.50706337919922928 0.99362542507091067 29.500000000000004 2.7500000000000004 6.5000000000000009
decision_type=2 2 2 10 8 2 2 2 8 2 10 2 2 2 10 8 2 10 2 2 2 10 2 10 10 10 8 2 10 2
left_child=2 3 17 5 -4 15 9 -7 -9 -3 11 12 -11 14 -5 16 -2 -1 -19 -20 22 -22 -6 -24 25 -25 -27 -17 -13 -30
right_child=1 6 4 13 20 7 -8 8 -10 10 -12 28 -14 -15 -16 27 -18 18 19 -21 21 -23 23 24 -26 26 -28 -29 29 -31
leaf_value=-0.046343628343216162 0.0028577483356189617 0.04209236828249608 -0.032568777626218334 0.002947463156444393 0.082191703151628867 0.017565034701935271 0.048238105732380354 -0.03805118338403693 0.010480507204225721 -0.022732778323283482 0.036021789629108701 0.034998245518953246 -0.20538836056473841 0.031668912041895238 0.040381071469595638 -0.001773119740380131 -0.027730497110391817 -0.046477649896781555 0.059487860493254469 0.27783288192994199 -0.018357873163168902 0.073905547930950471 -0.0098805498381348052 -0.0098925416941965608 0.061603111894144851 0.14863179914293387 -0.0016156298025860551 0.01483060168483093 -0.06486700832921391 0.048248771906350768
leaf_weight=4473.5032856957987 326.01098411902785 1096.8940257653594 878.03781918156892 258.81693198531866 14.039342317730187 849.02201821655035 2796.1599901989102 66.655359461903572 116.23685508966446 18.265456423163418 322.13128779828548 76.893763326108456 8.2655040770769101 658.59824451804161 79.948710218071938 1164.9531823117286 289.40123257599771 21.838568656705323 4.9932834496721616 2.3060447918251157 301.15903463680297 11.285510497167705 189.62251879833639 59.573471335694194 41.365935791283846 6.4554792903363678 6.7097110655158767 375.45336869359016 15.110815092921259 7.113187924027442
leaf_count=314992 3156 14702 42145 1291 251 5432 42272 343 631 173 4161 849 71 5729 408 9352 3791 1390 150 48 6297 131 5313 535 293 52 73 2603 157 89
internal_value=-0.000725065 0.0266707 -0.0395816 0.00833845 -0.0204136 0.00313046 0.0443393 0.0131521 -0.00731768 0.0372551 0.0253383 -0.00211963 -0.085031 0.0249642 0.0118746 -0.00167042 -0.0115482 -0.0459964 0.00708651 0.153634 -0.00345378 -0.0148002 0.00771401 0.00401296 0.0269869 0.00673242 0.0773491 0.00228081 0.020701 -0.0281437
internal_weight=14536.8 8525.93 6010.89 4185.1 1508.25 3187.73 4340.83 1031.91 182.892 1544.67 447.78 125.649 26.531 997.364 338.766 2155.82 615.412 4502.64 29.1379 7.29933 630.211 312.445 317.766 303.727 114.105 72.7387 13.1652 1540.41 99.1178 22.224
internal_count=466880 95210 371670 32736 55090 25308 62474 6406 974 20202 5500 1339 244 7428 1699 18902 6947 316580 1588 198 12945 6428 6517 6266 953 660 125 11955 1095 246
is_linear=0
shrinkage=0.05


Tree=52
num_leaves=31
num_cat=0
split_feature=2 3 21 2 5 20 7 15 15 9 20 6 20 5 6 23 12 20 23 21 22 3 4 21 12 6 20 9 15 18
split_gain=5688.16 669.312 261.546 239.024 172.562 135.965 109.5 54.5508 39.3588 46.7053 38.2451 40.211 37.8263 38.9424 35.4705 45.1219 45.8116 43.261 56.0832 44.4006 33.1716 48.6598 55.5395 41.6959 36.5517 30.5786 29.3427 28.927 28.3238 28.1108
threshold=-0.46042563791168661 1.5000000000000002 0.98294340796849544 -0.93734811075884117 0.12177585312082538 0.12369876004917867 0.99989147697128911 0.12673386947869339 0.53468808364600318 0.036460805684328086 0.64990926858200992 12.500000000000002 0.39961090247063058 0.24105248701165391 1.5000000000000002 2.2500000000000004 0.14947859942913058 0.59944378300918599 2.2500000000000004 0.98871505052625219 0.45000000000000007 2.5000000000000004 6.5000000000000009 0.99838737945392186 0.086093794554471983 1.5000000000000002 0.28861045437007299 0.013068102300167085 0.55455306088303169 0.0030659277690574531
decision_type=2 2 10 2 2 8 8 8 10 8 10 2 10 2 2 10 8 10 10 10 10 2 2 8 10 2 10 8 10 10
left_child=3 2 4 20 8 -5 10 -3 9 -2 27 -12 13 -4 15 -7 -17 -16 -19 -20 -1 22 -22 24 25 -24 -11 -6 -29 -30
right_child=1 7 12 5 6 14 -8 -9 -10 26 11 -13 -14 -15 17 16 -18 18 19 -21 21 -23 23 -25 -26 -27 -28 28 29 -31
leaf_value=-0.047107797925920881 0.043462177953241282 -0.016515182029650976 0.029776192707755934 -0.035279992323420502 0.029786609949006816 0.011486251676914229 0.042594966723926042 0.0036560754933364515 0.049597028035094352 0.017397915872531835 0.030332418964031233 -0.089184582519582542 0.045269101279893233 -0.042705769539165224 -0.018923051679748643 0.2119150156711867 -0.026213170767023675 -0.0052420367522939158 -0.013281951102740323 0.089970669881670629 -0.019851359213836042 -0.03982618808664469 0.15160406312875244 0.2589581210752262 0.18355171247222088 -0.030500394544362753 0.044369519688198626 -0.0023951074401652502 -0.056536937315609319 0.013796385529514309
leaf_weight=3680.9365662047639 475.36301448196173 442.66766151320189 102.38345383107662 1042.6476344717667 119.97959212213755 47.747498198412359 291.69640340656042 1369.7742960853502 422.0575295612216 517.06434711068869 254.4987393990159 6.2912118509411803 2827.7213766351342 21.658156611025333 462.37038080580533 5.0644907550886265 2.7275131875649095 168.33807983994484 15.111279577016829 30.902104767039418 46.29804917704314 255.53400581050664 1.8675857968628431 1.8903453769162286 2.7609668765217057 10.77755836304277 125.30431549996138 731.25385927408934 13.580952204763888 601.53292392194271
leaf_count=273578 6006 7428 1157 56679 967 933 4184 14110 5845 5235 2562 36 40181 175 13938 108 73 2473 95 182 2313 16149 20 69 61 504 1487 5266 86 5061
internal_value=-0.000858522 0.0255961 0.0330764 -0.0389824 0.0239376 -0.0236906 0.0143107 -0.00127691 0.036542 0.0315724 0.00951185 0.0271196 0.0440822 0.0168802 -0.0071631 0.0309053 0.13506 -0.0103284 0.00821257 0.0565002 -0.0457601 -0.0301172 0.00890784 0.0827662 0.0466807 0.00553439 0.0227199 0.00636397 0.00425614 0.0121543
internal_weight=14097.8 8322.83 6510.39 5774.97 3558.62 1774.91 2018.83 1812.44 1539.79 1117.73 1727.14 260.79 2951.76 124.042 732.261 55.5395 7.792 676.722 214.351 46.0134 4000.07 319.129 63.5945 17.2965 15.4061 12.6451 642.369 1466.35 1346.37 615.114
internal_count=466961 99786 78248 367175 36735 74481 18162 21538 18573 12728 13978 2598 41513 1332 17802 1114 181 16688 2750 277 292694 19116 2967 654 585 524 6722 11380 10413 5147
is_linear=0
shrinkage=0.05


Tree=53
num_leaves=31
num_cat=0
split_feature=0 0 0 0 20 21 0 20 23 5 20 8 9 20 8 21 16 5 22 0 21 8 5 23 23 8 5 9 8 4
split_gain=5405.39 1104.9 259.977 111.104 78.9115 58.328 48.795 45.725 70.7717 39.2642 64.0857 75.8909 54.3884 48.7282 45.9611 58.5938 40.2342 38.3967 36.4468 36.4899 56.83 37.5171 34.0478 33.4904 32.9725 28.8726 28.7479 26.5916 26.3591 47.9385
threshold=0.092079210024302957 0.91536336497951676 0.014746076076859623 0.56631527157889727 0.064135198016777806 0.91291828426540478 0.98968409044523564 0.25103488868871843 1.7500000000000002 0.21052537149184705 0.6622948989861035 15.500000000000002 0.1873876750469208 0.4955099802891208 30.500000000000004 0.92872795150970477 0.99376209827994988 0.074957171986999985 0.45000000000000007 0.001703192102348181 0.99919395360872809 9.5000000000000018 0.20067673966180954 1.7500000000000002 2.2500000000000004 21.500000000000004 0.37290526159168552 0.017281139269471172 9.5000000000000018 7.5000000000000009
decision_type=2 2 2 2 8 8 2 8 10 2 10 2 8 8 2 10 10 2 10 2 10 2 2 10 10 2 2 10 2 2
left_child=2 3 18 7 -4 17 9 8 -2 28 11 13 14 16 -13 -16 -11 -5 -1 -20 21 -21 23 -9 -22 -19 -14 -25 29 -3
right_child=1 6 4 5 -6 -7 -8 22 -10 10 -12 12 26 -15 15 -17 -18 25 19 20 24 -23 -24 27 -26 -27 -28 -29 -30 -31
leaf_value=-0.046436069999015263 0.0047922397987653432 0.03854303227156932 -0.031266373853057812 0.039772911344568958 -0.0051756573933401219 0.029036848715450276 0.047877172626621611 0.0049409076980131408 -0.018297307079387398 -0.048717035062802901 0.039184494275870153 0.0087354845292249381 0.046283348374768926 -0.0063863096108259633 0.0033641228465992471 -0.19314652103381977 -0.19801483969654771 -0.0082616717995197923 -0.041567841438042027 0.091607555703874133 0.00061973497260074824 -0.0251860792544428 0.00028175183969918362 -0.018440121786394838 0.17449942407608673 0.012455993542097704 -0.061405916368140058 0.033096177478876894 0.043006420953053508 -0.083052704436093444
leaf_weight=3953.4540381273255 727.74027665890753 23.868977554142475 585.39317579194903 89.741051398217678 573.9264814928174 653.47719441354275 2460.5490813180804 326.29794650524855 608.59502521902323 11.598807752132418 277.77427809685469 29.343027926981449 91.173427775502205 22.167661815881729 7.2824147492647153 6.8417968899011612 7.4845352023839942 256.05857430398464 220.90261381678283 6.3597040371969333 4.774155209772287 109.35692918952554 785.64708584174514 27.006099998950958 5.3787756599485874 485.8687552511692 5.7956363037228575 264.05278373509645 1071.800786010921 11.025187343358992
leaf_count=307868 7675 322 28187 689 12331 6073 40205 1783 7849 108 3920 317 1148 245 66 73 59 1411 14839 125 187 6211 4736 144 69 2750 58 1498 15576 70
internal_value=-0.000810051 0.0247261 -0.0394012 0.00685995 -0.0183656 0.0178675 0.0434635 0.000887823 -0.00572904 0.0365031 0.0241257 0.00101438 0.0185745 -0.0577926 -0.027474 -0.0983028 -0.114216 0.00906692 -0.0450667 -0.0293658 -0.00779212 -0.0180373 0.00718986 0.0159664 0.100124 0.00530429 0.0392859 0.0282676 0.0416154 -0.00111992
internal_weight=13710.7 8251.19 5459.55 4224.48 1159.32 1485.15 4026.71 2739.34 1336.34 1566.16 459.462 181.687 140.436 41.251 43.4672 14.1242 19.0833 831.668 4300.23 346.772 125.87 115.717 1403 617.357 10.1529 741.927 96.9691 291.059 1106.69 34.8942
internal_count=466592 96775 369817 34608 40518 10923 62167 23685 15524 21962 5994 2074 1662 412 456 139 167 4850 329299 21431 6592 6336 8161 3425 256 4161 1206 1642 15968 392
is_linear=0
shrinkage=0.05


Tree=54
num_leaves=31
num_cat=0
split_feature=0 0 1 20 20 15 5 0 15 9 5 22 8 9 20 13 8 21 7 0 18 5 20 8 4 15 23 22 23 4
split_gain=5061.48 1037.15 259.325 116.508 104.933 66.8864 64.0814 47.5654 42.4824 62.0981 41.453 62.254 63.3487 75.1595 50.7152 47.208 44.7775 49.5834 40.8518 37.6627 36.4401 35.0672 37.1058 34.4918 32.1955 40.6513 31.9589 31.6216 39.6854 52.2366
threshold=0.092079210024302957 0.91536336497951676 -4.5824209426617459 0.59944378300918599 0.059655159962772784 0.71101472717700942 0.12508364760487908 0.98968409044523564 0.23714372328115066 0.25068610906600958 0.20932013897972582 0.77500000000000013 15.500000000000002 0.1873876750469208 0.49818355910221485 62.500000000000007 30.500000000000004 0.92872795150970477 0.99491987620212974 0.37347098083944946 0.041847502812743194 0.28722961093366223 0.13489212152042135 15.500000000000002 5.5000000000000009 0.81736050240523495 2.2500000000000004 0.45000000000000007 2.2500000000000004 4.5000000000000009
decision_type=2 2 2 10 8 10 2 2 8 8 2 10 2 8 10 2 2 10 8 2 10 2 10 2 2 8 10 8 10 2
left_child=2 3 27 5 -4 6 18 10 20 -10 -3 12 14 16 15 -12 24 -18 -2 26 -8 22 -11 -7 -14 -26 -5 -1 -29 -30
right_child=1 7 4 19 -6 23 8 -9 9 21 11 -13 13 -15 -16 -17 17 -19 -20 -21 -22 -23 -24 -25 25 -27 -28 28 29 -31
leaf_value=-0.046759740873098393 0.016996702780575329 0.04130330819647457 -0.033098360337434955 0.00075786860881786068 -0.004707972633942758 -0.01715542637339007 -0.0027786603389447218 0.047298625326491914 -0.015475286931215589 -0.00084841661333466968 -0.038751475059819074 0.040020787625145243 0.04384737770074075 0.042554140469844626 0.019526358032159009 -0.17193281447808204 0.0031142285265649897 -0.16828273227642015 -0.0038938210995789601 0.029651975198194028 -0.030136883029802025 -0.0060744371621104893 0.026665799132663481 0.026425552634968624 -0.11407492590336238 0.026782381867568397 0.036647363941818521 -0.039258297263338224 0.079473198523552058 -0.020645833471423836
leaf_weight=3501.8635294092819 665.28956474922597 1063.578249566257 674.34382542315871 268.23688496649265 628.98240686487406 51.071529816836119 213.15112299099565 2374.4585806727409 479.7817342504859 208.68990068137646 19.987996317446235 248.47129443660378 19.998951446264982 105.31643249839544 17.471263647079468 9.6391423940658552 7.239686373621228 8.9967591241002065 360.22062089107931 618.67202836275101 283.42380333505571 308.62594402953982 295.61841755360365 368.13488841429353 9.3113940022885817 9.5680549815297109 79.705572076141834 365.51406150124967 15.462388232350348 61.451294237747788
leaf_count=285836 5003 15938 36920 1336 16078 335 2579 40455 4253 2230 182 3650 231 1382 221 68 65 85 2753 5712 3635 2123 1800 2522 102 113 413 26391 531 3684
internal_value=-0.000524463 0.0242702 -0.0387686 0.00703528 -0.0194113 0.00248018 -0.000297563 0.0428555 -0.006008 -0.00122854 0.0358862 0.0231887 0.00294078 0.0179339 -0.0474414 -0.0862808 -0.0290316 -0.0961116 0.00966205 0.022257 -0.0184228 0.00718837 0.0153009 0.0210879 0.000689976 -0.0449325 0.00906079 -0.0451583 -0.0324061 0.000243341
internal_weight=13342.3 8094.66 5247.62 4200.62 1303.33 3234.01 2814.8 3894.04 1789.29 1292.72 1519.58 456.001 207.53 160.431 47.0984 29.6271 55.1148 16.2364 1025.51 966.614 496.575 812.934 504.308 419.206 38.8784 18.8794 347.942 3944.29 442.428 76.9137
internal_count=466626 97186 369440 34694 52998 27233 24376 62492 16620 10406 22037 6099 2449 1978 471 250 596 150 7756 7461 6214 6153 4030 2857 446 215 1749 316442 30606 4215
is_linear=0
shrinkage=0.05


Tree=55
num_leaves=31
num_cat=0
split_feature=1 0 1 20 20 15 5 0 0 15 5 22 8 12 20 11 10 20 5 9 20 20 9 8 5 20 15 24 6 9
split_gain=4765.99 1065.23 209.715 100.363 98.4764 59.4845 68.4906 50.0622 42.2237 41.8873 35.576 57.8575 47.4493 70.8406 48.73 34.7429 32.7206 32.4415 48.1963 40.4182 49.7087 39.3288 66.3063 32.2754 32.0772 40.7285 29.2095 31.5956 28.6371 28.084
threshold=-2.5222548778092215 0.91536336497951676 -4.9205854117350052 0.62170365681614881 0.064135198016777806 0.67200047928370632 0.20258679379831493 0.98968409044523564 0.37347098083944946 0.23714372328115066 0.21168131374178589 0.77500000000000013 15.500000000000002 0.022434091195464138 0.4955099802891208 1.0000000180025095e-35 26.670271873474125 0.25103488868871843 0.077489659699272684 0.029621372930705551 0.025722312301443871 0.14669632209127278 0.099045552313327803 15.500000000000002 0.34589510348868846 0.36400968865361732 0.81736050240523495 2.5000000000000004 11.500000000000002 0.089456629008054747
decision_type=2 2 2 10 10 10 2 2 2 8 2 10 2 8 10 2 10 8 2 10 10 10 10 2 2 8 8 10 2 8
left_child=2 3 -1 5 -4 6 17 10 -5 -8 15 12 14 26 -12 -3 -11 18 -2 20 -20 -21 -23 -7 25 -18 27 -14 -10 -29
right_child=1 7 4 8 -6 23 9 -9 28 16 11 -13 13 -15 -16 -17 24 -19 19 21 -22 22 -24 -25 -26 -27 -28 29 -30 -31
leaf_value=-0.04559810164501301 0.01518687714350544 0.041677425261916881 -0.033099133547638715 0.0073124328532344395 -0.0047104852615546056 -0.01590759485357263 -0.027259726428263704 0.047191805731854296 0.031229732581563641 -0.0082148002093386987 -0.079268700392932226 0.039984386560690248 0.0050984866174158348 0.041105531292324443 0.023514168179206405 -0.021589608471231141 0.046478522048949179 0.015357525966823672 0.021159644454181545 -0.020529383606727607 -0.020789593754730527 -0.040709462051354874 0.048365082649422006 0.023137999782527525 0.059005008595676728 -0.040839882479483287 0.0029309101056746146 -0.17946101282777835 -0.029486540599258471 -0.036490344209224125
leaf_weight=3609.0426038876176 401.48056429997087 1019.0303358733654 783.99357962794602 363.5177064165473 500.7070001065731 59.674203542992473 274.9668720792979 2284.7537482045591 552.4537163451314 730.56677752546966 28.880504436790943 236.37349056079984 8.5222861059010047 101.97783500701189 18.173961527645588 21.595502182841301 23.266415013000369 564.56362399458885 223.9150114711374 436.7674510627985 102.0184911955148 32.003638215363026 56.1680908203125 427.3186949249357 36.57570044323802 28.699889600276947 29.860260263085365 7.0302598997950527 19.373501472175121 7.1231499016284952
leaf_count=303035 3107 15905 47814 1849 15200 388 3984 40574 5366 6219 232 3590 79 1371 229 231 217 3447 2018 6012 1128 327 481 2994 185 150 324 67 107 75
internal_value=-0.000470478 0.023074 -0.0394213 0.00617019 -0.022047 0.00217555 -0.000532488 0.0425312 0.0206644 -0.0104106 0.0353024 0.0232558 0.00353803 0.0169401 -0.0399074 0.040345 -0.00472815 0.00541816 0.000928801 -0.00580874 0.00800594 -0.0143852 0.0159398 0.0183307 0.023811 -0.00160617 -0.0298591 -0.0713384 0.0291248 -0.114663
internal_weight=12990.4 8096.65 4893.74 4333.33 1284.7 3397.99 2910.99 3763.32 935.345 1094.08 1478.57 437.942 201.568 154.514 47.0545 1040.63 819.109 1816.92 1252.35 850.873 325.934 524.939 88.1717 486.993 88.542 51.9663 52.536 22.6757 571.827 14.1534
internal_count=466705 100656 366049 37979 63014 30657 27275 62677 7322 10755 22103 5967 2377 1916 461 16136 6771 16520 13073 9966 3146 6820 808 3382 552 367 545 221 5473 142
is_linear=0
shrinkage=0.05


Tree=56
num_leaves=31
num_cat=0
split_feature=0 0 1 0 21 21 0 7 7 22 23 21 15 13 21 12 21 17 7 6 12 8 8 6 21 15 21 7 8 18
split_gain=4419.38 995.175 216.095 87.7526 75.7358 56.1801 55.0914 38.6528 37.5514 33.96 35.2132 35.951 31.4994 46.1568 31.251 31.0762 34.9735 28.8653 28.041 26.6244 25.9747 25.2472 25.0738 33.2287 30.9116 24.8874 24.2201 26.3402 24.0502 23.9688
threshold=0.08202388969110963 0.91536336497951676 -4.5824209426617459 0.4933457107451279 0.22560929307455033 0.98427079533947592 0.98968409044523564 0.98798275985224082 0.99950803166305813 0.45000000000000007 2.2500000000000004 0.99943384226112431 0.37681319459375551 34.500000000000007 0.86336299739426625 0.080892425030469908 0.99645102546829512 0.30325591564178472 0.99900631775854398 4.5000000000000009 0.0028108010301366453 15.500000000000002 29.500000000000004 11.500000000000002 0.86336299739426625 0.89047569596597309 0.95718979868985576 0.98576854864800889 15.500000000000002 1.0668656826019289
decision_type=2 2 2 2 10 10 2 10 10 8 10 10 10 2 10 10 10 8 8 2 8 2 2 2 8 10 10 8 2 10
left_child=2 3 9 12 -4 7 8 -5 -3 29 28 15 13 26 -10 -12 17 -17 22 -15 -9 -22 24 -24 -14 -23 27 -2 -11 -1
right_child=1 6 4 5 -6 -7 -8 20 14 10 11 -13 18 19 -16 16 -18 -19 -20 -21 21 25 23 -25 -26 -27 -28 -29 -30 -31
leaf_value=-0.047113697029897428 0.0065302303552445921 0.035546296988518654 -0.029883479722123837 0.019731598427910498 -0.0038334186977902231 0.030299228580508597 0.046751005539758986 0.030108068825020512 -0.070294469809030702 -0.015299594270986185 -0.022667737195325208 0.09781254426380058 -0.006169795148499066 -0.0058304208354926354 0.016593488791795973 0.29010764015952167 -0.037363509324398241 0.0084092818748078609 -0.02047807435962988 -0.03045822313061854 -0.026562237758141628 -0.00070712299485749079 0.040431848051418119 -0.02376112770807751 0.023775520074811853 0.031849305153472701 0.012689521992724457 -0.0089482438514061277 -0.04578404631846357 -0.023337564617114056
leaf_weight=3092.1931260023266 474.44340369850397 1376.9608933925629 724.72951963171363 537.67380978912115 453.8149866303429 428.5195449963212 2185.8527961187065 74.66617738455534 13.754029449075459 89.638819055631757 60.580788938328624 7.4296944718807927 199.00122436136007 236.88162349723279 33.789988558739424 1.4905943563207977 2.6516982344910502 1.5292618470266459 64.836751056835055 204.42394526489079 82.340065777301788 551.37544535845518 132.83574049919844 23.053230972960591 150.58667883276939 64.690084263682365 345.9013962559402 650.60619050636888 244.84406404010952 112.82807112298906
leaf_count=276049 4190 21338 41006 3637 10514 4407 40469 437 118 6945 3819 162 1576 2812 524 49 122 71 420 2617 484 3262 844 119 879 474 1970 8182 19240 10034
internal_value=-0.000662461 0.0224764 -0.0384803 0.00599191 -0.0198643 0.0146007 0.0417458 0.0094492 0.0340382 -0.0445452 -0.0308102 0.000482073 -4.27576e-05 -0.00311916 -0.00947263 -0.0117249 0.0910387 0.185034 0.0102598 -0.0172817 0.00228151 -0.000732211 0.0142352 0.0308479 0.00676032 0.00275755 0.00113865 -0.00242083 -0.0376844 -0.0462842
internal_weight=12623.9 7832.19 4791.73 4221.84 1178.54 1739.27 3610.36 1310.75 1424.5 3613.19 408.165 73.682 2482.57 1912.26 47.544 66.2523 5.67155 3.01986 570.314 441.306 773.072 698.406 505.477 155.889 349.588 616.066 1470.95 1125.05 334.483 3205.02
internal_count=466770 98759 368011 36310 51520 12701 62449 8294 21980 316491 30408 4223 23609 19771 642 4061 242 120 3838 5429 4657 4220 3418 963 2455 3736 14342 12372 26185 286083
is_linear=0
shrinkage=0.05


Tree=57
num_leaves=31
num_cat=0
split_feature=1 1 1 20 20 1 15 5 23 11 1 22 1 21 6 20 9 8 8 21 5 10 9 9 23 9 8 9 23 5
split_gain=4011.12 1032.24 199.551 108.611 87.3891 62.5575 54.3144 59.3408 46.3347 45.6359 40.4028 37.6359 37.1482 56.2196 48.975 35.7199 43.7309 40.3916 35.5571 52.0159 34.6367 40.0056 34.6006 34.4798 37.2487 33.1056 32.1117 32.727 32.111 30.7679
threshold=-2.638606206055754 2.0907313916268113 -4.5344770017487219 0.59944378300918599 0.34120141913783952 4.0437913338224485 0.74871732265472934 0.098634850707218821 2.2500000000000004 1.0000000180025095e-35 0.63232762221637795 0.45000000000000007 -6.3728454786807758 0.99919395360872809 1.5000000000000002 0.21533798121848444 0.026640031486749653 6.5000000000000009 9.5000000000000018 0.82579579128042313 0.2495693133528723 28.879261016845707 0.040834840387105949 0.40833202004432684 0.75000000000000011 0.050406284630298621 29.500000000000004 0.29824449121952062 0.75000000000000011 0.13778060183301644
decision_type=2 2 2 10 10 2 10 2 10 2 2 10 2 10 2 8 10 2 2 8 2 8 10 8 8 8 2 10 10 2
left_child=2 3 11 6 9 18 7 -2 10 -4 23 -1 -13 14 -14 16 -9 -18 19 -3 22 -22 -17 24 -5 -21 28 -28 -19 -20
right_child=1 5 4 8 -6 -7 -8 15 -10 -11 -12 12 13 -15 -16 20 17 26 29 25 21 -23 -24 -25 -26 -27 27 -29 -30 -31
leaf_value=-0.045736145950781348 0.0096158024338497128 -0.086390896030061642 -0.027776509200924233 -0.037823794630339205 0.0075822466265955055 0.044844632276613228 0.019255140228597794 0.004686530096281432 0.036608609076951397 0.18528062175019858 0.032493763190381247 -0.039712884256048998 0.12174265026709721 0.10553024701771328 -0.024408475166977361 -0.013868512497242295 0.10263427563114157 0.016368549446908111 0.04308967589324398 -0.06543697805066892 -0.017320290284455472 0.020995835987617027 0.01327381101988611 -0.01525419756497854 0.019215278847455105 0.046214204966055904 -0.02296654954879759 0.013755491675336115 -0.029636872057822478 0.025793804492250435
leaf_weight=3189.0171930547804 766.00850239954889 14.626031689345835 741.28859858959913 30.830964498221874 240.05252457037568 2483.7169635258615 320.94307279773057 261.74222857505083 269.3121128231287 1.5381484273821104 173.14118838310242 190.15603050775826 5.1508923573419443 9.8458456462249142 85.439402694813907 151.57715751230717 5.8163546100258818 40.267029467970133 426.01730208098888 7.5718151032924643 390.64256719127297 81.581910129636526 509.78913483396173 151.84337278455496 288.63896695524454 29.213340025395155 119.54039912112057 121.22115944325924 523.37025509029627 668.15158016234636
leaf_count=297384 5982 90 42357 158 3644 47539 2227 2888 2272 57 1816 14844 154 234 5515 1038 53 519 6681 80 2667 459 3320 898 1746 414 1799 1524 8605 9258
internal_value=-0.000707662 0.0208412 -0.038541 0.00398166 -0.0186204 0.0403746 -0.000252735 -0.00236545 0.0192227 -0.0270868 0.0119118 -0.0441609 -0.0267765 -0.00213399 -0.01486 -0.00652913 -0.013068 -0.0188024 0.0306524 -0.00981804 -0.00033967 -0.0106704 0.00704157 0.00429804 0.0136098 0.0221085 -0.0198068 -0.00449693 -0.026327 0.0325612
internal_weight=12298.1 7835.56 4462.49 4206.27 982.879 3629.3 3292.5 2971.56 913.767 742.827 644.454 3479.61 290.592 100.436 90.5903 2205.55 1071.96 810.215 1145.58 51.4112 1133.59 472.224 661.366 471.313 319.47 36.7852 804.399 240.762 563.637 1094.17
internal_count=466222 102033 364189 37971 46058 64062 31081 28854 6890 42414 4618 318131 20747 5903 5669 22872 15388 12500 16523 584 7484 3126 4358 2802 1904 494 12447 3323 9124 15939
is_linear=0
shrinkage=0.05


Tree=58
num_leaves=31
num_cat=0
split_feature=1 1 1 20 20 5 20 12 13 15 8 7 1 10 1 18 12 22 22 7 21 7 9 12 9 18 10 7 10 8
split_gain=3890.72 889.8 253.382 93.3222 85.2119 76.1147 59.649 55.8228 64.8129 63.9071 55.7131 46.5637 45.5569 40.4503 39.0251 36.6175 48.5928 34.6459 37.2067 34.3702 57.1151 32.7936 36.6389 32.7897 32.1871 28.8279 31.0572 27.8195 26.8916 26.7215
threshold=-2.2726095438081662 2.6948395857853402 -4.5824209426617459 0.34120141913783952 0.059655159962772784 0.22621104459136629 0.0011055057975074927 0.024025714956223968 44.500000000000007 0.34724831869222156 21.500000000000004 0.95230952553122394 0.29575346466266556 21.016340255737308 4.4444236223739759 0.21980722248554233 0.10842134431004526 0.55000000000000016 0.63333333333333341 0.99765218766094621 0.98783134217393143 0.99171313317118581 0.032463075593113906 0.080892425030469908 0.28883065283298498 0.83817097544670116 5.1188235282897958 0.98576854864800889 14.7514705657959 30.500000000000004
decision_type=2 2 2 8 8 2 10 8 2 8 2 10 2 10 2 10 10 10 10 10 8 10 10 10 10 8 8 8 8 2
left_child=2 3 17 6 -4 12 21 8 29 24 11 -8 -5 27 -3 -14 -17 -1 23 -11 25 -2 -23 -19 -9 26 -21 -12 -22 -7
right_child=1 14 4 5 -6 7 10 9 -10 19 13 -13 15 -15 -16 16 -18 18 -20 20 28 22 -24 -25 -26 -27 -28 -29 -30 -31
leaf_value=-0.045383974105992632 0.03597087310998124 0.033949207468321085 -0.030745495069382407 0.01462119680617515 -0.0043940838976937865 0.0077511490163815651 0.00081585725677342123 0.03290230410539776 -0.064087066629207309 0.026424287253458731 0.011878036617812164 -0.025294004827661712 0.043381687687911556 0.044901703635254094 0.045642015867237623 0.019093052401045252 -0.11221196235723835 0.0046671879932444907 -0.032115669920227234 -0.094391091265124683 0.039188284040017493 0.030498992637842743 -0.013246431308199899 0.14580951766653519 -0.029165069177381642 0.032500978670062707 -0.01944174158485688 -0.0052225788924420979 -0.019669638579989976 -0.05137996654691647
leaf_weight=3118.8869757307693 150.17417769320309 1106.7393371351063 609.00634514726698 632.9053237400949 617.95389134250581 123.20883194729686 281.48178081586957 24.141779165714979 56.557663880288601 388.53847754746675 363.35265159234405 432.85496335290372 347.22808401659131 53.494198776781559 2107.88060978055 108.3853086233139 6.5387792475521556 22.409677442163233 166.89502170681953 15.501124732196329 94.885260604321957 80.805233873426914 114.44013648293912 4.0604819674044839 125.78613087907434 20.48736435174942 91.047222785651684 683.89719734713435 23.668994329869747 21.579833127558231
leaf_count=303208 1130 18303 37167 3598 16116 872 2003 166 369 2705 3076 5197 3812 476 42270 1128 54 974 12259 98 820 624 1334 108 878 122 471 7095 195 149
internal_value=-0.00042649 0.0217923 -0.0369173 0.00675064 -0.0174881 0.0143063 -0.000528357 0.00421762 -0.0192052 0.0102494 -0.00415495 -0.0150188 0.0233726 0.00290244 0.0416282 0.0353 0.0107187 -0.0441071 -0.0233835 0.0171884 0.00252886 0.0184853 0.00492143 0.030838 -0.019019 -0.0206876 -0.031122 0.000716303 0.0273712 -0.00135395
internal_weight=11994.8 7455.58 4539.21 4240.96 1226.96 2080.46 2160.5 985.403 201.346 784.056 1815.08 714.337 1095.06 1100.74 3214.62 462.152 114.924 3312.25 193.365 634.128 245.59 345.42 195.245 26.4702 149.928 127.036 106.548 1047.25 118.554 144.789
internal_count=466777 96945 369832 36372 53283 15437 20935 6845 1390 5455 17847 7200 8592 10647 60573 4994 1182 316549 13341 4411 1706 3088 1958 1082 1044 691 569 10171 1015 1021
is_linear=0
shrinkage=0.05


Tree=59
num_leaves=31
num_cat=0
split_feature=2 3 21 2 5 7 20 8 4 17 5 20 22 8 16 24 12 12 9 5 16 6 10 12 6 20 17 12 10 22
split_gain=3524.47 559.512 247.168 150.185 149.758 86.1763 67.8178 56.3729 101.459 50.9327 39.6674 51.714 38.3323 36.8899 49.0807 44.3321 43.4314 38.5569 35.688 45.5904 35.2817 42.3797 33.7188 33.6732 33.5035 32.7705 32.32 31.7027 76.5961 43.7499
threshold=-0.57475045889178011 1.5000000000000002 0.98294340796849544 -0.93734811075884117 0.12177585312082538 0.69485096136151425 0.12369876004917867 9.5000000000000018 7.5000000000000009 0.041484538465738303 0.20258679379831493 0.52294222304992355 0.45000000000000007 15.500000000000002 0.99397863254122865 2.5000000000000004 0.11648071929812433 0.026770514436066154 0.25068610906600958 0.33151979887485311 0.99376209827994988 10.500000000000002 2.3332059383392338 0.018717511557042602 1.5000000000000002 0.4031943136084512 0.64374119043350231 0.023067354224622253 11.002777576446535 0.77500000000000013
decision_type=2 2 10 2 2 10 8 2 2 8 2 10 8 2 10 10 8 10 8 2 10 2 10 8 2 10 8 8 8 10
left_child=3 2 4 12 7 -6 -5 8 -2 -3 -4 23 -1 14 25 20 17 -16 -17 -20 21 -15 -21 -12 -8 -7 -25 28 29 -13
right_child=1 9 10 6 5 13 24 -9 -10 -11 11 27 -14 15 16 18 -18 -19 19 22 -22 -23 -24 26 -26 -27 -28 -29 -30 -31
leaf_value=-0.045937538918851953 0.034913768767346663 -0.014342487549297039 0.045834219931408814 -0.032870553906327919 0.037391207458977831 -0.014744248264372987 0.037204269513270369 0.033721780138069223 -0.13232711932932975 0.0027174931250192355 -0.065262552625080003 -0.018081098378377645 -0.028160461245203362 0.0139540109308092 0.013431307685021458 -0.014305132895292619 0.024650764750382415 -0.099836164974875324 0.017463910555707909 -0.10880769557552109 0.033566388056325745 -0.041707704963930614 -0.012013225789291142 -0.033333763198818492 -0.012246669668811392 0.027084075757795485 0.033224899705571284 0.042664321958338462 -0.14457104174669139 0.03607742936737509
leaf_weight=2604.418479880318 23.292745560407639 618.6277856528759 1382.5574443638325 687.17806188482791 243.41706765070558 132.66378181800246 36.045440163463354 1256.1935074552894 13.542612116783856 1487.6736228838563 16.411797221750021 45.48044902831316 349.98780128266662 445.58589896187186 9.2614224553108198 274.61855687946081 13.55286545678973 34.373626340180635 299.02397831529379 10.242225110530851 228.38658806681633 36.068014532327652 46.703845854848623 26.300912365317345 458.50107199139893 71.075069781392813 54.2106117233634 591.36659282073379 5.8050218634307376 193.4687043055892
leaf_count=264364 335 13671 25703 48770 4221 1049 901 18301 95 18353 156 686 28141 3623 125 2436 159 291 2683 72 2355 206 304 230 14068 699 730 10409 88 3473
internal_value=-0.000711743 0.0195896 0.0280418 -0.0378137 0.0188881 0.00973535 -0.0227186 0.0319302 -0.0284451 -0.00229751 0.0404329 0.0323888 -0.0438419 0.00551129 -0.0116586 0.00885926 -0.0521587 -0.0760331 -0.00079084 0.00964584 0.0174186 0.00970808 -0.0309998 -0.0021651 -0.00857459 -9.12642e-05 0.0113398 0.0363921 0.0211256 0.0257368
internal_weight=11696 7559.9 5453.6 4136.13 3138 1844.97 1181.72 1293.03 36.8354 2106.3 2315.6 933.044 2954.41 1601.56 260.927 1340.63 57.1879 43.635 630.589 355.97 710.041 481.654 56.9461 96.9233 494.547 203.739 80.5115 836.121 244.754 238.949
internal_count=466697 110453 78429 356244 36954 18223 63739 18731 430 32024 41475 15772 292505 14002 2323 11679 575 416 5495 3059 6184 3829 376 1116 14969 1748 960 14656 4247 4159
is_linear=0
shrinkage=0.05


Tree=60
num_leaves=31
num_cat=0
split_feature=1 1 1 20 20 7 8 10 8 23 17 20 1 6 23 20 6 18 10 5 20 18 7 11 6 4 12 6 18 4
split_gain=3384.18 894.722 209.85 108.011 89.8792 51.7369 49.8854 93.3618 45.0727 52.5822 45.5824 43.4413 41.9889 41.7801 45.4519 47.7602 45.2018 41.7696 36.0537 35.2525 54.6439 44.5888 46.2371 40.9998 34.4617 32.7894 34.4617 31.4941 31.202 30.7687
threshold=-2.5222548778092215 2.406819681551482 -5.0855245593740159 0.34120141913783952 0.52294222304992355 0.9727124252199254 9.5000000000000018 1.0000000180025095e-35 23.500000000000004 2.2500000000000004 0.14436665177345279 0.39961090247063058 4.9254187240213616 10.500000000000002 1.2500000000000002 0.99101311106043177 3.5000000000000004 0.31545226275920873 15.00632953643799 0.20801386559711338 0.72454845692073533 0.0090327137149870413 0.99521561757817401 1.0000000180025095e-35 3.5000000000000004 4.5000000000000009 0.024025714956223968 1.5000000000000002 0.1282051280140877 3.5000000000000004
decision_type=2 2 2 10 10 8 2 10 2 10 10 10 2 2 10 10 2 10 10 2 10 8 10 2 2 2 10 2 10 2
left_child=2 4 -1 5 8 6 7 -4 9 27 24 -11 19 14 16 -16 -6 -17 -5 23 21 22 -21 -3 -10 26 -15 29 -18 -2
right_child=1 12 3 18 13 -7 -8 -9 10 11 -12 -13 -14 25 15 17 28 -19 -20 20 -22 -23 -24 -25 -26 -27 -28 -29 -30 -31
leaf_value=-0.04436611234656563 0.086489416559606389 0.040737825228276597 0.022430801344304072 0.013521607048387053 0.020219301418817722 -0.034115900420778361 -0.011898195163719781 0.37643902138615865 0.011011970836901567 -0.032122510289556531 0.01645909284720793 0.0088953518030063846 0.045872147127660412 -0.1148177181254332 0.027839832738501154 -0.0012598165736715907 -0.053365063150379269 -0.1221363058056229 -0.040189525261575341 -0.16562796515953865 0.038168822596683097 0.012050898271024305 -0.014412243683833016 -0.024744619479487261 -0.0098367008842959874 0.01772505905712542 -0.01775502787647934 -0.0059387823112711452 0.0084248538730163115 0.0084733333263466108
leaf_weight=2839.4482773812488 12.082706794142721 1037.2547120712698 9.8315819641575199 255.78016002848744 96.036109481006861 732.18220331799239 198.98081208113581 1.3415787247940887 338.38372502103448 268.76048531197011 666.71556978859007 84.365879442542791 1601.7624114193022 11.991969585418699 798.94774546474218 63.785173460841179 51.942465387284756 7.0518073514103881 34.593833146616817 6.2519702352583435 255.18251357227564 187.15330688282847 17.423373881727457 23.843497253954411 475.5016654767096 35.827671609818935 32.521797657012939 852.94914977997541 32.875586323440075 388.94194058515131
leaf_count=296341 94 19636 543 4721 765 51686 12414 90 3187 3144 4909 521 34720 59 6707 542 296 54 700 82 4670 2653 201 311 5679 234 154 8814 235 2714
internal_value=-0.000330276 0.0199324 -0.0368869 -0.0196372 0.0049036 -0.027846 -0.00594347 0.092369 0.000485075 -0.00531175 0.0067765 -0.0223254 0.0401878 0.0169556 0.0196146 0.024352 -0.0031777 -0.0148257 0.00700674 0.0341994 0.0226525 0.00378025 -0.0594379 0.0392445 -0.00116571 -0.0176308 -0.0458518 -0.00050662 -0.0295961 0.0110332
internal_weight=11419.7 7347.55 4072.16 1232.71 4218.68 942.336 210.154 11.1732 3087.7 1607.1 1480.6 353.126 3128.87 1130.98 1050.64 869.785 180.854 70.837 290.374 1527.11 466.011 210.829 23.6753 1061.1 813.885 80.3414 44.5138 1253.97 84.8181 401.025
internal_count=466876 100381 366495 70154 38108 64733 13047 633 29062 15287 13775 3665 62273 9046 8599 7303 1296 596 5421 27553 7606 2936 283 19947 8866 447 213 11622 531 2808
is_linear=0
shrinkage=0.05


Tree=61
num_leaves=31
num_cat=0
split_feature=0 0 0 20 20 15 7 20 0 10 5 22 6 12 8 12 7 20 18 8 4 3 17 0 5 20 24 10 5 7
split_gain=3137.34 859.658 218.559 97.7014 81.6479 50.6148 54.0483 50.3659 49.0746 42.3007 40.2314 52.3511 46.755 53.0185 39.0019 34.7461 38.5208 32.3975 32.3345 30.8214 48.1395 39.7799 29.1313 29.0834 28.5818 28.4639 28.4277 27.9464 29.1243 27.0878
threshold=0.08202388969110963 0.91536336497951676 0.0063804774043320937 0.12369876004917867 0.62170365681614881 0.74871732265472934 0.99103554896432011 0.0059637695006325873 0.98830705830341004 16.361818313598636 0.20932013897972582 0.77500000000000013 3.5000000000000004 0.016442644409835342 9.5000000000000018 0.15427821874618533 0.99785542381583914 0.4955099802891208 0.063705228269100203 31.500000000000004 4.5000000000000009 2.5000000000000004 0.25653876364231115 0.32447497771569461 0.25401479141058431 0.17196969134905246 1.5000000000000002 12.684000492095949 0.065810437728914803 0.69485096136151425
decision_type=2 2 2 8 10 10 10 8 2 10 2 10 2 10 2 10 10 10 10 2 2 2 10 2 2 8 10 8 2 8
left_child=2 4 -1 -4 5 6 7 18 10 15 -3 12 17 -14 29 23 -17 -12 -2 -16 21 -21 -22 26 25 -9 -6 28 -8 -5
right_child=1 8 3 14 9 -7 27 24 -10 -11 11 -13 13 -15 19 16 -18 -19 -20 20 22 -23 -24 -25 -26 -27 -28 -29 -30 -31
leaf_value=-0.044221383396053672 0.013666401328453768 0.037436543692242821 -0.030897793072403864 0.17820023296540538 -0.020524255400648377 0.018462584880113365 0.039757112017160479 -0.0058432573415256525 0.044247750541996797 -0.013238875998205899 -0.083633170031043411 0.03571276410477691 -0.037577186489333225 0.029421519785256724 -0.012284492517978949 0.016380390100863538 -0.11675868383938787 0.019325006739498433 0.050475268269929797 0.19803687938735495 -0.0029087292788115057 0.0012551109114586584 0.067520091334692819 0.030995846905743571 -0.020463041836760908 0.01146687198570704 0.018921211696762516 0.0052147291666762505 -0.012799849836498662 0.030174835001905501
leaf_weight=2732.6298116454855 242.48705513961613 787.18850313127041 731.80095805227757 3.5477941511198852 57.636560127139091 352.35591118037701 26.017142342403531 441.29732400923967 1876.9884100034833 96.191082786768675 24.455118928104639 187.16269079223275 40.153660908341408 103.83939640969038 384.31927009578794 12.30536959692836 8.4395860694348794 10.454309921711681 78.699867537245154 5.2892650645226222 107.3236771915108 4.3624862441793084 15.996602075174449 477.54774898290634 142.6969180945307 512.03324181400239 207.04101433604956 309.54679118283093 1170.7472060341388 11.401091487146914
leaf_count=297767 2038 14588 54233 117 296 2588 207 4308 42222 714 192 3359 421 1503 11420 98 52 144 617 113 3506 138 321 5043 1161 3185 1034 2797 12337 241
internal_value=-0.000780624 0.0190164 -0.0362688 -0.0190555 0.00418821 0.000588252 -0.00157162 0.0054353 0.0392427 0.0178978 0.0310655 0.0173004 -0.00205357 0.0106081 -0.00274561 0.0218355 -0.0406626 -0.0531208 0.0228143 -0.00511042 0.0155612 0.117562 0.00669664 0.0236347 0.000326294 0.00345628 0.0102866 -0.00816331 -0.011625 0.074276
internal_weight=11162 7165.28 3996.67 1264.04 4135.04 3275.88 2923.53 1417.21 3030.24 859.161 1153.25 366.065 178.902 143.993 532.24 762.97 20.745 34.9094 321.187 517.291 132.972 9.65175 123.32 742.225 1096.03 953.331 264.678 1506.31 1196.76 14.9489
internal_count=466760 98904 367856 70089 36475 29238 26650 11309 62429 7237 20207 5619 2260 1924 15856 6523 150 336 2655 15498 4078 251 3827 6373 8654 7493 1330 15341 12544 358
is_linear=0
shrinkage=0.05


Tree=62
num_leaves=31
num_cat=0
split_feature=0 1 1 20 20 5 23 1 15 12 13 17 5 19 0 6 9 20 5 10 5 18 12 18 5 20 10 20 13 18
split_gain=2897.13 873.439 116.421 82.6891 77.6399 54.3718 51.7944 50.3207 41.1024 58.6503 41.4438 40.9233 49.4563 48.2979 40.5385 42.1531 36.9056 52.6827 51.2397 47.7985 40.564 36.6908 51.0418 36.688 36.6099 56.5177 34.9846 35.6911 31.6422 30.8445
threshold=0.044315815100590308 2.6948395857853402 -5.0855245593740159 0.34120141913783952 0.059655159962772784 0.22621104459136629 1.7500000000000002 -0.712638866999041 0.34724831869222156 0.020993786863982681 356.50000000000006 0.71856418251991283 0.15122100568349722 4.5000000000000009 0.99274956361443423 1.0000000180025095e-35 0.23826886713504794 0.11277237412252998 0.20382199039445767 34.294172286987312 0.10277985438320733 0.21980722248554233 0.10463429614901544 0.10124675929546358 0.15390990723815898 0.6622948989861035 6.3347165584564218 0.62170365681614881 102.50000000000001 0.20375661551952365
decision_type=2 2 2 8 10 2 10 2 8 8 2 10 2 10 2 2 8 10 2 8 2 10 10 8 2 10 8 10 2 10
left_child=2 3 -1 6 -4 7 11 -5 10 23 -7 12 -2 -13 15 -3 20 -18 19 -19 29 -9 -23 -10 -17 26 27 -26 -29 -8
right_child=1 14 4 5 -6 8 16 21 9 -11 -12 13 -14 -15 -16 24 17 18 -20 -21 -22 22 -24 -25 25 -27 -28 28 -30 -31
leaf_value=-0.043675632831820105 0.0092223321355183949 -0.027343774168196746 -0.033837326389399847 0.0066350830343344189 -0.0024569503849575822 -0.0064544667213277708 -0.0096683974788366114 0.033869931663851729 -0.064313335983323686 0.013932324387880626 -0.061867275685166701 -0.0046511552530119895 -0.012809110657937106 0.043253391515523765 0.044753847721656616 0.042795866728250066 -0.016234059580556744 0.06432977639527665 -0.0017297999335694385 -0.016342786040744288 -0.027845568164225166 0.015001502181297609 -0.083704569509256699 -0.0063900866919524282 0.0017655718952835284 0.038038320963806438 0.031613441324518508 -0.019161187130900859 -0.17018987114137779 0.03987930266561554
leaf_weight=2601.9749489780515 619.53078364953399 27.996177092194557 534.74023628141731 540.82400436513126 312.10706834774464 189.52597802504897 182.25309871137142 497.46948926523328 35.997300028800964 653.37527539953589 40.133052788674831 87.833823312073946 431.1078696269542 129.56186080910265 1490.7528594136238 609.93135737627745 263.83583970926702 72.093951901420951 162.00771356746554 24.053423317149282 407.93066444247961 140.74271203577518 13.434925261884926 105.7288422472775 160.94762401655316 387.598612383008 101.64876616373658 9.3123865127563459 4.8233310580253592 36.908584333956242
leaf_count=296232 6615 400 46372 3290 14351 1422 2354 5015 239 4768 336 690 7261 949 35061 12745 4642 555 1643 225 6716 1349 92 768 2548 7834 1794 157 83 466
internal_value=-0.00056836 0.0170161 -0.0384321 0.00370276 -0.0222886 0.0106739 -0.0026937 0.0179278 0.00222372 0.0076065 -0.0163641 0.00427245 0.000178601 0.023966 0.0390972 0.0325925 -0.010378 -0.000551934 0.0154761 0.0441872 -0.0185433 0.0272754 0.00591634 -0.0214497 0.0339297 0.0257375 0.00843382 -0.00512677 -0.0785341 -0.00118093
internal_weight=10876.2 7427.36 3448.82 4634.35 846.847 2217.23 2417.12 1192.47 1024.76 795.101 229.659 1268.03 1050.64 217.396 2793.01 1302.26 1149.08 521.991 258.155 96.1474 627.092 651.647 154.178 141.726 1274.26 664.331 276.732 175.083 14.1357 219.162
internal_count=466972 110017 356955 49395 60723 17279 32116 9746 7533 5775 1758 15515 13876 1639 60622 25561 16601 7065 2423 780 9536 6456 1441 1007 25161 12416 4582 2788 240 2820
is_linear=0
shrinkage=0.05


Tree=63
num_leaves=31
num_cat=0
split_feature=0 1 20 20 0 6 1 5 0 8 4 24 20 17 9 24 6 5 20 4 8 10 24 20 18 12 17 7 24 9
split_gain=2699.19 837.299 121.302 88.4874 73.9665 63.8973 55.2121 53.6502 50.6765 47.4259 71.2951 53.7788 46.4702 46.2087 43.5847 45.36 42.6873 51.2212 70.5412 43.2777 61.9384 43.125 53.3146 61.9346 46.6924 50.5096 37.4221 33.8547 32.7743 32.1124
threshold=0.044315815100590308 2.6948395857853402 0.42345984324800351 0.34120141913783952 0.00098182450198234313 11.500000000000002 -5.163771166718071 0.1209871978450011 0.4933457107451279 21.500000000000004 5.5000000000000009 1.5000000000000002 0.002037293193345864 0.29595655202865606 0.11266748607158662 3.5000000000000004 1.0000000180025095e-35 0.19685361889601363 0.72454845692073533 7.5000000000000009 9.5000000000000018 5.4309871196746835 3.5000000000000004 0.59602278657293406 0.012954629957675936 0.078495562076568617 0.18615905195474627 0.69485096136151425 2.5000000000000004 0.16598966717720035
decision_type=2 2 10 10 2 2 2 2 2 2 2 10 10 10 10 8 2 2 8 2 2 8 10 8 8 8 8 10 10 10
left_child=2 3 6 7 -4 8 -1 12 -5 11 26 -9 29 28 -15 -16 19 -18 21 -3 -21 22 24 -24 25 -19 -11 -12 -6 -2
right_child=1 16 4 5 13 -7 -8 9 -10 10 27 -13 -14 14 15 -17 17 18 -20 20 -22 -23 23 -25 -26 -27 -28 -29 -30 -31
leaf_value=-0.045068913802185362 0.025325292920098788 0.026378330954924048 -0.042053633435299519 0.0060308804033629496 -0.018538432556809183 -0.032195961921522923 -0.029022278887834208 -0.0010801491881506184 0.022675631481800396 -0.0035730711943284948 0.061881473116322139 -0.030167037611940589 -0.0010776999083679981 0.14901571042561843 -0.014743603185240862 0.16602453875098097 0.044554319978492518 -0.021455766111391526 0.040076040287961308 -0.14144902282744734 0.032449894570348192 0.028820069654527602 -0.030181778970693324 -0.21379617213493007 0.019216604811772998 -0.20879808567908664 0.037393157201359876 -0.010761730085496609 0.022800079401489041 -0.031513759418630431
leaf_weight=2269.7971973028034 326.21968119032681 39.067814920097589 116.73115993198007 1024.2692134715617 119.38521063700318 78.967086538672447 712.05635207425803 265.33750769123435 826.59827395528555 87.480682267807424 15.438305737450717 395.48099691607058 723.39955910667777 9.116985138505699 17.154748654924337 3.3099223952740422 1730.6454137451947 18.723630946129564 574.81323261186481 10.277727745473387 8.8143102340400201 157.8340871706605 21.415704634040598 5.0094581395387641 105.76779044419527 3.5434734411537638 151.89059431292117 686.19596282672137 78.6909618396312 26.051949388347566
leaf_count=275332 3082 852 11494 6007 5645 420 60671 3162 8588 1617 116 6760 8146 233 705 110 40065 308 13008 79 165 3255 354 102 1917 48 1311 9945 3189 215
internal_value=-0.000691696 0.0163515 -0.0380036 0.00342925 -0.00987391 0.0115882 -0.041248 -0.00245357 0.0134727 -0.00825145 -0.00103744 -0.0185071 0.00617992 0.00673794 0.0639428 0.0208662 0.0385911 0.0395321 0.0296951 -0.00371583 -0.0635451 0.0105209 -0.00824318 -0.0715163 0.00526881 -0.0589611 0.0224691 -0.00907754 -0.00208359 0.0210445
internal_weight=10609.5 7283.24 3326.24 4607.33 344.389 1929.83 2981.85 2677.5 1850.87 1601.82 941.006 660.819 1075.67 227.658 29.5817 20.4647 2675.91 2617.75 887.107 58.1599 19.092 312.294 154.46 26.4252 128.035 22.2671 239.371 701.634 198.076 352.272
internal_count=466901 109522 357379 49369 21376 15015 336003 34354 14595 22911 12989 9922 11443 9882 1048 815 60153 59057 18992 1096 244 5984 2729 456 2273 356 2928 10061 8834 3297
is_linear=0
shrinkage=0.05


Tree=64
num_leaves=31
num_cat=0
split_feature=0 0 22 15 20 6 0 7 18 15 10 0 5 11 5 20 7 10 5 12 24 13 24 20 7 10 4 20 6 24
split_gain=2540.45 825.383 105.954 74.678 62.8646 63.8331 51.9289 51.2429 77.0775 132.72 92.6144 49.046 45.642 43.6365 48.5889 58.5283 42.3613 41.3298 40.417 40.2117 55.4137 70.8602 37.209 35.6733 34.372 33.987 45.1713 42.102 32.6142 31.4346
threshold=0.040392754896453019 0.91536336497951676 0.45000000000000007 0.59418211356856954 0.50177277141717702 8.5000000000000018 0.00098182450198234313 0.9727124252199254 1.0668656826019289 0.00046798829301238776 1.7132022976875307 0.99274956361443423 0.098634850707218821 1.0000000180025095e-35 0.19685361889601363 0.72454845692073533 0.9996010205364747 5.3619801998138437 0.38477658318641778 0.082184031605720534 3.5000000000000004 378.50000000000006 1.5000000000000002 0.12369876004917867 0.99645334650128048 4.0003206729888925 7.5000000000000009 0.23263801667800935 1.5000000000000002 2.5000000000000004
decision_type=2 2 10 10 10 2 2 8 10 10 10 2 2 2 2 10 10 8 2 10 10 2 10 10 10 10 2 10 2 10
left_child=2 3 7 4 12 22 -4 8 23 10 -10 13 -2 14 -3 17 28 19 -5 20 -16 -22 -6 -1 -20 -25 -27 -28 -8 -18
right_child=1 11 6 18 5 -7 16 -9 9 -11 -12 -13 -14 -15 15 -17 29 -19 24 -21 21 -23 -24 25 -26 26 27 -29 -30 -31
leaf_value=-0.034044620611183227 0.005722005931476197 0.039338975068324074 -0.038476495725270267 0.018803650264387479 -0.0065156535467320023 -0.026563618463464958 0.079930175163854103 -0.043586729941374323 -0.021269692910537548 0.022854474068780928 0.62416873636193504 0.044310620417214834 -0.008398705507771418 -0.033006286818389789 0.0085951544363683813 0.036265064256435282 -0.011441389011695589 0.025629847254730123 0.020912139115494902 -0.1063364484683437 -0.016246278722947271 -0.19529857854947455 0.020808085416485704 -0.00045031246568293841 -0.055124397546521348 -0.033276750231312324 0.39252274927520192 -0.00084158234725967447 -0.0083884955891550244 0.1296952323071203
leaf_weight=287.73726687394083 816.52007246389985 845.68194614350796 119.33633782714605 815.75554736796767 153.14588713645935 99.750323001295328 10.014504842460154 2462.9041610425338 0.72996490169316774 15.360236273147164 0.7053782120347023 1372.0400137156248 1907.443866004236 25.48959444090724 100.69637082517147 250.79433602839708 5.9859349476173511 101.74548746272922 24.758857243694365 10.383585955947636 17.72627126425505 7.1678230017423621 657.99449819326401 30.85710746049881 34.671720127575099 1.9263459993526333 1.0311948144808414 1.0163059243932364 204.81334091071039 9.7733749821782094
leaf_count=32084 8206 18435 12266 6916 1083 557 289 294635 91 1624 88 34879 27140 327 1400 5275 190 1698 185 131 226 93 5010 2970 239 208 86 88 10310 151
internal_value=-0.000373552 0.0159351 -0.0378337 0.00279568 -0.000362733 0.0110011 -0.0118512 -0.0410728 -0.0227537 0.0787585 0.421973 0.037619 -0.00416541 0.030839 0.0320826 0.019466 0.00203489 0.00166539 0.0158988 -0.0163227 -0.00809935 -0.0733525 0.0156476 -0.0282663 -0.0236256 0.019086 0.140377 0.261064 -0.00392013 0.0786027
internal_weight=10394 7241.77 3152.19 4510.04 3634.85 910.891 349.923 2802.27 339.364 16.7956 1.43534 2731.73 2723.96 1359.69 1334.2 488.514 230.587 237.72 875.186 135.974 125.59 24.8941 811.14 322.568 59.4306 34.831 3.97385 2.0475 214.828 15.7593
internal_count=466880 111800 355080 49336 41996 6650 23206 331874 37239 1803 179 62464 35346 27585 27258 8823 10940 3548 7340 1850 1719 319 6093 35436 424 3352 382 174 10599 341
is_linear=0
shrinkage=0.05


Tree=65
num_leaves=31
num_cat=0
split_feature=2 1 0 20 21 6 12 17 6 0 7 1 9 9 8 24 20 22 5 5 20 6 13 6 20 4 8 16 3 5
split_gain=2330.4 708.444 184.02 80.3628 77.5026 61.766 83.7313 76.5429 60.4571 45.9222 43.7414 39.6775 38.9443 63.0091 56.8372 38.4507 36.8728 36.5399 34.609 32.9924 51.384 48.8641 36.6391 36.4161 32.5771 30.2917 58.1624 30.2342 29.8019 38.5866
threshold=-0.57475045889178011 2.6948395857853402 0.0050395216892992287 0.42345984324800351 0.98964606679678291 1.5000000000000002 0.074963670223951354 0.063903246074914946 10.500000000000002 0.99274956361443423 0.99103554896432011 1.0000000180025095e-35 0.27597160637378698 0.030991855077445511 30.500000000000004 1.5000000000000002 0.99101311106043177 1.0000000180025095e-35 0.31494696179734538 0.20801386559711338 0.72454845692073533 3.5000000000000004 107.50000000000001 1.0000000180025095e-35 0.00085444128423732676 7.5000000000000009 11.500000000000002 0.43716538429211399 2.5000000000000004 0.26535609429258195
decision_type=2 2 2 10 10 2 8 10 2 2 8 2 8 10 2 8 10 10 2 2 10 2 2 2 8 2 2 10 2 2
left_child=2 3 -1 10 5 6 7 25 11 19 24 16 13 17 15 -14 -5 27 -16 23 21 22 -21 -3 -2 -4 -27 -12 29 -6
right_child=1 9 4 8 28 -7 -8 -9 -10 -11 12 -13 14 -15 18 -17 -18 -19 -20 20 -22 -23 -24 -25 -26 26 -28 -29 -30 -31
leaf_value=-0.043371547102345601 0.033182517717366515 -0.018370408361015552 0.0082738503240826315 0.011636262352758445 0.051054436846437984 -0.029159857382681571 -0.018741660600626344 0.25960318242293895 -0.023517217336775371 0.04360194487268252 0.0021312603727428304 0.024549319861356896 0.020535614925479641 -0.024527228463576078 0.015216179227445295 -0.01248316593502229 -0.023843798138253346 -0.039899246806614441 0.072746841948147997 -0.016785615099948779 0.035291086422576931 0.01172823649396096 -0.12115359249337368 0.037628365114595441 0.0034353496248201686 0.29715447189855931 0.043767993183763038 0.043663254420565463 -0.010721488806876019 -0.023684121544936567
leaf_weight=2208.7792819682509 99.759550830349326 29.57927168905735 27.056755313649774 660.7952365539968 67.572955713607371 840.7345005273819 103.97661068104208 3.4815554888918987 104.89830578211695 1313.4595765173435 197.00177971459925 664.20845583081245 106.583072880283 531.97620783839375 169.90688724443316 488.83374700881541 81.398749751970172 39.262594733387232 30.107634178362787 25.774859622120857 192.81428860500455 139.69105519726872 11.77667762711644 785.66994449868798 1067.5838293209672 1.9626226755790401 11.752237552776931 55.397640122100711 71.014353382401168 22.416096115019172
leaf_count=285476 1235 408 1630 4038 1160 57747 6276 128 579 34787 3229 7624 1283 8781 1804 6100 534 528 191 311 4250 2233 111 18101 13496 64 618 556 2503 410
internal_value=-0.000861175 0.0159764 -0.0349269 0.00366488 -0.0186834 -0.0239183 0.00580731 0.0626268 0.0129446 0.0371415 -0.0013711 0.0156789 -0.00668875 -0.0143025 0.00120304 -0.00654809 0.00771821 0.00436699 0.0241949 0.0299518 0.0174976 -0.00194855 -0.0518105 0.0355766 0.00600373 0.0399945 0.0977581 0.0113832 0.0134211 0.0323815
internal_weight=10155.2 6796.48 3358.75 4297.71 1149.97 988.964 148.23 44.2532 1511.3 2498.77 2786.41 1406.4 1619.07 823.638 795.431 595.417 742.194 291.662 200.015 1185.31 370.057 177.243 37.5515 815.249 1167.34 40.7716 13.7149 252.399 161.003 89.9891
internal_count=466191 110179 356012 49978 70536 66463 8716 2440 12775 60201 37203 12196 22472 13094 9378 7383 4572 4313 1995 25414 6905 2655 422 18509 14731 2312 682 3785 4073 1570
is_linear=0
shrinkage=0.05


Tree=66
num_leaves=31
num_cat=0
split_feature=1 0 0 20 1 0 6 10 6 20 16 12 4 8 23 8 18 8 6 10 23 22 23 15 12 15 6 6 20 8
split_gain=2208.3 712.669 158.926 70.6067 69.9974 45.0754 41.7609 91.2969 40.1477 39.3142 38.9594 55.7067 40.9993 46.7671 36.8288 30.735 30.5743 34.0285 181.735 244.841 28.3628 28.3288 29.802 33.5521 30.5214 27.3231 51.2683 27.2756 48.0236 94.2352
threshold=-2.7538459242874578 0.93525407248623138 0.0050395216892992287 0.34120141913783952 0.29575346466266556 0.99274956361443423 1.5000000000000002 0.66862747073173534 1.0000000180025095e-35 0.64990926858200992 0.57858834437047213 0.12392259389162065 7.5000000000000009 9.5000000000000018 2.2500000000000004 13.500000000000002 1.0000084042549136 39.500000000000007 3.5000000000000004 2.5266515016555791 2.7500000000000004 0.45000000000000007 2.2500000000000004 0.020836053367258935 0.046799948439002044 0.22703381906282352 3.5000000000000004 2.5000000000000004 0.6622948989861035 15.500000000000002
decision_type=2 2 2 10 2 2 2 10 2 8 10 10 2 2 8 2 10 2 2 10 10 8 10 10 10 8 2 2 10 2
left_child=2 4 16 6 25 8 7 -4 15 -6 12 14 -9 -14 -12 -3 21 -18 19 -19 -21 -1 -23 -24 -25 26 -2 -10 29 -29
right_child=1 5 3 -5 9 -7 -8 10 27 -11 11 -13 13 -15 -16 -17 17 18 -20 20 -22 22 23 24 -26 -27 -28 28 -30 -31
leaf_value=-0.046431651245056105 0.0032190030229131633 -0.066300834164559175 -0.023020250224909642 0.0044012654390120773 0.0069391198821660395 0.043617734385179435 -0.031364430912104106 -0.011444890649080594 0.041809066239107247 0.025128270335718669 0.36644775012385211 -0.03333188120297903 0.31007127541009827 0.051378642726823388 0.043778456287514915 0.039345191304911264 -0.034809231215655094 -0.0010893143988776124 -0.027028911150913638 0.10967460648782189 0.79771884415167016 -0.03648308068063446 -0.031356238926556271 0.001873464299338307 0.11940678750930858 0.0019383026462816946 -0.021516304221368642 -0.058213811316805558 0.038563636279006275 0.021734818195341316
leaf_weight=1790.8137424313463 432.86668566986918 17.965269938111309 100.98965657269582 244.6763057783246 984.13232647255063 1269.7325630560517 664.29120320081711 14.124584427569065 405.84830103069544 425.29738331958652 2.3475102833472188 1.8842967948876319 1.4908445132896302 7.7788374656811357 1.6151467622257767 9.9820683971047384 65.372949614655226 3.0640874551609185 24.691753283608705 0.56423006812110521 0.76901673944666982 197.74730694200844 24.724671490490437 12.968615155667068 8.6638483963906747 2095.3862196709961 404.53093825653195 40.485867775976658 359.3827290572226 331.50316801667213
leaf_count=248047 5395 211 7615 5714 7300 35006 60506 935 9738 5332 103 139 69 489 70 177 8521 399 3231 72 88 22804 2154 954 579 18841 6580 463 8356 6743
internal_value=-0.000677141 0.0154325 -0.0351272 -0.0190711 0.00328848 0.037079 -0.0262959 -0.000400111 0.0299221 0.0124416 0.0759004 0.181838 0.0430546 0.119126 0.270253 -0.0285111 -0.0429505 -0.0149432 0.0293757 0.292423 0.67834 -0.0442426 -0.0280592 0.00788624 0.0521419 -0.00111306 -0.00874157 0.0313819 0.0255465 0.0129008
internal_weight=9945.69 6777.11 3168.58 1039.2 4342.21 2434.9 794.522 130.231 1165.17 1409.43 29.2412 5.84695 23.3943 9.26968 3.96266 27.9473 2129.38 94.462 29.0891 4.39733 1.33325 2034.92 244.104 46.3571 21.6325 2932.78 837.398 1137.22 731.372 371.989
internal_count=466631 104142 362489 75640 43448 60694 69926 9420 25688 12632 1805 312 1493 558 173 388 286849 12311 3790 559 160 274538 26491 3687 1533 30816 11975 25300 15562 7206
is_linear=0
shrinkage=0.05


Tree=67
num_leaves=31
num_cat=0
split_feature=0 0 20 20 1 21 8 23 4 10 15 6 10 6 18 8 6 10 0 8 2 20 1 2 1 12 12 23 10 13
split_gain=2060.44 747.612 83.9704 76.8711 67.4034 69.8975 69.0795 53.2505 52.3697 45.4335 45.4212 49.5728 75.0717 44.0003 43.7378 60.0954 163.783 151.008 41.4463 38.9893 38.2028 37.8309 36.3553 34.9644 33.1678 32.9655 30.6465 30.864 29.4197 28.3147
threshold=0.02659836753261097 0.94914027948630075 0.059655159962772784 0.59944378300918599 -5.9504407119656912 0.99907348638398585 9.5000000000000018 2.2500000000000004 7.5000000000000009 1.8153499960899355 0.59418211356856954 1.5000000000000002 0.99973362684249889 9.5000000000000018 1.0000084042549136 39.500000000000007 3.5000000000000004 2.3332059383392338 0.15544587012063948 15.500000000000002 -0.50976495736487071 0.0037874720370161675 5.0365971939225815 -0.97258760321679827 0.63232762221637795 0.11648071929812433 0.13332327455282214 0.75000000000000011 2.6004731655120854 88.500000000000014
decision_type=2 2 8 10 2 10 2 10 2 8 10 2 10 2 10 2 2 10 2 2 2 8 2 2 2 10 8 8 8 2
left_child=2 3 14 10 -4 6 8 9 -6 -5 11 12 -2 -9 -1 -16 17 -17 26 -12 21 -14 -3 -7 25 -11 -13 -28 -15 -20
right_child=1 22 4 7 5 23 -8 13 -10 24 19 18 20 28 15 16 -18 -19 29 -21 -22 -23 -24 -25 -26 -27 27 -29 -30 -31
leaf_value=-0.045280582784921204 -0.0016389003670288166 0.031000510105924941 -0.036246882368213815 0.030347147236221679 -0.00042702743370041712 0.19859863933224661 -0.01710544419139735 0.038847211516934266 0.19525684529422094 -0.0024007759006862009 -0.021829162329608878 -0.019763897684611991 0.1844226285976141 -0.072423305220858117 -0.034651754372153419 -0.0073392076479700079 -0.013419292681870892 0.50062644470836615 0.00069538880693612753 0.015908087038201204 0.027547516327134217 0.045173439232850582 0.043820558179492611 0.040914182077101763 0.018674435648290751 -0.050734935974602671 0.1525733354115319 0.0091311562924506675 0.015439069156594177 -0.015014942372700686
leaf_weight=1796.083220123779 450.4463460771367 1098.0503780320287 455.78060053335503 166.22092084959149 6.7915564100258035 4.2913339575752643 286.15554237319157 274.14625402539968 5.8765452275983989 377.62918889895082 76.912005621008575 633.72495398111641 7.1656110957264927 14.189041957259176 62.559649450238794 2.4926480199210372 19.297290360089391 2.4469231320545077 1460.5412872172892 568.54538087546825 160.15005986578763 14.481053442694245 1147.3812061734498 12.742896050214766 180.77013205364347 37.926385320723057 3.1091929534450164 44.929464646615088 24.840721063315868 355.85699580609798
leaf_count=249787 4952 25735 59847 1564 454 167 23683 3191 162 2481 645 23388 161 87 8298 323 2573 193 11809 4901 1518 262 32940 309 2577 231 75 1280 177 2987
internal_value=-0.000335642 0.0137208 -0.0379075 0.00267835 -0.023965 -0.00618393 -0.0119155 0.0144631 0.0979921 0.00731481 -0.00068201 -0.00317285 0.00932448 0.0317898 -0.0436057 -0.00882542 0.0565685 0.286214 -0.00633818 0.0113845 0.0363493 0.0973766 0.0375679 0.0894483 0.000854681 -0.00692328 -0.0168408 0.0213371 -0.0175141 -0.00238905
internal_weight=9751.53 7097.02 2654.52 4851.58 771.638 315.858 298.824 1075.72 12.6681 762.547 3775.86 3130.4 632.243 313.176 1882.88 86.7965 24.2369 4.93957 2498.16 645.457 181.797 21.6467 2245.43 17.0342 596.326 415.556 681.764 48.0387 39.0298 1816.4
internal_count=466757 120961 345796 62286 84622 24775 24299 10308 616 6853 51978 46432 6893 3455 261174 11387 3089 516 39539 5546 1941 423 58675 476 5289 2712 24743 1355 264 14796
is_linear=0
shrinkage=0.05


Tree=68
num_leaves=31
num_cat=0
split_feature=0 0 0 0 22 0 5 18 5 21 10 21 18 9 9 21 9 21 22 5 10 22 21 5 22 23 4 12 17 13
split_gain=1961.65 678.578 98.132 67.9927 50.9693 42.5953 38.8531 37.5401 52.0216 72.7571 63.8013 64.6322 67.8764 53.1693 38.9061 36.4942 37.1123 44.3948 36.4531 43.6781 34.0331 28.2782 26.0169 25.9931 25.8716 28.0738 31.3725 28.8146 25.7304 26.2588
threshold=0.040392754896453019 0.88708357206781241 0.0058979138780527159 0.98830705830341004 0.29166666666666669 0.32447497771569461 0.20932013897972582 1.0668656826019289 0.089330632595889456 0.0065707783476478985 1.3230550289154055 0.078952038645625625 1.5133267641067507 0.022371314465999607 0.079370692372322096 0.86336299739426625 0.051984336227178581 0.063050083167772844 0.45000000000000007 0.11949072949918471 0.99973362684249889 0.77500000000000013 0.99907348638398585 0.2580705877296528 0.45000000000000007 2.2500000000000004 4.5000000000000009 0.083480861037969603 0.68529638648033153 102.50000000000001
decision_type=2 2 2 2 10 2 2 10 2 10 10 10 10 10 10 10 10 10 8 2 8 10 10 2 8 10 2 10 8 2
left_child=2 5 7 6 -4 -2 18 24 9 -9 -11 12 13 -12 -15 16 17 20 19 -3 -7 28 -10 -22 -1 -26 27 -27 29 -8
right_child=1 3 4 -5 -6 15 21 8 22 10 11 -13 -14 14 -16 -17 -18 -19 -20 -21 23 -23 -24 -25 25 26 -28 -29 -30 -31
leaf_value=-0.04566920336139027 -0.0037806779454145137 0.031721466824912385 -0.028306907330635039 0.041252857438250926 0.0024840163340762783 -0.03975951297042294 -0.0068031052636505322 -0.045213481492761998 -0.039295923214681255 -0.038476653648205981 0.0021831664573722276 -0.032911005952565985 -0.028162729268283823 0.48581176365146161 0.036018565212777069 0.015243983187694829 -0.0035231818258606357 -0.010377574457947089 0.041983838224676849 -0.0068731484162852094 0.031107707321471379 0.026407619717128541 0.12020176549186719 -0.037028434207162127 -0.036363159063809866 0.027559732546077673 -0.015469371751623835 0.21184951368177918 0.0090837357983532593 -0.084554027838166831
leaf_weight=1702.6464124433696 2027.2205295134336 227.96336239203811 524.74058016529307 1440.1891847401857 180.35478759976104 18.977610666304827 33.778548866510391 8.6818971424363571 53.211183573585004 3.2325014630332571 0.90212450362741936 1.8783581489697097 1.2649305076338349 3.0064359186217193 0.73876659246161569 746.03486456722021 1036.4169118143618 135.17439263686538 387.64586969092488 107.37765245139599 286.91903717815876 177.04334801435471 1.7274871268309642 13.896569840610026 192.78589808708057 8.3313668454065901 37.083470141515136 2.0362275494262567 157.34945052489638 15.144858017563818
leaf_count=257160 31245 4959 53773 42419 6780 115 378 1159 7413 435 82 240 163 250 84 7077 6338 776 8947 1909 1655 3766 56 82 23666 417 3340 50 2112 157
internal_value=-0.000674462 0.0136651 -0.0365394 0.0340832 -0.0204386 0.00146805 0.0247208 -0.0421535 -0.00724973 0.0605666 0.140711 0.210979 0.282016 0.356479 0.423375 0.00622324 0.00170361 0.0135919 0.0315406 0.0193796 0.0237243 0.011809 -0.0322215 0.0278478 -0.04349 -0.0279203 0.00642434 0.079207 -0.0007879 -0.0320834
internal_weight=9533.75 6811.13 2722.62 2546.49 705.095 4264.64 1106.3 2017.53 74.6437 19.705 11.0231 7.79062 5.91226 4.64733 3.7452 2237.42 1491.38 454.968 722.987 335.341 319.793 383.316 54.9387 300.816 1942.88 240.237 47.4511 10.3676 206.273 48.9234
internal_count=467003 111935 355068 64647 60553 47288 22228 294515 9882 2413 1254 819 579 416 334 16043 8966 2628 15815 6868 1852 6413 7469 1737 284633 27473 3807 467 2647 535
is_linear=0
shrinkage=0.05


Tree=69
num_leaves=31
num_cat=0
split_feature=0 0 0 21 21 23 8 5 21 8 4 15 5 13 21 12 15 18 5 6 4 8 10 8 10 5 23 16 9 5
split_gain=1795.69 612.56 142.924 71.3993 68.873 43.3213 59.0102 48.3957 40.9503 42.3262 43.3318 40.3036 52.5922 42.3307 39.7469 43.7889 36.941 41.6425 36.3792 42.5447 37.3717 46.7022 35.8704 75.8866 51.2322 67.7093 36.7845 35.7587 121.738 82.4862
threshold=0.053685167211236694 0.94914027948630075 0.0050395216892992287 0.92872795150970477 0.059717418830245748 2.2500000000000004 41.500000000000007 0.12259185648049579 0.99907348638398585 9.5000000000000018 7.5000000000000009 0.5143828721425302 0.22075991255193089 58.500000000000007 0.26855187300868261 0.022135130129754547 0.45838956010634618 0.18027681112289431 0.18647609650469676 1.0000000180025095e-35 7.5000000000000009 9.5000000000000018 4.6519162654876718 31.500000000000004 2.450028777122498 0.20801386559711338 2.7500000000000004 0.99956271808826513 0.28883065283298498 0.21827615863085095
decision_type=2 2 2 10 10 10 2 2 10 2 2 8 2 2 10 8 10 10 2 2 2 2 8 2 10 2 10 10 8 2
left_child=2 3 -1 5 -4 7 14 -2 9 10 -6 12 -5 -14 -7 -16 -9 -18 19 20 -3 -22 23 27 -25 -26 -27 -20 29 -29
right_child=1 18 4 11 8 6 -8 16 -10 -11 -12 -13 13 -15 15 -17 17 -19 22 -21 21 -23 -24 24 25 26 -28 28 -30 -31
leaf_value=-0.041923348963623271 0.012046293025977045 0.025441911784253819 -0.030915061002345257 0.01444329940533064 -0.017624823514569555 -0.028277236187390337 0.030075389689614436 -0.0088858858514739431 0.064469731726764776 -0.009730207517218304 0.16128046445592273 0.019624408459180648 0.0024896449259749461 -0.042616163380766042 -0.035589957574502361 0.0032049550229342363 -0.0078326845938546663 0.022070224760158588 0.029190366238355053 0.042902223165840747 -0.13936126302709376 0.027493052038571913 0.037806849997174284 0.006461342155863724 -0.26249498300022767 0.010360562739685499 -0.13113896033926012 -0.21367053330521252 -0.33216383893690016 0.046805285912145923
leaf_weight=1883.9957591914572 851.09487368445843 32.594355199486017 476.68115112511441 333.77284407429397 5.8875044072046858 321.97763400524855 79.3726113922894 922.34732378087938 20.140575257595628 404.21633400721475 6.4316817936487496 835.20774194411933 117.52526969462633 92.168467372655869 91.454518895596266 340.43214962258935 214.42093703150749 252.7214015237987 312.58441048115492 1264.6308432966471 8.4509419240057451 7.0370675660669795 406.79547682777047 24.723239149898291 3.9304965585470226 10.789956312626602 6.8291155584156504 2.5856754742562833 1.9992414489388455 18.984070528298616
leaf_count=287411 7787 843 50016 3023 254 5923 878 12632 378 22991 130 8554 878 753 790 2678 1646 1671 8037 36970 70 154 11044 542 97 252 142 79 59 563
internal_value=-0.000523577 0.0137899 -0.0340542 0.00328511 -0.0177942 -0.000956044 -0.0106826 0.00266427 -0.0034334 -0.00686324 0.0808754 0.0127348 0.00213021 -0.0174443 -0.0150081 -0.00507333 -0.00308697 0.00835721 0.0360299 0.0411482 -0.00491881 -0.0664805 0.0274752 0.0164152 -0.0429967 -0.0975088 -0.048582 0.0246968 -0.0336616 0.00749707
internal_weight=9351.78 6554.43 2797.35 4452.5 913.357 3073.82 833.237 2240.58 436.676 416.536 12.3192 1378.67 543.467 209.694 753.864 431.887 1389.49 467.142 2101.93 1312.71 48.0824 15.488 789.222 382.426 46.2728 21.5496 17.6191 336.153 23.569 21.5697
internal_count=467245 106065 361180 47213 73769 34005 10269 23736 23753 23375 384 13208 4654 1631 9391 3468 15949 3317 58852 38037 1067 224 20815 9771 1033 491 394 8738 701 642
is_linear=0
shrinkage=0.05


Tree=70
num_leaves=31
num_cat=0
split_feature=2 0 1 20 5 23 8 23 5 20 8 20 22 21 18 20 15 18 6 4 18 7 8 8 21 5 8 5 6 6
split_gain=1693.9 564.707 170.81 61.8032 57.6005 43.4677 46.9825 51.1355 42.5469 62.1186 49.5914 123.91 41.8219 37.7934 49.7984 34.5546 34.4787 34.1471 33.9849 33.3737 32.1119 60.6144 111.511 80.404 47.9481 38.9479 41.924 31.7264 31.6148 29.2302
threshold=-0.57475045889178011 0.94914027948630075 -4.3099928425608161 0.34120141913783952 0.21827615863085095 1.2500000000000002 23.500000000000004 2.2500000000000004 0.18647609650469676 0.72454845692073533 40.500000000000007 0.50177277141717702 0.45000000000000007 0.98871505052625219 1.0993242859840395 0.0011985082699994818 0.23714372328115066 0.0049164211377501496 4.5000000000000009 5.5000000000000009 1.0000084042549136 0.98283424219843096 39.500000000000007 43.000000000000007 0.088932276761264098 0.26036333209938539 30.500000000000004 0.0763721404584978 1.0000000180025095e-35 11.500000000000002
decision_type=2 2 2 10 2 10 2 10 2 8 2 10 8 10 10 10 10 8 2 2 10 8 2 2 10 2 2 2 2 2
left_child=2 3 12 5 -5 -2 7 15 28 10 17 -12 20 -4 -15 -7 27 -10 -6 -18 -1 22 -22 24 -24 -23 -27 -8 -3 -29
right_child=1 8 13 4 18 6 16 -9 9 -11 11 -13 -14 14 -16 -17 19 -19 -20 -21 21 25 23 -25 -26 26 -28 29 -30 -31
leaf_value=-0.044152236155446931 0.0087564078560030019 0.0011292715650997266 -0.017537057278581326 0.019944770303723765 0.020415385311182598 0.015793489866080375 0.01840125277336311 -0.03486147020115956 -0.052637107941913591 0.037293887650356974 0.045974284080902948 -0.26154671941077384 -0.021455942747994831 0.0048100284217977201 0.15142931389156047 -0.013077508326610721 0.043423726555580411 0.017024738975274997 -0.0031745526927210951 0.0062328384141901432 -0.038072914165447558 -0.044364719818388659 0.34368241359136831 -0.035701313567412483 -0.023971179915138054 -0.03538538161824651 0.24447088555128219 -0.013014932562936852 0.042848183811984339 0.085395522863385087
leaf_weight=1718.7778200069442 743.36306005995721 47.225383523851633 645.81995596922934 873.50382229033858 193.74249002244323 131.56729022134095 109.53900536382571 221.02875693701208 17.900663789361715 481.8854192905128 7.0601818580180389 4.7389318589121103 271.23331855749711 132.5964151006192 5.0600753715261808 475.09729775413871 75.038722021505237 259.68284051865339 705.95425988081843 294.11224691709504 11.235347160603853 65.845762399490923 4.5693723158910862 2.4272829364053905 0.90645787492394436 2.3673463617451485 1.544938263017684 456.24118404323235 1218.0725681483746 6.686011027544736
leaf_count=277848 8297 1041 32626 8606 1701 1792 1632 4102 313 14046 169 114 30967 1953 63 6885 495 6169 5360 2486 1602 9893 301 325 117 363 217 10205 37065 137
internal_value=-0.000482086 0.0139655 -0.0323877 0.00366216 0.0108067 -0.00138206 -0.00564421 -0.014327 0.0356361 0.0263139 0.00796447 -0.0883216 -0.0398842 -0.0124708 0.0112528 -0.00680057 0.00199521 0.0123596 0.00192238 0.0138897 -0.0426359 -0.0131527 0.06357 0.196115 0.288518 -0.0348029 0.102398 -0.0056857 0.0412932 -0.0114126
internal_weight=9184.82 6322.44 2862.38 4285.87 1773.2 2512.67 1769.31 827.693 2036.57 771.268 289.383 11.7991 2078.91 783.476 137.656 606.665 941.617 277.584 899.697 369.151 1807.67 88.8965 19.1385 7.90311 5.47583 69.758 3.91228 572.466 1265.3 462.927
internal_count=466890 110615 356275 51698 15667 36031 27734 12779 58917 20811 6765 283 321633 34642 2016 8677 14955 6482 7061 2981 290666 12818 2345 743 418 10473 580 11974 38106 10342
is_linear=0
shrinkage=0.05


Tree=71
num_leaves=31
num_cat=0
split_feature=2 1 1 20 21 18 10 12 7 22 6 10 5 20 7 8 23 15 10 20 23 23 6 23 3 7 18 8 8 7
split_gain=1594.21 516.899 171.277 59.8972 53.8161 61.0225 41.8393 44.1831 43.1477 39.4773 37.9127 83.8661 36.817 57.7814 36.5097 36.0236 48.772 46.5728 41.5839 41.0302 35.2105 33.6867 32.827 32.4192 33.3937 31.6763 74.8562 66.6557 41.5014 31.59
threshold=-0.57475045889178011 3.1738601445765329 -4.5824209426617459 0.52294222304992355 0.99442718696354504 0.93284940719604503 16.361818313598636 0.0052207976114004859 0.9979121750479395 0.45000000000000007 1.5000000000000002 0.37617924809455877 0.19685361889601363 0.72454845692073533 0.97543057119928944 22.500000000000004 2.2500000000000004 0.18872484928402403 8.7743587493896502 0.4031943136084512 1.7500000000000002 0.75000000000000011 1.0000000180025095e-35 2.2500000000000004 3.5000000000000004 0.97665817950413303 1.0357062816619875 39.500000000000007 43.000000000000007 0.99443128441368589
decision_type=2 2 2 10 10 10 8 8 10 8 2 10 2 10 10 2 10 8 10 10 10 8 2 10 2 8 10 2 2 8
left_child=2 3 9 15 10 -6 20 -8 -9 25 11 -4 22 -14 -13 16 21 29 -19 -18 -5 -2 -3 -11 -25 26 -1 -28 -29 -17
right_child=1 12 4 6 5 -7 7 8 -10 23 -12 14 13 -15 -16 17 19 18 -20 -21 -22 -23 -24 24 -26 -27 27 28 -30 -31
leaf_value=-0.032473140347361762 0.024415327401376294 -0.0018338288668791663 -0.01742669217148345 0.0085683805998734552 0.0095005202933647719 0.14845179452656562 -0.11634254266198528 0.017405023704681413 -0.035554076008427908 -0.030293597785878281 -0.022281143897798183 0.13730231556806877 0.0075475947106562972 0.038390330523484367 0.029334253318121936 0.0042214298390666751 -0.032842335767710805 0.0062634729817617604 0.028710139967520483 0.011789337257016422 0.02715106751766699 -0.0030544417819054382 0.042548158818531322 0.05779544342769586 -0.021593122512706633 -0.045067147328582885 -0.026380472476456442 0.22998108809380136 -0.031484805028157772 -0.022029889706390995
leaf_weight=181.19209744175896 123.66387099586427 43.083900235593319 85.863300404511392 506.79536972846836 92.352766999043524 7.6603622464463106 8.0526740141212922 99.910729594528675 61.154359385371208 200.1860173586756 628.29965478973463 13.099531889893113 253.34012766741216 380.27829113602638 19.234695584047586 254.42118295840919 228.88153169304132 976.848461472895 260.89518439816311 65.793726100586355 514.65194772277027 1064.5337760536931 1194.8124507758766 22.843472581822425 28.954771760385484 1480.269159427844 7.3575461125001294 5.9146001427434385 1.661600536201149 207.1379496185109
leaf_count=29877 1258 1000 4267 4878 1559 93 59 934 540 26016 35928 329 5924 11777 681 5739 3675 10261 2392 478 5926 12889 38020 1388 2818 251811 1074 304 216 4694
internal_value=-2.43402e-05 0.0139889 -0.0315516 0.00457463 -0.0127824 0.0215076 0.0141367 -0.0088568 -0.00279818 -0.0397798 -0.0173991 0.00852139 0.0359708 0.0260898 0.075882 0.000993808 -0.00469939 0.00596174 0.0110142 -0.022871 0.0179486 -0.000177348 0.0410032 -0.0212006 0.0138495 -0.0425582 -0.0234896 0.0807061 0.175652 -0.00758176
internal_weight=9019.15 6244.26 2774.89 4372.74 846.51 100.013 1190.57 169.118 161.065 1928.38 746.497 118.198 1871.51 633.618 32.3342 3182.18 1482.87 1699.3 1237.74 294.675 1021.45 1188.2 1237.9 251.984 51.7982 1676.4 196.126 14.9337 7.5762 461.559
internal_count=466805 110444 356361 53723 42857 1652 12337 1533 1474 313504 41205 5277 56721 17701 1010 41386 18300 23086 12653 4153 10804 14147 39020 30222 4206 283282 31471 1594 520 10433
is_linear=0
shrinkage=0.05


Tree=72
num_leaves=31
num_cat=0
split_feature=0 0 20 8 0 5 0 8 5 22 12 8 5 20 20 8 18 18 7 8 8 12 7 20 23 2 12 21 20 20
split_gain=1505.08 557.002 74.927 78.8924 61.4637 60.6947 40.2929 43.2651 40.1936 45.4647 41.7784 40.2741 40.1463 57.8771 37.6264 61.8272 38.0164 37.3682 70.3119 47.455 43.9032 38.8206 35.7114 44.2636 43.3578 35.6324 35.5496 43.5428 35.4808 33.9682
threshold=0.02659836753261097 0.94914027948630075 0.025722312301443871 9.5000000000000018 0.56631527157889727 0.17198558275434653 0.0050395216892992287 31.500000000000004 0.29782957488807482 0.45000000000000007 0.020730092190206054 21.500000000000004 0.18647609650469676 0.6622948989861035 0.62170365681614881 31.500000000000004 0.015801386907696727 1.0000084042549136 0.98735045991796777 39.500000000000007 43.000000000000007 0.0086190830916166323 0.98576854864800889 0.19399264133217373 1.7500000000000002 -0.97580052223462366 0.015351991169154646 0.29216962323919393 0.99648203214196329 0.99434931832901119
decision_type=2 2 8 2 2 2 2 2 2 8 8 2 2 8 10 2 8 10 8 2 2 10 8 8 10 2 10 10 8 10
left_child=2 4 17 5 22 28 -5 -8 9 11 -10 26 -3 14 -14 16 -16 -1 19 -19 21 -21 -2 24 -24 -9 27 -6 -4 -25
right_child=1 12 3 6 8 -7 7 25 10 -11 -12 -13 13 -15 15 -17 -18 18 -20 20 -22 -23 23 29 -26 -27 -28 -29 -30 -31
leaf_value=-0.044835230277874893 0.0063608804965901641 0.040090146313811546 0.18375548336147582 -0.034562258197850408 0.033420094919095499 -0.018659341029930127 -0.022998396543476518 0.14026217621443723 -0.043854580963744838 0.025520439906798018 0.003547629043016243 0.014532054382189808 0.011696745510563038 0.035227985427198051 -0.13034260451323484 -0.19118300351280315 0.034964435562548336 -0.0058816661370869076 -0.04037017076359517 0.04142916091582749 -0.035791860877166778 0.27270930918465258 -0.0035412316589835571 0.0028848132970369701 -0.025216344648030322 0.012110147539709027 -0.026844121190001159 -0.061828672364000484 -0.0041846787305112624 -0.030536146627420421
leaf_weight=1352.3236814234406 995.77497879136354 1170.4939777050167 9.0226176637224853 511.40851429663599 62.232404556125402 11.431510084308682 180.76688630133867 4.9425079389475277 57.308935441076756 539.36146360635757 228.58731772005558 443.02003353834152 229.81748433597386 482.03960012458265 3.5990543998777929 5.1430012062191954 13.286380914971231 11.372539073694499 49.242090737447143 3.3192375120706838 2.4534331564791501 4.5278367237187922 510.18832844123244 1250.3391880467534 420.77592182159424 65.603570718318224 138.37348950281739 13.848741702735422 3.2923939959146091 79.947136901319027
leaf_count=232037 13033 38009 386 80865 496 1398 15003 466 427 7179 1948 3614 5442 14862 55 100 323 1661 7923 211 352 163 11134 10321 12765 4939 907 88 345 518
internal_value=-0.000392943 0.0114962 -0.0361302 -0.0236943 0.00231746 0.0643236 -0.0265152 -0.0100679 0.0107526 0.0147738 -0.00607405 0.00593238 0.0343277 0.025095 0.00563758 -0.0553392 -0.00558765 -0.0429807 -0.00748414 0.0657194 0.138297 0.190621 -0.00152468 -0.00499848 -0.0133545 0.0229235 -0.0118178 0.0155052 0.136969 0.000854862
internal_weight=8853.84 6644.14 2209.71 786.468 4739.76 23.7465 762.721 251.313 1482.73 1196.84 285.896 657.475 1904.38 733.886 251.846 22.0284 16.8854 1423.24 70.9151 21.673 10.3005 7.84707 3257.03 2261.25 930.964 70.5461 214.455 76.0811 12.315 1330.29
internal_count=466970 121221 345749 103402 62430 2129 101273 20408 14659 12284 2375 5105 58791 20782 5920 478 378 242347 10310 2387 726 374 47771 34738 23899 5405 1491 584 731 10839
is_linear=0
shrinkage=0.05


Tree=73
num_leaves=31
num_cat=0
split_feature=1 0 1 21 2 1 0 7 22 23 5 8 4 4 18 7 5 8 21 21 8 8 15 12 15 16 8 6 18 22
split_gain=1355.06 525.135 96.6505 59.7983 56.7484 52.3253 49.6035 46.725 38.3982 53.0731 36.0459 35.8053 34.5473 33.4921 33.0592 60.8335 46.9984 53.0993 31.5119 30.4587 29.9104 29.3843 33.9615 44.1083 28.3827 35.438 29.3357 42.4885 27.3223 26.8838
threshold=-3.2505071988457908 0.91536336497951676 -5.2425534432931951 0.99826621283048322 -0.93242112525485898 0.29575346466266556 0.98968409044523564 0.99950803166305813 0.55000000000000016 2.2500000000000004 0.30588466291294025 9.5000000000000018 7.5000000000000009 6.5000000000000009 1.0000084042549136 0.98735045991796777 0.089330632595889456 37.500000000000007 0.0065707783476478985 0.61695448872070502 15.500000000000002 31.500000000000004 0.080564649843843705 0.01323414593935013 0.18872484928402403 0.95491260187592142 29.500000000000004 11.500000000000002 0.18493244796991351 0.45000000000000007
decision_type=2 2 2 10 2 2 2 10 8 10 2 2 2 2 10 10 2 2 10 8 2 2 10 10 10 10 2 2 8 8
left_child=2 5 8 11 -5 24 7 -3 14 20 29 12 -4 -11 -1 16 17 -16 -19 -14 -10 -13 -23 28 25 -2 -26 -28 -24 -7
right_child=1 6 3 4 -6 10 -8 -9 9 13 -12 21 19 -15 15 -17 -18 18 -20 -21 -22 22 23 -25 26 -27 27 -29 -30 -31
leaf_value=-0.044725441925687129 -0.0034224086850847394 0.025462410983004165 -0.0044235480451158783 0.14930889095038971 0.0034032903650609786 0.0069224046490472622 0.038935995269789865 -0.033576347296503141 0.0066714385504306074 0.090643282059499286 -0.0077011870856852132 -0.029624428183399599 0.2287715695267527 -0.03307608972949188 -0.040089350177695895 -0.040178969910555418 -0.030877569576622771 -0.030654689390749001 0.1981546197048967 0.027668757541749397 -0.043804591550466204 -0.015961232382504919 0.18801651248318574 0.0020610937567558979 -0.0011277717431382108 -0.026250442509564993 0.023689724120586467 -0.026164145645108158 0.0077811441747455273 0.023420329402178322
leaf_weight=1377.3651371346787 1883.8047911357135 864.65617898479104 15.036806644406171 8.9062757720239478 20.51080638403073 563.07841164618731 1147.1882626209408 34.02966738678515 41.347985989414155 15.820578094571831 230.92443750053644 447.01683527836576 2.7390928003005675 7.4735145810991517 3.9176215408369925 53.324729984160513 9.2684648600406927 1.4894093642942596 8.7417863984592241 4.4405734650790691 98.155445535201579 122.78916357783601 5.6290456089191148 21.469295702408999 736.91116284020245 185.93412559293211 295.35445555392653 49.089635307900608 3.2104229452088484 440.52550990879536
leaf_count=256052 26414 21314 1465 330 499 3760 40444 633 5691 684 1742 46955 129 561 624 9139 1363 136 427 84 14159 12386 416 2051 6957 4057 2532 300 283 5325
internal_value=-0.000596685 0.0111233 -0.0338125 -0.0175187 0.0510339 0.00136312 0.0320349 0.023192 -0.0403654 -0.0171953 0.0100842 -0.0208358 0.0402728 0.0512224 -0.0429459 -0.0108417 0.0548734 0.109376 0.165082 0.12298 -0.0289028 -0.0231613 -0.00422059 0.0423346 -0.00205573 -0.00548484 0.00450666 0.0165295 0.13 0.0141802
internal_weight=8700.15 6431.5 2268.65 651.748 29.4171 4385.62 2045.87 898.686 1616.9 162.798 1234.53 622.331 22.2165 23.2941 1454.11 76.742 23.4173 14.1488 10.2312 7.17967 139.503 600.115 153.098 30.3088 3151.09 2069.74 1081.36 344.444 8.83947 1003.6
internal_count=466912 113478 353434 64598 829 51087 62391 21947 288836 21095 10827 63769 1678 1245 267741 11689 2550 1187 563 213 19850 62091 15136 2750 40260 30471 9789 2832 699 9085
is_linear=0
shrinkage=0.05


Tree=74
num_leaves=31
num_cat=0
split_feature=0 0 20 15 8 4 13 0 21 7 10 8 5 21 18 7 10 16 18 4 5 1 18 23 20 8 5 23 10 16
split_gain=1284.3 491.398 67.3843 60.9313 50.0375 63.279 47.7617 44.9621 43.0885 43.5108 44.1044 50.3483 50.0197 43.6285 41.2408 64.4173 43.425 37.9661 37.8448 43.9187 36.2744 39.7325 37.9708 46.4016 35.6857 68.1952 39.5836 35.2742 41.2585 40.8665
threshold=0.017627964220518825 0.94914027948630075 0.087929044516326063 0.15819933070890427 9.5000000000000018 7.5000000000000009 18.500000000000004 0.99274956361443423 0.98783134217393143 0.98576854864800889 6.0068492889404306 29.500000000000004 0.38477658318641778 0.89139992028206028 1.0000084042549136 0.98283424219843096 1.7132022976875307 0.98043704519610209 1.0000084042549136 4.5000000000000009 0.21168131374178589 -5.2425534432931951 1.1378124356269839 2.2500000000000004 0.52294222304992355 15.500000000000002 0.20932013897972582 2.2500000000000004 2.9862910509109502 0.98043704519610209
decision_type=2 2 8 8 2 2 2 2 10 8 8 2 2 8 10 8 10 10 10 2 2 2 10 8 10 2 2 10 8 8
left_child=2 3 14 6 5 -4 -2 18 9 -5 12 13 -11 -12 -1 16 -16 -13 24 -20 21 -6 23 -22 25 26 -3 28 -10 -30
right_child=1 7 4 8 20 -7 -8 -9 27 10 11 17 -14 -15 15 -17 -18 -19 19 -21 22 -23 -24 -25 -26 -27 -28 -29 29 -31
leaf_value=-0.04407530642279308 0.0032420756709472653 0.00072889336487000052 -0.023965684981281432 0.010769032111240764 -0.041803552851521056 0.1430130893754131 -0.016806981562226847 0.040212727290843686 0.028997344981892825 -0.0062152177361037312 -0.0089151869817229116 0.0054335030979844861 -0.058431934789768984 0.023092949363143194 -0.0094793761994169841 -0.036441559032079393 0.12402555122770804 0.044561701289214301 -0.14201137331422373 -0.00041878824014522924 -0.038065212645560127 -0.00084347580728655162 0.10950791738686863 0.017449724832696228 0.036938978825894357 0.026204044363815921 -0.073528218121401354 0.028818310344920123 -0.060879953341527196 0.0018232177877949612
leaf_weight=1306.3684652000666 543.6363531248644 49.24860399030149 11.985515146050602 1055.8479619519785 274.56675030710176 9.3785426812246442 653.16688317712396 947.76486061699688 132.55375325120986 1030.8336496204138 443.95036835689098 120.70510670728981 47.025574057362974 138.94719406962395 11.227700497955086 53.058849854394794 11.979269537609069 127.14699613675475 5.401738926768302 37.936286885291338 71.385210046544671 75.460310896392912 6.0498934984207144 77.536978868301958 412.59617626294494 307.26721855066717 27.21828155964613 314.24927061889321 28.220434518530965 234.25287206564099
leaf_count=247743 11004 1186 1380 12095 46831 293 17401 35033 1419 14836 6188 1138 559 1274 1576 9132 747 1232 106 988 9733 6991 434 9893 12405 8791 272 3605 251 2383
internal_value=-4.6789e-05 0.0103202 -0.03619 0.00208917 -0.020904 0.0524529 -0.00770479 0.0327351 0.005281 0.00262983 -0.00187608 0.00677693 -0.00854541 -0.00125882 -0.04199 -0.00616235 0.0617116 0.0256045 0.0242569 -0.0208721 -0.0241049 -0.0330008 -0.00392949 -0.00923752 0.026736 0.0156982 -0.0263108 0.0163424 0.00636998 -0.00512394
internal_weight=8566.97 6657.97 1909 4870.54 526.363 21.3641 1196.8 1787.43 3673.73 2964.46 1908.61 830.75 1077.86 582.898 1382.63 76.2658 23.207 247.852 839.668 43.338 504.999 350.027 154.972 148.922 796.33 383.734 76.4669 709.276 395.027 262.473
internal_count=466919 132166 334753 73385 75555 1673 28405 58781 44980 37322 25227 9832 15395 7462 259198 11455 2323 2370 23748 1094 73882 53822 20060 19626 22654 10249 1458 7658 4053 2634
is_linear=0
shrinkage=0.05


Tree=75
num_leaves=31
num_cat=0
split_feature=0 0 20 0 8 5 20 4 5 20 23 9 15 8 12 0 8 5 23 12 9 8 2 5 9 8 21 21 12 5
split_gain=1191.34 488.548 83.3783 57.1673 45.5248 43.4116 63.6846 38.5612 37.0426 35.0949 42.9701 50.2582 62.304 41.5914 34.9613 33.9589 43.8177 41.412 38.7804 34.9564 36.2384 60.4906 57.0644 50.6865 33.3455 129.859 116.929 33.3573 37.474 33.3361
threshold=0.02659836753261097 0.94914027948630075 0.059655159962772784 0.42889076636199819 9.5000000000000018 0.18647609650469676 0.72454845692073533 5.5000000000000009 0.014858431999669701 0.11277237412252998 2.2500000000000004 0.033770885318517692 0.10087178219021979 6.5000000000000009 0.0059043804649263629 0.0050395216892992287 31.500000000000004 0.22075991255193089 2.2500000000000004 0.083480861037969603 0.10926124453544618 30.500000000000004 -0.99449839716975685 0.32024815881366248 0.1873876750469208 30.500000000000004 0.97466097718228684 0.9932341031177353 0.077351342886686339 0.29061795149193465
decision_type=2 2 8 2 2 2 8 2 2 8 10 10 10 2 8 2 2 2 8 10 8 2 2 2 8 2 10 10 10 2
left_child=2 3 -1 9 7 8 24 -4 -3 10 11 12 -2 -13 -11 17 -17 -6 -19 20 21 -20 23 -23 25 -7 -27 28 -26 -5
right_child=1 5 4 29 15 6 -8 -9 -10 14 -12 13 -14 -15 -16 16 -18 18 19 -21 -22 22 -24 -25 27 26 -28 -29 -30 -31
leaf_value=-0.041148818560162191 0.0035451787261208756 -0.016252765739502052 -0.018919487710734855 0.01138439422990311 -0.040249708786924909 0.011175649605281366 0.035151197739587109 0.10432200039407098 0.040632433939801073 -0.019016889953660045 -0.027175455008381023 0.087269684110031512 0.082596295206011722 -0.017949663849795884 0.0042195121363956516 -0.020161036727103562 0.030046086927744371 -0.03630190015338542 0.015477631275622792 0.10859081002456671 -0.019761916048625802 0.5953102143018647 0.021488805129331837 -0.014158799362062944 0.016887414112190177 0.0039011416795626192 -0.24934390768249118 0.044769041886209809 -0.044370349594347991 -0.0041469076418638425
leaf_weight=1368.9047080632299 343.32352219708264 28.93716336786747 11.437218044884503 1575.1524259112775 286.98631221288815 62.372494086623192 406.792410582304 12.563881268724799 1026.0587510373443 181.83546021487564 274.08964936807752 8.6236549261957389 25.886430932208896 431.25216706842184 1411.638540873304 145.81354006193578 60.75110851181671 48.934107631444931 10.770415593404321 9.0296883382834476 36.427389874588698 0.3944609998725358 1.5174434385262419 0.3915373208001256 90.441141085699201 8.0058307498693484 9.4914753418415767 62.377691965550184 33.342301964759827 441.91862025111914
leaf_count=261368 5795 697 1353 14862 51237 1381 14009 525 37223 1961 9867 129 341 13004 13132 11309 4061 8093 1461 1143 5166 63 124 65 2351 143 153 1938 758 3387
internal_value=-0.000487199 0.00999638 -0.0342383 0.00162678 -0.0190613 0.0327188 0.0227353 0.0471861 0.0390582 -0.00316304 -0.0101028 -0.00429278 0.00929583 -0.0156936 0.00155768 -0.0217808 -0.0053214 -0.030365 -0.00383993 0.0234534 0.00608049 0.0743726 0.261706 0.453771 0.00368931 -0.023156 -0.139526 0.0152691 0.000163679 0.00798128
internal_weight=8415.46 6421.54 1993.92 4693.72 625.017 1727.82 672.823 24.0011 1055 2676.65 1083.18 809.086 369.21 439.876 1593.47 601.016 206.565 394.451 107.465 58.5309 49.5012 13.0739 2.30344 0.785998 266.031 79.8698 17.4973 186.161 123.783 2017.07
internal_count=467099 121131 345968 62478 84600 58653 20733 1878 37920 44229 29136 19269 6136 13133 15093 82722 15370 67352 16115 8022 6879 1713 252 128 6724 1677 296 5047 3109 18249
is_linear=0
shrinkage=0.05


Tree=76
num_leaves=31
num_cat=0
split_feature=0 0 20 5 10 22 15 5 7 18 23 21 5 20 7 6 4 4 10 9 9 18 21 0 23 9 20 6 12 7
split_gain=1124.6 459.521 66.2732 63.3277 62.8236 60.0478 55.2307 49.9855 44.568 42.3566 41.2368 38.6364 48.6276 42.6782 39.3997 52.4175 41.4374 72.3414 67.8272 38.2385 35.8697 34.6772 33.513 33.4324 39.0683 39.5358 33.3628 33.1292 32.6755 89.1036
threshold=0.015632075446263199 0.94914027948630075 0.28861045437007299 0.077489659699272684 0.99973362684249889 0.45000000000000007 0.39326573695962636 0.21827615863085095 0.97665817950413303 1.0357062816619875 2.2500000000000004 0.9932341031177353 0.14419528475453985 0.6622948989861035 0.99930319519927124 5.5000000000000009 3.5000000000000004 4.5000000000000009 3.9993127584457402 0.079370692372322096 0.013496496248990299 0.1095062978565693 0.78258710021436251 0.72668518411014815 1.7500000000000002 0.018053234554827217 0.14669632209127278 1.0000000180025095e-35 0.024025714956223968 0.99922244764291113
decision_type=2 2 8 2 10 8 10 2 8 10 10 10 2 8 10 2 2 2 8 8 10 10 10 2 10 10 10 2 8 8
left_child=5 2 3 4 -2 8 20 23 9 -1 -7 12 27 -14 -13 -16 -17 18 -18 -11 22 -8 -5 24 -4 -26 -22 -3 29 -9
right_child=1 11 7 6 -6 10 21 28 -10 19 -12 14 13 -15 15 16 17 -19 -20 -21 26 -23 -24 -25 25 -27 -28 -29 -30 -31
leaf_value=-0.0255106229902974 -0.0010012924138466776 -0.0068090395517270853 0.00031280269585060835 0.0055143877259847852 0.036227478002096268 -0.024397813110670179 -0.0094672956073306377 -0.025754671455221076 -0.043388410585281798 0.096185393589093351 0.023747604713974042 0.045184902391644209 -0.0023623103235219192 0.030586269241109788 0.032603156152884408 0.046470313510165367 -0.27169235742523534 0.0086156061532326033 -0.018234694943592825 -0.043866010411071493 -0.023166297112633266 0.017149904801622966 -0.058901294732105064 0.029155885757090622 -0.022832330618965054 0.025072576380238978 -0.0018546596588492736 0.038544539449376282 0.0041829843913847907 0.063337873084104379
leaf_weight=172.21792179206386 360.78050524648279 43.649352295324206 529.30690174829215 285.13836116762832 164.17778813838959 197.92458995478228 218.76517362194136 241.52605648245662 1288.3053462775424 13.365354584995659 56.414956889115274 627.63192312978208 232.00431526452303 169.34810996055603 97.503638515248895 8.8778046127408761 5.5562667008489379 11.846405547112225 4.6754712052643308 6.6559151993133119 829.02140152221546 275.30387701746076 20.724842065013945 280.16554802656174 47.228441945277154 417.65095878299326 236.05007168464363 479.20629149675369 925.65304067265242 30.775161037221551
leaf_count=32861 5525 1042 4694 5547 2562 27576 2999 2135 264554 900 4422 23686 6000 5474 3769 317 126 425 153 931 29844 2473 401 4705 449 3225 4027 17767 8168 312
internal_value=-0.000401772 0.00908949 0.00129777 -0.00463838 0.0106885 -0.0361797 -0.00895599 0.00703575 -0.0400352 -0.017455 -0.0136675 0.0316222 0.0247136 0.0115816 0.0400231 0.014649 -0.0411527 -0.0768735 -0.167808 0.0497545 -0.0141187 0.00536895 0.000971953 0.0139248 0.00960762 0.0201672 -0.0184492 0.0347525 -0.00029812 -0.0154906
internal_weight=8277.45 6542.57 4862.27 2389.96 524.958 1734.88 1865 2472.31 1480.54 192.239 254.34 1680.3 924.208 401.352 756.092 128.46 30.9559 22.0781 10.2317 20.0213 1370.93 494.069 305.863 1274.35 994.186 464.879 1065.07 522.856 1197.95 272.301
internal_count=467069 135825 77066 53378 8087 331244 45291 23688 299246 34692 31998 58759 30283 11474 28476 4790 1021 704 279 1831 39819 5472 5948 13073 8368 3674 33871 18809 10615 2447
is_linear=0
shrinkage=0.05


Tree=77
num_leaves=31
num_cat=0
split_feature=0 0 20 8 4 0 21 21 9 8 12 12 15 21 0 18 21 12 6 6 6 10 21 6 4 8 18 10 6 12
split_gain=1019.34 426.266 69.6544 79.6523 82.5374 63.9829 60.2325 43.5508 38.4794 46.4584 42.7857 43.6179 37.0763 34.3714 66.152 32.8939 34.1019 32.5615 30.7196 30.4966 30.377 44.332 42.0948 31.3812 35.2913 41.515 30.9637 63.776 29.9494 27.2744
threshold=0.017627964220518825 0.97637871376963925 0.025722312301443871 9.5000000000000018 7.5000000000000009 0.56631527157889727 0.86336299739426625 0.97945097991977148 0.020108121447265152 16.500000000000004 0.12738125771284106 0.069467548280954375 0.080564649843843705 0.99907348638398585 0.0014182041628884514 1.0000084042549136 0.0065707783476478985 0.013778253458440306 4.5000000000000009 3.5000000000000004 5.5000000000000009 3.9993127584457402 0.9997319161746 1.0000000180025095e-35 7.5000000000000009 9.5000000000000018 1.0134977698326113 2.7147009372711186 3.5000000000000004 0.059829590842127807
decision_type=2 2 8 2 2 2 8 10 10 2 10 10 8 10 2 10 10 10 2 2 2 8 10 2 2 2 10 10 2 10
left_child=2 5 15 4 -4 12 -6 8 18 10 11 -10 19 -5 -15 -1 -17 28 -7 -2 23 22 26 24 -3 -26 -22 -28 -11 -16
right_child=1 20 3 13 6 7 -8 -9 9 17 -12 -13 -14 14 29 16 -18 -19 -20 -21 21 -23 -24 -25 25 -27 27 -29 -30 -31
leaf_value=-0.044111126500720903 -0.0026678917245079939 0.018725039715138333 -0.016384823115403176 -0.027535542717740204 0.34003178504330678 0.032753228816599561 0.077526974997626341 0.022619680457851517 -0.0082936718904053058 0.014502442507404074 0.027534396805390438 -0.060115540934703837 0.0010502126843898178 -0.047363009126364389 0.11881907883783537 -0.045395639131329886 0.027058374303639394 0.011165962559880638 -0.017053861054162865 -0.022842806476147306 0.0088529887516535424 0.035379635705498333 -0.176709128031036 0.038437728513942698 -0.19073374392276957 0.021192387054941877 0.008035300321801199 -0.22174881821175202 -0.030328484128726758 -0.038614790927711112
leaf_weight=1043.7708411803469 428.58335179276764 26.18338567763567 13.510533274617046 551.70664030406624 2.5416121650487176 178.19352431409061 8.0582878207787871 491.59693696349859 91.452224725857377 57.943683864548802 36.967695260420442 72.577435797080398 2595.5935420487076 15.760228667408226 13.930397396907212 29.474686239846051 33.809756212867796 657.80337628535926 36.767183622345328 332.15533346822485 66.876392526552081 116.04299621656537 2.7285645734518758 1113.5627607982606 4.0510756000876418 3.9274308942258358 8.1603985819965583 3.7323088105767956 100.95950082503259 2.8639282397925845
leaf_count=225595 11314 786 1754 93638 78 2130 267 9550 884 794 326 506 36698 2706 522 5598 4479 6750 267 10544 2142 4138 92 43832 46 109 253 78 841 139
internal_value=-0.000286894 0.00885516 -0.0345176 -0.0208728 0.0664572 0.00222615 0.164357 0.0100516 0.00502512 0.000956339 -0.0205176 -0.0314484 -0.00179586 -0.024584 0.0247655 -0.0419903 -0.00686826 0.00625985 0.0241946 -0.0114951 0.0338704 0.0156502 -0.0125305 0.03699 -0.00995329 -0.0956714 -0.00469942 -0.0756844 -0.0139925 0.0913106
internal_weight=8141.29 6425.86 1715.43 608.372 24.1104 5080.59 10.5999 1724.26 1232.66 1017.7 200.997 164.03 3356.33 584.261 32.5546 1107.06 63.2844 816.707 214.961 760.739 1345.27 197.541 81.4977 1147.72 34.1619 7.97851 78.7691 11.8927 158.903 16.7943
internal_count=466856 132080 334776 99104 2099 80604 345 22048 12498 10101 1716 1390 58556 97005 3367 235672 10077 8385 2397 21858 51476 6703 2565 44773 941 155 2473 331 1635 661
is_linear=0
shrinkage=0.05


Tree=78
num_leaves=31
num_cat=0
split_feature=1 1 15 21 1 5 20 9 16 5 8 11 20 9 12 16 8 4 8 4 10 20 3 24 7 13 12 21 8 16
split_gain=982.852 407.372 83.248 51.7003 51.4456 55.9344 49.949 36.0445 35.784 35.4931 41.5021 35.1152 35.8176 57.1911 53.782 49.879 34.7128 69.4823 38.7026 94.1575 61.1215 85.3137 78.6316 50.7092 48.2457 53.8308 42.7057 38.8685 38.1829 37.5499
threshold=-4.1372953461294122 3.7319102804448829 0.61277436152702258 0.013225514903844042 -0.26516354677180948 0.2580705877296528 0.36400968865361732 0.036460805684328086 0.9963191786294272 0.38477658318641778 23.500000000000004 1.0000000180025095e-35 0.17196969134905246 0.025245050899684433 0.24027881026268008 0.57858834437047213 9.5000000000000018 7.5000000000000009 31.500000000000004 4.5000000000000009 4.3324420452117929 0.45361025752529049 3.5000000000000004 1.5000000000000002 0.98283424219843096 47.500000000000007 0.0025107502005994324 0.19068388441789444 35.500000000000007 0.99961111636804012
decision_type=2 2 10 8 2 2 8 10 8 2 2 2 10 10 10 10 2 2 2 2 8 8 2 8 10 2 10 10 2 10
left_child=3 2 4 -1 11 6 7 -6 -7 -4 -11 12 13 15 -14 -2 17 -5 -18 20 21 22 27 26 25 -25 28 -20 -21 -26
right_child=1 -3 9 16 5 8 -8 -9 -10 10 -12 -13 14 -15 -16 -17 18 -19 19 23 -22 -23 -24 24 29 -27 -28 -29 -30 -31
leaf_value=-0.043962083160784898 -0.0019112143402629498 0.033418791754037398 0.017716490145409197 -0.038101256303897213 0.018616319953675218 -0.02448740261803399 0.025204449074470767 -0.0055348016099885959 0.0066597425194543473 0.0029086737743541191 -0.08312768775147901 0.095183772245587703 -0.00048067121698074783 -0.019604445201066932 0.10451381629980197 0.074774004026709751 -0.034695066743910347 0.1232370555705835 0.048846138610730665 0.45130516733237053 -0.037735041157817631 0.039248548085302128 0.0019297366959176371 -0.028779619622307673 -0.038251608697829211 0.0873422084711441 0.035259278276512387 0.64721644321756633 -0.01739899174882505 0.12707939304724306
leaf_weight=825.07294720830396 544.08688843110576 1298.5658163540065 919.77832661103457 15.050330027006567 244.05052449740469 202.58809011057019 434.69448494538665 417.1937082670629 167.93189931847155 58.254150158725679 17.431780118495226 7.6673561325296751 1217.910419956781 817.52257694024593 11.320054844953118 21.063303077127784 562.34512099297717 10.523173442110419 0.51614614250138169 0.39606473688036103 2.9891581889241943 3.5985739468596876 0.91929615009576071 19.877239269670099 148.02432635938749 18.326182973571122 5.9923617541790009 1.0070734242908654 0.52727755112573504 2.5609851079061619
leaf_count=186325 11461 51383 12112 2300 2281 1337 6501 3367 1548 643 120 79 11670 32324 68 598 106066 366 103 64 522 106 152 3460 28315 2061 893 118 81 188
internal_value=-0.000389698 0.00843739 0.00204813 -0.0351861 -0.00111169 0.00638414 0.0120597 0.00339349 -0.0103906 0.0150062 -0.0177326 -0.00530876 -0.00564008 -0.0111578 0.000570398 0.00107389 -0.0260072 0.0304267 -0.0279259 -0.00925458 0.140249 0.221167 0.399932 -0.0168309 -0.021923 0.0277311 0.107384 0.544173 0.313765 -0.0346201
internal_weight=7997.79 6380.06 5081.49 1617.73 4086.03 1466.46 1095.94 661.244 370.52 995.464 75.6859 2619.57 2611.9 1382.67 1229.23 565.15 792.653 25.5735 767.08 204.735 9.03025 6.04109 2.44252 195.704 188.789 38.2034 6.9157 1.52322 0.923342 150.585
internal_count=466612 135492 84109 331120 71234 15034 12149 5648 2885 12875 763 56200 56121 44383 11738 12059 144795 2666 142129 36063 1001 479 373 35062 34024 5521 1038 221 145 28503
is_linear=0
shrinkage=0.05


Tree=79
num_leaves=31
num_cat=0
split_feature=0 0 22 1 7 8 6 4 21 8 4 21 8 7 4 6 21 7 6 10 4 9 4 22 22 8 9 23 23 8
split_gain=889.713 391.685 63.0132 54.2263 46.3133 53.2151 37.7996 54.286 37.7734 37.6028 68.8758 34.7201 43.2698 49.0716 42.5405 40.318 34.844 33.3715 48.8174 51.4133 68.5587 33.2356 49.6855 34.4074 32.6512 38.8646 36.3712 42.257 32.2121 36.1818
threshold=0.017627964220518825 0.96660439225266159 0.45000000000000007 0.29575346466266556 0.97665817950413303 39.500000000000007 9.5000000000000018 4.5000000000000009 0.61695448872070502 9.5000000000000018 7.5000000000000009 0.9932341031177353 15.500000000000002 0.99340326781406108 7.5000000000000009 3.5000000000000004 0.38490484704754629 0.99955583662882519 5.5000000000000009 3.89528501033783 3.5000000000000004 0.051984336227178581 3.5000000000000004 0.70833333333333337 0.45000000000000007 19.500000000000004 0.030308863148093227 0.75000000000000011 2.2500000000000004 15.500000000000002
decision_type=2 2 8 2 8 2 2 2 8 2 2 10 2 10 2 2 8 10 2 10 2 10 2 10 8 2 10 10 10 2
left_child=2 3 4 -2 5 9 24 8 -8 10 -1 12 13 14 -3 -14 -16 -13 -19 20 -20 -15 -23 -24 25 26 -5 -28 29 -4
right_child=1 11 28 6 -6 -7 7 -9 -10 -11 -12 17 15 21 16 -17 -18 18 19 -21 -22 22 23 -25 -26 -27 27 -29 -30 -31
leaf_value=-0.037406927827249574 -0.0019404509067929563 0.027762102558361774 0.013193683230421673 0.019959858187407004 -0.041462208059923816 0.053832592167393271 0.011395645965644997 0.014430726230627428 -0.079030291262535968 -0.031307706396509379 0.20215822396302571 0.043917630760715927 0.041053283803382523 0.016216918584777282 -0.13160079719057269 0.01357131436201674 0.044548882013305945 0.030389234218689234 0.038017722667233501 0.019217920784037577 -0.25086199643689311 0.018191701823495252 -0.13768870698544003 0.028357210648749093 0.019553578837572284 0.011470843290175255 0.03427269218744277 -0.039542685422543897 0.021398962700160378 -0.034228523869003193
leaf_weight=6.791344309691338 3369.053744005505 117.17060649394989 56.226025377865881 54.275407329201698 1162.2127214823849 23.816576654557139 15.857969202101229 61.694083172827959 39.351894177496433 152.02655841596425 4.0418827068060637 582.10557515360415 359.95498375967145 17.144444283097982 7.0265824049711201 213.93253840506077 3.6955327317118654 51.755076525732875 2.8065690211951759 8.3577072806656343 4.8383166994899511 10.7043807413429 17.93996931612492 3.3691776990890494 682.69860116578639 513.82425916753709 22.283558482304215 120.13590621389449 59.611584886908531 136.47511268593371
leaf_count=1381 58761 4242 7324 514 266852 2599 82 547 243 31376 278 24784 14875 619 107 6976 80 2205 102 328 93 328 386 124 10701 4919 147 902 4538 20562
internal_value=-0.000202022 0.00828178 -0.0334602 0.00158885 -0.0377487 -0.0145312 0.00945872 -0.0177449 -0.0533165 -0.0247962 0.0615054 0.0315764 0.0241936 0.00256549 0.0188804 0.03085 -0.0722672 0.0400572 0.00673565 -0.0670521 -0.152679 -0.0394105 -0.06879 -0.111341 0.0117524 0.00423981 -0.0146122 -0.0278348 -0.0104753 -0.0203951
internal_weight=7881.18 6279.98 1601.2 4879.18 1348.89 186.676 1510.12 116.904 55.2099 162.86 10.8332 1400.8 750.938 177.051 127.893 573.888 10.7221 649.863 67.7577 16.0026 7.64489 49.158 32.0135 21.3091 1393.22 710.519 196.695 142.419 252.313 192.701
internal_count=466975 132065 334910 76816 302486 35634 18055 872 325 33035 1659 55249 27737 5886 4429 21851 187 27512 2728 523 195 1457 838 510 17183 6482 1563 1049 32424 27886
is_linear=0
shrinkage=0.05


Tree=80
num_leaves=31
num_cat=0
split_feature=0 1 20 20 8 5 7 6 20 8 5 21 0 6 9 20 23 23 6 8 15 23 7 9 20 7 23 6 5 9
split_gain=853.873 355.794 73.8723 58.7233 40.5974 39.1317 41.8231 39.1022 38.8946 101.095 38.5224 37.1698 59.1067 36.7019 71.9759 64.7577 43.5321 37.8131 36.1243 35.1518 51.746 38.3011 38.4225 30.8574 39.7985 39.0155 35.71 33.9328 30.7468 30.6895
threshold=0.021607213770712529 3.1738601445765329 0.025722312301443871 0.52294222304992355 9.5000000000000018 0.077489659699272684 0.53521060034288004 4.5000000000000009 0.49818355910221485 15.500000000000002 0.20258679379831493 0.99907348638398585 0.0014182041628884514 3.5000000000000004 0.29298926889896398 0.9955496575034064 1.2500000000000002 0.75000000000000011 2.5000000000000004 23.500000000000004 0.28134213951541076 0.75000000000000011 0.94669241619352851 0.19348897784948352 0.97206282824163148 0.99930319519927124 1.7500000000000002 9.5000000000000018 0.23221028729213214 0.15010212361812594
decision_type=2 2 8 8 2 2 10 2 10 2 2 10 2 2 10 8 8 8 2 2 10 10 8 8 8 10 8 2 2 10
left_child=2 3 -1 5 10 6 -2 8 9 18 -4 -6 -13 14 17 -16 -15 -5 29 21 -21 -7 -23 25 27 28 -26 -25 -18 -3
right_child=1 7 4 13 11 19 -8 -9 -10 -11 -12 12 -14 16 15 -17 23 -19 -20 20 -22 22 -24 24 26 -27 -28 -29 -30 -31
leaf_value=-0.041335467076448806 -0.0018628652980213307 -0.019095833926572364 0.084640952651084969 -0.035972439771969837 -0.025200282248576629 0.020236477690614284 0.026408741410103853 0.015393430702869571 0.043062020635629139 0.036929454978492711 -0.037061113764523174 -0.047149368123595319 0.080911411563214644 -0.027738556382608411 0.014716074444154485 -0.052022413355403058 0.002799687440962084 0.031158752102857248 -0.065091074535801735 -0.0083842257361657867 0.010960645639128734 0.0089205285772332773 -0.017499531374618123 0.028576564917983743 -0.045268409796893498 0.059085806562185962 0.0080986401909923823 -0.0076996842266125118 -0.031284946411540858 0.045981653558548718
leaf_weight=1010.7768867118284 326.04172340407968 63.239368844777346 16.679544526152316 21.188710570335388 546.33557506883517 88.008154310751706 217.33245810400695 360.3485236428678 591.46548919938505 353.49375857785344 9.5555144790559989 14.723230709787456 20.349627337418497 102.51267364062369 91.713365133851767 58.867577913217247 155.95544350799173 451.31500117387623 28.076285319402814 780.20941112237051 619.07535270880908 159.19718048721552 989.05482484493405 328.31851705163717 45.385607479140162 20.025271747261286 95.962756178341806 79.695625513792038 113.72843937017024 24.232244631275535
leaf_count=239177 4360 2106 806 148 95807 1278 3050 12677 26004 14720 1349 2773 698 822 1017 602 1859 5064 502 17890 5835 1785 18840 3744 436 224 1092 532 1031 823
internal_value=-0.000740925 0.00774587 -0.0330513 0.00116963 -0.0192259 -0.0027334 0.00947262 0.0296847 0.0345216 0.0236834 0.0405806 -0.0219896 0.027336 0.00909604 0.0184996 -0.0115455 0.00286031 0.0280787 -0.0168093 -0.00525258 0.0001761 -0.0113923 -0.013832 0.00662726 0.0135818 -0.00656172 -0.00923464 0.0214894 -0.0116366 -0.000751473
internal_weight=7782.86 6164.44 1618.42 4743.59 607.643 3178.92 543.374 1420.86 1060.51 469.042 26.2351 581.408 35.0729 1564.67 623.085 150.581 941.584 472.504 115.548 2635.54 1399.28 1236.26 1148.25 839.072 549.363 289.709 141.348 408.014 269.684 87.4716
internal_count=467051 126441 340610 69609 101433 53038 7410 56832 44155 18151 2155 99278 3471 16571 6831 1619 9740 5212 3431 45628 23725 21903 20625 8918 5804 3114 1528 4276 2890 2929
is_linear=0
shrinkage=0.05


Tree=81
num_leaves=31
num_cat=0
split_feature=1 1 0 21 18 15 8 21 5 13 5 5 20 8 21 5 7 6 8 12 22 22 9 5 9 8 12 22 23 7
split_gain=774.799 354.456 58.8977 52.1596 42.5292 41.375 40.2878 34.5189 49.6956 31.3911 31.0894 51.3298 42.9633 31.799 28.9704 38.0078 34.5875 36.4102 30.986 61.2963 27.9135 111.181 44.7227 54.0084 36.8589 27.3396 31.0515 28.2346 53.4869 32.0249
threshold=-4.1965691460584935 3.7319102804448829 0.64574499886356074 0.013225514903844042 1.0000084042549136 0.091970050091574954 9.5000000000000018 0.96764986981988022 0.11813603805982366 10.500000000000002 0.2580705877296528 0.1005691846033883 0.037890588785949413 30.500000000000004 0.9932341031177353 0.18647609650469676 0.99932194077293102 5.5000000000000009 40.500000000000007 0.034397533163428314 0.55000000000000016 0.36666666666666675 0.46270996332168585 0.22621104459136629 0.40277279913425451 29.500000000000004 0.044579735025763519 0.77500000000000013 1.7500000000000002 0.95230952553122394
decision_type=2 2 2 8 10 8 2 10 2 2 2 2 10 2 10 2 10 2 2 10 8 10 10 2 8 2 8 10 10 8
left_child=3 2 5 -1 6 9 -5 8 -4 -2 11 12 -6 -12 15 -3 -16 -18 20 -20 21 -17 23 -23 -25 27 -27 29 -29 -7
right_child=1 14 7 4 10 25 -8 -9 -10 -11 13 -13 -14 -15 16 18 17 -19 19 -21 -22 22 -24 24 -26 26 -28 28 -30 -31
leaf_value=-0.042719063855234093 0.0030576909246932222 0.032566233024179068 0.022628048675311197 0.032727460403346675 0.11037598213032436 0.0086969774949885292 -0.029496686749273068 0.021555316916911257 -0.0027199238548884196 -0.017811971953719554 -0.033486626154496844 -0.041346026743540182 -0.043160007195278495 0.18961877447703387 0.045988117239341653 0.026214331271948828 0.031110439520509566 -0.0369554006855679 0.040304122970003492 -0.2458247607824664 0.02539539495212785 0.012801566565174463 -0.28290670328267836 -0.21395817463902236 -0.0079272227701430008 0.0033205417064857004 0.026946679982286378 -0.0010182718999764537 0.039448483952228774 -0.0079596524400847388
leaf_weight=724.82057948899455 259.88519277330488 431.74918205849826 274.16258469596505 26.313827176112682 13.672478110995145 365.84673933917657 642.28641904494725 461.68916980363429 649.84420365281403 584.60616313526407 1.9916924918070424 25.40208639157936 5.9621039303019634 3.83204733626917 464.66194087080657 49.483079301193357 73.942020444199443 25.698683800175786 3.4871283657848826 2.5243773031979799 107.06631898321211 9.2509464938193613 2.2872319016605607 6.27571961097419 3.2068872731179008 509.81305193761364 190.42139196489006 293.35603918135166 112.12720377929509 1352.9673206093721
leaf_count=185606 6144 19049 4368 2598 1235 4514 133464 10016 5855 19929 374 4681 982 222 21762 1434 3442 892 107 63 3916 286 65 136 98 7042 2168 1980 898 23262
internal_value=-0.000256592 0.00738905 0.00162729 -0.0332419 -0.023648 -0.00169003 -0.0270025 0.0104057 0.00481742 -0.0113935 0.0201203 0.00493918 0.063922 0.119592 0.0320558 0.0244778 0.0402611 0.0133626 0.0053821 -0.0977721 0.00940228 -0.0149002 -0.108479 -0.0739259 -0.151684 0.00121416 0.00977469 -0.00161092 0.0102414 -0.00441132
internal_weight=7678.63 6234.35 5054.72 1444.28 719.461 3669.02 668.6 1385.7 924.007 844.491 50.8604 45.0367 19.6346 5.82374 1179.63 615.331 564.303 99.6407 183.582 6.01151 177.57 70.5039 21.0208 18.7336 9.48261 2824.53 700.234 2124.3 405.483 1718.81
internal_count=466588 137426 86176 329162 143556 65937 136062 20239 10223 26073 7494 6898 2217 596 51250 25154 26096 4334 6105 170 5935 2019 585 520 234 39864 9210 30654 2878 27776
is_linear=0
shrinkage=0.05


Tree=82
num_leaves=31
num_cat=0
split_feature=0 1 22 1 15 6 10 16 18 9 22 8 12 12 18 6 9 12 18 18 8 12 1 18 10 23 15 9 9 23
split_gain=750.179 313.584 77.8837 40.3923 39.1464 32.7106 49.2018 45.3993 32.1627 30.4446 37.3999 36.5314 36.6149 36.195 34.1794 29.7818 32.7666 49.2927 43.1428 29.0149 28.945 28.8279 28.417 28.1259 43.9484 27.8232 23.662 31.6736 23.5243 39.1572
threshold=0.02659836753261097 3.7319102804448829 0.45000000000000007 0.29575346466266556 0.042954885257532667 5.5000000000000009 3.9993127584457402 0.99961111636804012 1.0000084042549136 0.018711629323661331 0.81666666666666676 7.5000000000000009 0.14365629106760028 0.0069326448719948539 0.028160601854324344 1.0000000180025095e-35 0.16598966717720035 0.043394237756729133 0.011825735680758955 0.1258918568491936 43.000000000000007 0.02336131222546101 -5.9504407119656912 1.0357062816619875 2.7147009372711186 2.2500000000000004 0.096323594844574617 0.35237120091915136 0.11102792993187906 2.2500000000000004
decision_type=2 2 8 2 10 2 8 10 10 10 10 2 8 10 10 2 10 8 8 10 2 10 2 10 10 10 8 10 10 8
left_child=2 3 8 26 -4 15 7 23 22 25 20 12 -12 14 -13 16 17 -3 -19 -16 -11 -9 -1 -7 -25 -5 27 -2 -6 -30
right_child=1 5 4 9 28 6 -8 21 -10 10 11 13 -14 -15 19 -17 -18 18 -20 -21 -22 -23 -24 24 -26 -27 -28 -29 29 -31
leaf_value=-0.043724463459124063 -0.0042911160429956359 0.031744521322653922 -0.018794352141632567 0.034402181895971246 0.061583242745546829 0.0082294696855420117 0.034002827131713112 -0.039336030678470274 -0.0053396349104837815 -0.00074847921689026717 -0.12072487527084164 0.024128287541277549 0.044867219404204919 0.027956758756756385 -0.17644160303286252 0.036300962552161975 0.04764720471802969 -0.24368265999461208 -0.03501985394895487 -0.016667014354828882 0.03573557025847348 -0.2447206729312954 -0.027508659219159012 0.0028828735175610385 -0.19076302766013073 -0.010968528627690722 0.0011030309729009623 -0.031777997101041178 -0.040371207251793231 0.043044697516383144
leaf_weight=803.61634602257982 586.19924926850945 8.6493051107972914 206.20763947814703 176.86176854930818 24.882290061097592 59.228852953761816 102.20993842184544 4.4370802119374266 79.672824500827119 1017.8192297834903 7.8963824678212378 10.944739818573 4.6682242061942825 305.17256493121386 4.8219614420086128 940.21499046869576 12.339153833687304 3.5394970364868614 6.3539711516350517 6.004844943061471 56.428939413279295 2.3697474151849747 418.44988448917866 7.205971507355569 3.9042233806103468 41.208233531564474 2504.7375223264098 126.74311106652021 25.725707153789699 28.714765028096735
leaf_count=216982 13765 264 25769 2317 2133 2094 4127 120 13897 11858 118 202 90 6189 51 43784 450 68 155 77 664 53 81002 240 68 473 30959 3228 2873 2675
internal_value=-0.000452903 0.00763449 -0.0310092 0.00206461 -0.00733013 0.031091 0.0113923 -0.0186159 -0.0361935 0.00846978 0.00577753 0.0202171 -0.0604291 0.0234912 -0.0375811 0.0347138 -0.0132315 -0.0541079 -0.125188 -0.0967282 0.00119944 -0.133027 -0.038199 -0.00583462 -0.0752992 0.0258176 -0.00118535 -0.00921525 0.0223353 0.00360953
internal_weight=7587.23 5999.96 1587.27 4849.51 285.53 1150.45 179.356 77.1459 1301.74 1631.83 1413.76 339.509 12.5646 326.944 21.7715 971.097 30.8819 18.5428 9.89347 10.8268 1074.25 6.80683 1222.07 70.339 11.1102 218.07 3217.68 712.942 79.3228 54.4405
internal_count=466745 121414 345331 69991 33450 51423 6702 2575 311881 22039 19249 6727 208 6519 330 44721 937 487 223 128 12522 173 297984 2402 308 2790 47952 16993 7681 5548
is_linear=0
shrinkage=0.05


Tree=83
num_leaves=31
num_cat=0
split_feature=0 0 1 18 21 21 15 18 7 6 8 4 7 9 8 10 8 4 10 21 8 18 21 10 4 7 4 9 21 8
split_gain=693.304 306.766 54.5511 48.6653 40.6139 40.0337 38.1924 40.6016 36.2331 35.2024 48.9578 34.3506 33.9371 37.2381 37.4371 44.6393 33.8726 52.903 33.5569 32.7084 39.1756 42.4144 63.0228 45.988 37.5138 47.2286 35.3047 61.9307 32.5758 32.373
threshold=0.010569497652041163 0.97984966106328752 1.0135940002009232 1.0000084042549136 0.10763973063593262 0.97945097991977148 0.096323594844574617 0.04107248596847058 0.98283424219843096 7.5000000000000009 36.500000000000007 2.5000000000000004 0.99412920803440996 0.018053234554827217 37.500000000000007 2.6588120460510258 9.5000000000000018 7.5000000000000009 1.7132022976875307 0.99405415712682887 15.500000000000002 1.0000084042549136 0.9868025343491128 4.7507762908935556 7.5000000000000009 0.99393674988099689 3.5000000000000004 0.051984336227178581 0.94094628755713228 26.500000000000004
decision_type=2 2 2 10 8 8 8 10 10 2 2 2 10 10 2 10 2 2 10 10 2 10 10 8 2 10 2 10 8 2
left_child=3 2 6 4 -1 12 7 11 18 -10 -11 -2 -4 -14 15 -15 17 -6 -5 20 24 -22 -23 -24 25 -3 -27 -28 -19 -8
right_child=1 19 5 8 16 -7 29 -9 9 10 -12 -13 13 14 -16 -17 -18 28 -20 -21 21 22 23 -25 -26 26 27 -29 -30 -31
leaf_value=-0.043230200332831578 0.14700685117143963 0.024766034926724814 0.012500222093186485 -0.019020495525792148 -0.03726225343848269 0.022936695478216567 -0.0025049867128395017 -0.020543143752154991 -0.039374599756792736 0.1598804671908699 -0.042471015241888427 -0.00093100020028710241 0.032738438316487671 -0.065323991729474021 0.032269956245613282 -0.011872618226026357 -0.026877514824574518 0.2477162040470724 0.094485306716879963 0.040045147339365678 0.03371047814358024 0.01683626231844336 -0.23175305177078998 0.03418460016011346 -0.10135457183604046 0.046256217629017694 0.018488804445211487 -0.12355411298466146 0.047814797129861211 0.0084910792639208612
leaf_weight=804.63159705325961 2.9590425738133481 96.502816908061504 419.34349234960973 10.173026128672065 10.17227533319965 422.64763172715902 2082.8672336265445 484.08775623654947 43.861454701749608 4.9071359941735846 5.3870468705426902 440.83619075827301 42.609068356454372 51.138545187190175 31.906706476584077 158.29531090147793 376.00767651735805 2.4706550035625687 15.771036747377364 491.01190951280296 407.48605622723699 17.737767882645134 4.4345430824905625 1.9891950637102125 7.6385668572038403 8.4820559825748187 12.750387066975238 17.435200273990631 6.5355086224153647 985.08977605216205
leaf_count=225270 41 4108 6451 1657 1415 10010 31811 20832 9850 500 1042 12570 640 605 452 1739 76990 67 897 24551 18742 675 102 81 149 314 547 478 236 13862
internal_value=-0.000772662 0.00615807 0.00107798 -0.0342552 -0.0367724 0.0107937 -0.00166173 -0.0105445 0.0034386 -0.0198208 0.0596034 0.000383675 0.00347416 -0.00985283 -0.0174764 -0.0251725 -0.0235477 0.0398317 0.050924 0.0305545 0.022387 0.0298822 -0.0334564 -0.15589 -0.00031787 0.00609417 -0.0399548 -0.0648863 0.121929 0.00102735
internal_weight=7467.17 6187.25 5121.78 1279.92 1199.82 1125.94 3995.84 927.883 80.0997 54.1556 10.2942 443.795 703.293 283.95 241.341 209.434 395.186 19.1784 25.9441 1065.47 574.457 431.648 24.1615 6.42374 142.809 135.17 38.6676 30.1856 9.00616 3067.96
internal_count=466684 148760 99013 317924 303978 19897 79116 33443 13946 11392 1542 12611 9887 3436 2796 2344 78708 1718 2554 49747 25196 19600 858 183 5596 5447 1339 1025 303 45673
is_linear=0
shrinkage=0.05


Tree=84
num_leaves=31
num_cat=0
split_feature=0 0 20 5 2 23 20 5 23 6 10 18 18 12 9 23 20 2 18 12 16 12 15 7 12 7 22 20 18 12
split_gain=654.255 305.565 63.6912 59.623 48.1793 40.5671 40.0164 40.7776 50.9392 38.497 81.2254 40.2658 38.0832 35.381 42.8326 71.1006 41.9037 40.6243 51.371 38.0777 34.8695 35.0188 45.1505 34.6475 33.7097 41.6641 42.6292 35.1259 32.833 30.4046
threshold=0.0050395216892992287 0.97984966106328752 0.52294222304992355 0.21827615863085095 -0.46042563791168661 1.2500000000000002 0.17196969134905246 0.21827615863085095 2.2500000000000004 1.5000000000000002 0.81162005662918102 0.30540159344673162 1.1378124356269839 0.084875196218490614 0.10926124453544618 2.7500000000000004 0.45361025752529049 -0.9970219746052037 0.15087480098009112 0.10842134431004526 0.99961111636804012 0.14947859942913058 0.080564649843843705 0.99788456052010177 0.040506590157747276 0.99938623572571628 0.81666666666666676 0.97206282824163148 0.028743178583681587 0.0034291201736778025
decision_type=2 2 10 2 2 10 8 2 8 2 10 10 10 10 8 10 8 2 8 10 10 8 10 10 8 10 10 10 8 10
left_child=6 2 4 29 9 28 -1 -8 12 10 -2 -12 -9 14 15 -10 -17 -15 19 -19 21 -11 -23 -6 25 26 -7 -26 -5 -4
right_child=1 -3 3 5 23 24 7 8 13 20 11 -13 -14 17 -16 16 -18 18 -20 -21 -22 22 -24 -25 27 -27 -28 -29 -30 -31
leaf_value=-0.041576432138293838 -0.010434011510892426 0.030910528445343699 -0.015392780431300405 -0.081312698778172585 0.00349766203201171 -0.037436987273858517 -0.032259499388386813 -0.046010804797892366 0.035424112244113626 -0.020376981925520059 0.042883289683828346 0.16489204015215997 0.18419443745427722 -0.035862070404819146 -0.015767619845877715 0.47355778551021155 0.007833971718692696 0.35693998709678909 0.013678596876377498 0.0010973105211285071 0.091993549363129215 0.0048199907829937216 0.15031732603021764 -0.010706252727756386 0.02443171000604916 0.04711762559644439 0.0036296929531003694 -0.018041985062187436 -0.013615292327453649 0.023657393418795164
leaf_weight=816.10034060641192 125.66507920599543 1030.085320033133 53.353819055948406 22.09685083758086 2430.4209488653578 109.24259542813525 180.11651476519182 34.031716596800834 10.626835612813007 718.82033977448009 33.434006514959037 7.9124614491593084 0.91869362397119303 2.4788694293238223 25.847327303839847 0.71821093419566806 0.71942395437508833 2.7923083351925002 2.8896676381118596 0.94537927722558368 6.3247735821641973 35.956917903386056 5.2755012563429764 520.40943958656862 254.23306634509936 30.388585295528173 147.69621830992401 59.374801841564476 82.382717112544924 643.3523836992681
leaf_count=234440 8115 49522 653 225 28316 1059 38998 6801 1371 63341 1580 249 120 422 3938 105 65 207 409 136 433 2715 225 6396 3111 312 1794 929 910 10158
internal_value=-0.000134699 0.0060115 0.00115479 0.0102854 -0.00214297 3.49345e-05 -0.0361137 -0.01901 0.0101421 -0.0120377 0.00966965 0.0695746 -0.0350045 0.0437315 0.0209626 0.0948383 0.339322 0.127071 0.184725 0.286165 -0.0167746 -0.0177994 0.0265542 0.000989876 0.0050471 -0.00731278 -0.0139081 0.0163585 -0.0285681 0.0206492
internal_weight=7394.61 6316.43 5286.34 1402.12 3884.22 705.415 1078.19 262.085 81.9684 933.389 167.012 41.3465 34.9504 47.018 37.9118 12.0645 1.43763 9.10622 6.62736 3.73769 766.378 760.053 41.2324 2950.83 600.935 287.327 256.939 313.608 104.48 696.706
internal_count=467055 180043 130521 19151 111370 8340 287012 52572 13574 76658 9944 1829 6921 6653 5479 1541 170 1174 752 343 66714 66281 2940 34712 7205 3165 2853 4040 1135 10811
is_linear=0
shrinkage=0.05


Tree=85
num_leaves=31
num_cat=0
split_feature=0 1 20 21 6 12 1 0 8 20 12 23 12 12 12 17 5 20 9 8 17 20 7 8 16 15 23 22 20 20
split_gain=608.746 271.4 65.6411 43.1664 41.3552 42.0198 40.4119 37.9829 46.1971 40.0131 42.175 39.452 58.0355 36.4178 34.3605 34.87 33.6616 50.4173 32.374 65.6853 33.9345 31.9832 29.9689 29.2014 50.102 28.497 28.3392 39.7373 33.4332 32.5298
threshold=0.010569497652041163 3.7319102804448829 0.52294222304992355 0.013225514903844042 3.5000000000000004 0.10463429614901544 1.0135940002009232 0.10433349953797329 18.500000000000004 0.0035685808876936638 0.078495562076568617 0.75000000000000011 0.13332327455282214 0.0059043804649263629 0.097403638064861311 0.073264755308628096 0.19685361889601363 0.72454845692073533 0.1873876750469208 30.500000000000004 0.54457613825798046 0.068815208058703628 0.8963251832134046 40.500000000000007 0.9963191786294272 0.29303391763519188 1.7500000000000002 0.81666666666666676 0.90757525622690738 0.74280604509366766
decision_type=2 2 10 8 2 8 2 2 2 8 10 10 10 8 10 10 2 8 8 2 8 8 10 2 10 10 10 10 10 10
left_child=3 2 7 -1 5 -4 -7 -2 11 -10 22 14 -13 -6 15 -9 -3 18 19 20 -18 -12 -11 -20 -25 -16 28 29 -15 -28
right_child=1 16 4 -5 13 6 -8 8 9 10 21 12 -14 26 25 -17 17 -19 23 -21 -22 -23 -24 24 -26 -27 27 -29 -30 -31
leaf_value=-0.042328467676976941 -0.012115786703176729 0.035879269104164571 0.031300796990048348 -0.023261401600389305 -0.028390407268991408 -0.021170788413872106 0.042563652514214637 0.0034209445945371079 0.01856852335432136 0.017329615732551769 -0.01585789523579199 -0.021594159286840643 0.0259472622473041 0.0093065086435168923 -0.00011857270765842248 0.048901940395604575 -0.079193773843366386 0.031843303778556133 0.017558917596636019 -0.13799575249312521 0.028003657192957238 0.042457105982475929 -0.0037669899817343367 -0.20635814852426604 0.040450285554416196 -0.077039357516419063 0.010831177558899976 0.033150894424467427 -0.021842390397812328 -0.038348894078933979
leaf_weight=596.13529316382483 746.64950152300298 682.35674129426479 355.49829036276788 601.04792581917718 76.421240308322012 85.758555962704122 33.870934909209609 150.36729645915329 407.70551566313952 191.09697218053043 30.298646744340658 544.2267352854833 71.905323221348226 221.18193463981152 31.408110475167632 57.647320901975036 9.4928663931786996 224.44696490839124 92.91370171867311 11.589944403618572 23.921050341799855 97.500588713213801 1360.3306016894057 3.0329604651778928 3.6443818304687738 18.529470182955265 198.77786995843053 190.85705667920411 139.71861132513732 39.431537130847573
leaf_count=180967 50847 35426 5115 137378 763 636 881 1186 4765 1549 386 5640 609 2025 267 410 234 11088 3437 193 776 802 13657 49 131 113 2217 3038 1737 548
internal_value=-0.000200077 0.00619839 0.0013838 -0.0327832 0.0108571 0.0226959 -0.00292228 -0.00204584 0.000496625 0.00453828 0.00112281 -0.00914725 -0.0160128 0.00434597 0.00725001 0.0161988 0.0292964 0.0170607 -0.00594659 -0.0406585 -0.00386731 0.028616 -0.00115893 0.00998752 -0.0839311 -0.0296123 0.00754477 0.0162151 -0.00277947 0.00256397
internal_weight=7297.76 6100.58 5049.18 1197.18 1341.52 475.128 119.629 3707.67 2961.02 2086.93 1679.23 874.084 616.132 866.388 257.952 208.015 1051.4 369.042 144.595 45.0039 33.4139 127.799 1551.43 99.591 6.67734 49.9376 789.967 429.066 360.901 238.209
internal_count=466870 148525 97191 318345 16960 6632 1517 80231 29384 21159 16394 8225 6249 10328 1976 1596 51334 15908 4820 1203 1010 1188 15206 3617 180 380 9565 5803 3762 2765
is_linear=0
shrinkage=0.05


Tree=86
num_leaves=31
num_cat=0
split_feature=1 0 20 20 18 7 5 10 10 4 6 15 8 13 1 3 8 4 20 5 12 5 18 10 7 6 7 4 20 8
split_gain=547.776 261.947 47.991 46.8123 51.4792 55.158 45.7874 44.7732 44.5185 35.0846 42.9466 34.1708 33.6689 33.362 33.1867 31.7023 56.7542 81.2087 55.8735 35.5325 42.4594 42.0725 41.6881 36.4225 33.6335 30.7362 40.67 49.6311 33.7285 61.8701
threshold=-4.5824209426617459 0.98261091250295596 0.59944378300918599 0.087929044516326063 1.0000084042549136 0.98735045991796777 0.085292857899276556 16.361818313598636 6.7257788181304941 2.5000000000000004 1.0000000180025095e-35 0.18033493336304537 20.500000000000004 27.500000000000004 -1.6792163879063084 2.5000000000000004 30.500000000000004 4.5000000000000009 0.45361025752529049 0.244567380171587 0.080892425030469908 0.25066235638568662 1.1378124356269839 14.500980377197267 0.9996010205364747 5.5000000000000009 0.99974864363506788 3.5000000000000004 0.49818355910221485 15.500000000000002
decision_type=2 2 10 8 10 10 2 10 8 2 2 8 2 2 2 2 2 2 8 2 10 2 10 10 10 2 10 2 10 2
left_child=3 2 6 4 -1 -6 9 -4 14 -2 -11 13 -13 -10 -8 16 -5 18 -18 -17 22 23 -21 -22 -19 28 -27 -28 29 -3
right_child=1 25 7 15 5 -7 8 -9 11 10 -12 12 -14 -15 -16 19 17 24 -20 20 21 -23 -24 -25 -26 26 27 -29 -30 -31
leaf_value=-0.042138503856069584 0.1414533602657175 -0.016875513530358859 0.013844150073967052 -0.0093594759324521336 0.062255180415990596 -0.03618928538271772 -0.018401659868520506 -0.016129748936808668 0.0087042851722378897 -0.0067742478593161362 0.016980945706361564 -0.0043870760639169752 0.016973168593755972 -0.030589516817514231 -0.0044435617028024945 -0.032254638244428389 0.46696436638499916 -0.017984736604181401 0.028924882829682516 -0.022069391114151498 -0.019029647294805621 0.043736259797694022 0.16251281102575629 0.40053209904648235 0.18250588132915552 0.015744359909483682 0.040782596385650648 -0.18018788410533274 0.042475877406914532 0.033851627182401131
leaf_weight=746.76342227403075 3.9783859886229029 79.285787709057331 1008.1448989845812 46.857530547771603 24.56381253618747 31.119342530844733 585.22876365366392 141.28330939915031 96.822343411389738 300.16113163717091 516.5711101021152 288.71288622217253 508.32940852246247 120.18790142936632 1560.2126497644931 230.2293909562286 1.2218603289220475 8.1941157295368594 1.2923277220688758 44.508613175945356 0.6076423437334586 9.5668233558535558 2.2825869717635205 0.77417132747359574 1.7439447015058238 135.87202540971339 3.8744679987430555 5.0006506834179163 465.45586647279561 240.98421940207481
leaf_count=234416 38 3053 14627 7823 2570 8176 34712 1931 3335 5775 10081 4796 6981 5200 15012 51932 144 1388 80 8072 108 1439 147 125 66 5855 166 118 26080 12790
internal_value=-0.000420437 0.00558387 0.00115426 -0.032046 -0.038684 0.00757022 -0.00144521 0.0101491 -0.00417865 0.00907 0.00825295 0.00445133 0.00924004 -0.0130985 -0.00825782 -0.0166406 0.0164376 0.106991 0.314108 -0.0234867 0.0114282 0.0955902 -0.00985296 0.285505 0.0306665 0.0299765 0.00873095 -0.0893611 0.0338743 0.0212802
internal_weight=7209.83 6060.11 5129.63 1149.73 802.447 55.6832 3980.2 1149.43 3159.49 820.711 816.732 1014.05 797.042 217.01 2145.44 347.279 59.3098 12.4522 2.51419 287.969 57.7398 10.9486 46.7912 1.38181 9.93806 930.473 144.747 8.87512 785.726 320.27
internal_count=467036 150550 102488 316486 245162 10746 85930 16558 70036 15894 15856 20312 11777 8535 49724 71324 9501 1678 224 61823 9891 1672 8219 233 1454 48062 6139 284 41923 15843
is_linear=0
shrinkage=0.05


Tree=87
num_leaves=31
num_cat=0
split_feature=0 1 15 6 15 9 20 20 9 20 15 2 7 5 20 10 8 20 18 10 6 18 7 5 20 9 9 5 5 23
split_gain=538.666 236.667 47.5571 45.7106 46.1192 45.3167 44.9535 44.3242 41.9912 62.9647 63.1971 45.2714 44.075 34.1411 62.6236 42.6463 50.9198 63.8056 43.0618 39.721 34.1908 33.4736 39.0536 31.0552 36.9898 30.8073 32.9743 30.6791 32.1682 30.6331
threshold=0.010569497652041163 3.7319102804448829 0.69192599075605388 3.5000000000000004 0.23714372328115066 0.19348897784948352 0.17196969134905246 0.39961090247063058 0.033770885318517692 0.0027277845701783169 0.0072453778790477789 -0.31341238508502894 0.99088540246228474 0.18647609650469676 0.72454845692073533 5.4309871196746835 31.500000000000004 0.33229029603275867 0.012954629957675936 2.450028777122498 1.0000000180025095e-35 1.0000084042549136 0.98735045991796777 0.20258679379831493 0.068815208058703628 0.17161244153976443 0.032463075593113906 0.244567380171587 0.26769341387535761 2.2500000000000004
decision_type=2 2 10 2 8 10 8 10 10 10 10 2 10 2 8 8 2 10 8 10 2 10 10 2 10 10 8 2 2 8
left_child=6 2 3 7 -5 -6 21 8 9 10 -2 -12 -10 20 15 16 18 -18 -15 -19 25 -1 -23 24 -7 26 -3 -8 29 -29
right_child=1 13 -4 4 5 23 27 -9 12 -11 11 -13 -14 14 -16 -17 17 19 -20 -21 -22 22 -24 -25 -26 -27 -28 28 -30 -31
leaf_value=-0.040563792878336828 0.015256092651161682 0.031260600825600789 0.012881586285577113 -0.016914089723785934 -0.012208326260687387 -0.018174986998033962 -0.024071340133943759 0.017483121494528714 0.0022583797291780244 -0.0033226793969586589 0.13999452785506758 0.041929556633043763 -0.021197171152479165 -0.078758397771039865 0.033130329312851828 0.019452580742091895 0.033490446774555385 -0.036384755152692322 0.018262677953997646 -0.19447825129980831 0.038299781305256776 0.042234419402200019 -0.038115682777548045 0.001730422594138353 0.039330392151419986 0.046932432953709788 -0.10550214060718016 -0.0078307327689976988 -0.0078128901646792193 0.1144152096036592
leaf_weight=769.66055391216651 283.88679730799049 6.3149097822606626 772.1439224020578 647.41408084100112 551.66162138525397 35.679242811631411 222.32510753953829 505.24248622171581 487.98129467573017 462.90423380210996 16.67601131927222 39.578303170390427 338.50703807780519 14.269089760258792 232.96335604786873 76.422696009278297 7.0379567909985807 6.7823053654283312 44.629237528890371 10.916450398042796 573.1134295091033 26.833207470597699 32.116754504153505 759.30012836214155 120.42635166551918 10.606535051017998 11.201125802472232 8.3853394219186175 51.151728078024462 11.707157103111966
leaf_count=248590 4616 221 11240 21703 8282 1063 47258 6326 9853 10768 594 423 12122 352 12269 3168 192 156 1540 175 32567 2740 8695 8983 1343 438 246 1577 8098 1357
internal_value=-4.3473e-05 0.00589033 0.00147517 -0.000600063 -0.00580939 -0.00090073 -0.0318297 0.00456005 0.000544942 0.00868213 0.0249816 0.0729373 -0.00736238 0.0281648 0.0166403 -0.00741746 -0.0319101 -0.0905886 -0.00616473 -0.139081 0.0356581 -0.037786 -0.00144701 0.00591959 0.026155 -0.0176445 -0.0571708 -0.0149465 0.0134674 0.065445
internal_weight=7137.84 6015.66 5021.4 4249.26 2114.48 1467.07 1122.18 2134.78 1629.53 803.045 340.141 56.2543 826.488 994.257 393.021 160.058 83.635 24.7367 58.8983 17.6988 601.236 828.611 58.95 915.406 156.106 28.1226 17.516 293.569 71.2442 20.0925
internal_count=466955 148640 97316 86076 41374 19671 318315 44702 38376 16401 5633 1017 21975 51324 17852 5583 2415 523 1892 331 33472 260025 11435 11389 2406 905 467 58290 11032 2934
is_linear=0
shrinkage=0.05


Tree=88
num_leaves=31
num_cat=0
split_feature=1 1 20 9 15 5 12 20 9 23 2 20 22 8 24 6 9 4 9 20 4 2 20 10 15 23 12 5 10 6
split_gain=487.95 228.931 44.2708 63.9693 53.4704 51.0178 51.4053 58.7361 44.3427 62.9198 42.7867 42.5817 38.9537 38.4611 61.0977 49.7872 48.6891 39.3769 45.606 43.3277 36.7773 45.3258 55.9397 36.6375 36.3492 35.9976 33.2354 53.3456 32.7128 32.289
threshold=-5.2425534432931951 3.7319102804448829 0.19399264133217373 0.033187299966812141 0.091970050091574954 0.20008422310738191 0.012689552735537292 0.99434931832901119 0.22163609415292743 0.75000000000000011 -0.80218579397744894 0.62170365681614881 0.55000000000000016 30.500000000000004 1.5000000000000002 1.5000000000000002 0.3027008324861527 5.5000000000000009 0.31125833094120031 0.00050619250929291257 4.5000000000000009 -0.67182512486939372 0.016067514796512274 0.99973362684249889 0.046882927134016997 2.2500000000000004 0.077351342886686339 0.11949072949918471 6.7257788181304941 2.5000000000000004
decision_type=2 2 8 10 10 2 10 8 10 8 2 8 8 2 10 2 10 2 10 10 2 2 10 8 8 10 10 2 10 2
left_child=12 2 3 4 23 6 11 -8 -9 -10 -6 -4 -1 14 17 26 20 18 -5 -20 21 22 -15 -2 -24 -25 27 -16 -18 -21
right_child=1 -3 5 13 10 -7 7 8 9 -11 -12 -13 -14 16 15 -17 28 -19 19 29 -22 -23 24 25 -26 -27 -28 -29 -30 -31
leaf_value=-0.03744226811105713 -0.039072563367651546 0.027248886360304748 -0.016514282148634811 -0.0052326285643578604 0.16344321340562695 -0.0013618967780587947 0.024448344219102261 0.012979358355496025 0.10602395762179878 -0.067800028029429568 0.030452562450067229 0.013076790482057786 -0.0069962959598298792 -0.029848957670933443 0.015902170904257048 -0.028935231847919598 0.00087890791016700769 -0.012134252046267717 -0.057701878815885399 0.13294731003901405 -0.015005912259859195 0.0045777107405951412 0.0083893602703243239 0.010706774480822235 0.43356450265315732 -0.018384841691857192 -0.020698003994536047 0.1867659030189901 0.049500719617902214 0.045065883648231421
leaf_weight=828.44103698339313 50.782733000582084 966.72386103775352 232.17302707582712 51.918576215626672 5.4944938730914137 1560.4528612985741 742.36818559467793 67.006830559577793 4.9691490475088349 44.976985322311521 108.19993098871782 253.02141800802201 120.8900823709555 1.4564690806437277 67.027739010285586 634.59812407311983 66.69116766913794 134.85507273278199 6.194884196156635 15.735684114508329 242.53995664673857 8.5938246469013375 0.70658057625405457 508.85564160812646 1.1693198999855667 133.39734261855483 68.29306635633111 3.9270397382788351 70.959668463794515 32.678841437678784
leaf_count=267799 2057 51369 4377 1574 535 18842 10873 1305 37 756 1511 3623 21095 268 1618 33202 1947 4827 244 371 11007 201 95 14215 98 7443 1881 80 2591 707
internal_value=-0.000255776 0.00494667 0.000730436 -0.00459448 0.00662554 0.00478911 0.0119237 0.0192631 -0.013579 -0.0487646 0.0382486 -0.00108784 -0.0335766 -0.0110263 -0.016159 -0.0230025 0.00227022 0.00578493 0.0283709 0.0598383 -0.0106828 0.0715951 0.203476 0.00139006 0.33202 0.00464519 0.00404829 0.0278229 0.0261199 0.0757415
internal_weight=7035.1 6085.77 5119.04 2214.08 806.73 2904.97 1344.52 859.321 116.953 49.9461 113.694 485.194 949.331 1407.35 1015.23 773.846 392.117 241.383 106.528 54.6094 254.466 11.9262 3.33237 693.036 1.8759 642.253 139.248 70.9548 137.651 48.4145
internal_count=466548 177654 126285 86472 25761 39813 20971 12971 2098 793 2046 8000 288894 60711 44504 36781 16207 7723 2896 1322 11669 662 461 23715 193 21658 3579 1698 4538 1078
is_linear=0
shrinkage=0.05


Tree=89
num_leaves=31
num_cat=0
split_feature=1 1 21 5 20 7 10 9 21 18 11 5 4 5 7 21 2 10 23 20 22 20 10 12 10 15 18 12 4 24
split_gain=441.833 215.679 55.2346 48.1144 56.2045 45.0818 43.0135 90.5862 36.4045 35.546 33.4085 31.9215 102.115 56.7594 31.5434 55.0243 50.7243 36.0507 45.3855 42.335 41.4476 35.0097 33.3916 32.4988 31.8173 29.3523 28.7122 27.3698 48.248 155.857
threshold=-5.4955536437351364 2.0907313916268113 0.9932341031177353 0.11949072949918471 0.6622948989861035 0.99932194077293102 3.5716161727905278 0.3027008324861527 0.0090718194075243893 1.0668656826019289 1.0000000180025095e-35 0.23221028729213214 5.5000000000000009 0.19685361889601363 0.98657884513525029 0.9868025343491128 -0.62610244540322302 3.89528501033783 2.2500000000000004 0.4031943136084512 0.63333333333333341 0.00085444128423732676 6.3347165584564218 0.16957911849021914 15.376688957214357 0.37681319459375551 0.76156884431839 0.086093794554471983 7.5000000000000009 1.5000000000000002
decision_type=2 2 10 2 8 10 8 8 8 10 2 2 2 2 8 10 2 8 10 10 10 8 8 10 8 8 10 10 2 8
left_child=8 14 3 10 -5 -4 7 11 -1 27 -3 12 13 -7 21 16 -16 19 23 26 25 -2 -18 24 -19 -20 -17 -10 -29 -30
right_child=1 2 5 4 -6 6 -8 -9 9 -11 -12 -13 -14 -15 15 17 22 18 20 -21 -22 -23 -24 -25 -26 -27 -28 28 29 -31
leaf_value=-0.044143495642315907 0.03686798894329988 0.032171426480702141 0.039856766539728188 -0.0081572979444594126 0.025001213721796284 -0.011351884685191806 0.027132504690804513 -0.27023598877512839 -0.031782156121893015 0.027163472832018344 -0.016028133625888934 0.031288144607071633 0.040570794630173122 -0.3303358421034287 -0.023547231961166523 -0.024951280368473255 -0.0094728085208475327 0.00074834166671934035 -0.023764836056309073 0.026386388193287699 0.050440905128617999 0.003525862556228609 0.0038705582314543067 -0.093455944263553081 -0.037177611730251983 0.02080445047017699 0.080855969373482661 -0.010092941471403421 0.61211734078788727 0.0018123326166948419
leaf_weight=413.15532259247266 82.663172327447683 344.43055726867169 468.0255161691457 345.06702551990747 201.66073162481189 2.2214436102658519 60.807685538195074 2.8764198049902907 382.69019635627046 31.334476375486702 39.522795742377639 17.29807104729116 8.5976328775286674 3.1117401756346226 402.71928765252233 68.28933685994707 1156.083491262747 166.40679519157857 65.068852679338306 319.16721242037602 59.010371756739914 1342.1098499612417 787.54843438300304 11.869848941452799 81.797009445494041 82.795355533249676 6.0907255054917178 42.21950695803389 0.35916551551781495 4.5675527204293758
leaf_count=149959 2263 16500 25293 9180 7650 125 3202 87 110358 4813 949 755 463 86 50622 2146 18290 2293 1017 3896 800 33656 9670 80 1011 832 205 10223 102 983
internal_value=-0.000121848 0.00462594 0.0211409 0.0136391 0.00409655 0.0334972 0.00204895 -0.0421724 -0.0333505 -0.0236067 0.0271812 -0.0134329 -0.06734 -0.220241 -0.000703283 -0.00345346 -0.00741908 0.00735584 -0.0020419 0.0184833 0.0153948 0.00548482 -0.00406694 -0.0159177 -0.0118494 0.00116348 -0.0153294 -0.0273623 0.00842947 0.142078
internal_weight=6999.57 6125.24 1493.62 930.681 546.728 562.939 94.913 34.1053 874.326 461.171 383.953 31.2289 13.9308 5.33318 4631.62 3206.85 2346.35 860.496 466.948 393.547 206.875 1424.77 1943.63 260.074 248.204 147.864 74.3801 429.836 47.1462 4.92672
internal_count=467509 191071 64290 34279 16830 30011 4718 1516 276438 126479 17449 1429 674 211 126781 90862 78582 12280 6033 6247 2649 35919 27960 3384 3304 1849 2351 121666 11308 1085
is_linear=0
shrinkage=0.05


Tree=90
num_leaves=31
num_cat=0
split_feature=1 1 1 20 21 8 12 18 2 8 4 21 5 10 8 5 1 5 9 13 20 9 16 12 5 9 9 7 20 20
split_gain=403.432 203.956 43.8164 38.7075 38.2689 38.1529 54.7171 34.5398 42.1906 33.6241 61.2209 51.1588 40.076 72.8803 34.4754 32.8871 37.9876 31.7159 42.3321 42.6949 30.2444 56.0859 60.9119 34.8397 38.2481 44.6436 39.9269 42.061 38.6104 34.3825
threshold=-5.2828184244881671 4.1806163372725784 0.29575346466266556 0.80553555848405667 0.013225514903844042 7.5000000000000009 0.090282306075096144 1.0000084042549136 -0.80218579397744894 18.500000000000004 7.5000000000000009 0.99106626018212884 0.11500726326758658 2.1430398225784306 9.5000000000000018 0.0032040236297749126 5.9121477158442834 0.12757644292878262 0.15772770345211032 236.50000000000003 0.11277237412252998 0.051984336227178581 0.69724607438813568 0.0059043804649263629 0.20067673966180954 0.073523156344890608 0.051984336227178581 0.99704646798070751 0.99434931832901119 0.59602278657293406
decision_type=2 2 2 8 8 2 8 10 2 2 2 8 2 10 2 2 2 2 8 2 10 10 10 8 2 10 10 10 10 10
left_child=4 2 20 17 -1 6 -5 9 -9 10 -6 12 13 -12 -14 16 -3 -4 19 -19 21 22 -2 -22 25 29 27 -26 -27 -25
right_child=1 15 3 5 7 -7 -8 8 -10 -11 11 -13 14 -15 -16 -17 -18 18 -20 -21 23 -23 -24 24 26 28 -28 -29 -30 -31
leaf_value=-0.042161674302232111 -0.0018568466190948105 -0.13504018308013085 0.015379880354355458 -0.14610214743855662 -0.016855908929732023 0.026279147791436898 0.028387033019112259 0.0059283390738777584 0.17472882863481534 -0.034870103860923402 -0.0014010797678705032 -0.041935141633492601 0.17450510587978263 0.53068690266568241 -0.014060105707871379 0.029346310191794296 0.042458323664473739 -0.0074573091832555397 0.0064817538256066098 -0.054774297781703486 -0.018055646025558755 -0.016067704237190814 0.047880803978352079 -0.014800774651223998 0.0086312507134196654 0.025114230592631716 -0.0051582483468358984 0.10415979407472582 -0.031902748881287239 0.023720027536261117
leaf_weight=441.81150550278835 739.44180570007302 5.6261154823005182 404.43246275000274 7.0261210855096605 106.93525634449907 325.58409008383751 9.6065570227801782 32.708834463497624 3.1859162431210271 282.26844877609983 1.0525223207659991 4.7057352764531979 3.8808978274464589 0.63524326542392362 4.542736554518342 777.16588099487126 4.8500441685318947 280.51646491512656 615.55592394247651 56.549296295270324 192.38416436896659 860.72915903362446 66.14014837378636 196.61347907106392 36.053425631485879 464.74169547529891 862.2882013018243 16.078961886931211 30.875559450127184 80.96716356696561
leaf_count=166413 28134 124 7801 116 26957 7901 194 5609 342 84763 304 917 120 134 1388 45482 213 3161 7635 726 3659 49794 3009 4135 433 5800 10535 190 290 743
internal_value=-0.000189102 0.00442942 0.000864983 0.00746416 -0.0317606 0.0224663 -0.0494278 -0.0212427 0.0252404 -0.0254246 -0.00342055 0.0884778 0.147482 0.321801 0.0821138 0.0281368 -0.0563262 0.00366722 -0.00131626 -0.0155342 -0.00229833 -0.00720092 0.00228103 0.00204853 0.00434969 0.0125281 -0.00257182 0.0395006 0.0215051 -0.00351988
internal_weight=6914.95 6033.23 5245.58 1699.27 881.727 342.217 16.6327 439.916 35.8948 404.021 121.752 14.8171 10.1114 1.68777 8.42363 787.642 10.4762 1357.05 952.622 337.066 3546.31 1666.31 805.582 1880 1687.62 773.198 914.421 52.1324 495.617 277.581
internal_count=467022 180075 134256 27534 286947 8211 310 120534 5951 114583 29820 2863 1946 438 1508 45819 337 19323 11522 3887 106722 80937 31143 25785 22126 10968 11158 623 6090 4878
is_linear=0
shrinkage=0.05


Tree=91
num_leaves=31
num_cat=0
split_feature=1 0 15 13 20 23 5 8 18 5 20 15 7 20 5 10 12 6 18 8 4 20 20 6 20 5 5 23 8 18
split_gain=403.496 213.886 48.1684 39.8729 43.5294 50.4573 35.2067 49.1048 34.3942 33.4957 40.2033 35.6942 32.9777 31.1699 30.7504 46.6627 30.7012 29.4838 28.7896 32.3803 42.4276 30.7985 43.3576 34.538 30.7008 38.1575 40.1139 62.8318 33.7601 33.9258
threshold=-5.4955536437351364 0.98830705830341004 0.69192599075605388 39.500000000000007 0.34120141913783952 1.7500000000000002 0.38477658318641778 23.500000000000004 0.028160601854324344 0.23078827160575457 0.059655159962772784 0.40929447177480954 0.99981078485363784 0.0041647860992669863 0.077489659699272684 0.93231552839279186 0.16957911849021914 1.5000000000000002 1.0668656826019289 18.500000000000004 7.5000000000000009 0.019218717176002018 0.32512841496497963 2.5000000000000004 0.52294222304992355 0.24105248701165391 0.30128180627877316 2.2500000000000004 12.500000000000002 0.27294342219829565
decision_type=2 2 10 2 10 10 2 2 10 2 8 10 10 8 2 10 8 2 10 2 2 10 8 2 8 2 2 8 2 8
left_child=13 2 3 4 14 -6 -4 8 -8 10 17 -11 -12 -1 15 -2 -16 -5 19 20 24 -22 23 -23 -15 -26 27 -27 -29 -30
right_child=1 -3 6 9 5 -7 7 -9 -10 11 12 -13 -14 18 16 -17 -18 -19 -20 -21 21 22 -24 -25 25 26 -28 28 29 -31
leaf_value=-0.043274628660388073 -0.0012011490131716622 0.030883869190806126 0.015290949809878504 0.011264115299561731 -0.00065476385758154218 0.020832891735644121 -0.066531681153116987 -0.091300811383192904 0.029735475322867536 -0.029730349582388529 0.0059362354476567882 -0.0036986938329106912 0.13789595167135005 -0.038123212151681289 -0.0083639821974898533 0.030919962832178884 0.013884633265814419 -0.023662083636800019 0.022624456152295105 -0.036354606146024718 -0.032213850980556631 0.30298711960733021 0.029776593332227454 -0.023296263324076426 -0.033938644582238546 -0.039083230220766089 -0.00042269788713802199 0.036735708839498372 0.3457786608722988 0.019771864916638113
leaf_weight=375.95388116687536 385.82165108644404 693.15344706270844 775.96531000337563 79.053843141300604 527.74597884062678 565.30292815295979 11.577475507045163 17.759227672591805 34.404196872143075 282.77026870544069 507.20954002137296 246.30466769146733 3.7820721820462486 65.445005593122914 1290.2981113567948 158.89273008541204 175.30076381424442 248.63001766218804 30.649847880471498 283.95633877534419 4.5595970263238987 2.6801479149144121 6.6335521021392205 0.86701290076598514 20.38887355197221 3.477439590031282 13.588501028250901 2.4445751677267262 3.1460293557029217 1.1453652062918989
leaf_count=148256 9316 42318 14956 3238 6744 7758 208 140 602 10602 11561 2324 42 22043 51372 4148 3769 21375 4791 89816 1276 658 1015 276 4420 650 1835 390 278 220
internal_value=0.000300049 0.00478272 0.0013709 -0.000693586 0.00244116 0.0104671 0.0123512 -0.0231194 0.00459669 -0.00780277 -0.00158246 -0.0176415 0.00718035 -0.032691 -0.00192574 0.00820804 -0.00569517 -0.0152275 -0.0235493 -0.0270619 -0.00572559 0.0711389 0.116168 0.235651 -0.0166095 0.0153902 0.0573103 0.127309 0.207158 0.278948
internal_weight=6818.91 6003.97 5310.82 4471.11 3103.36 1093.05 839.706 63.7409 45.9817 1367.75 838.675 529.075 510.992 814.936 2010.31 544.714 1465.6 327.684 438.982 408.332 124.376 14.7403 10.1807 3.54716 109.636 44.1908 23.8019 10.2134 6.73597 4.29139
internal_count=466397 190473 148155 132249 83107 14502 15906 950 810 49142 36216 12926 11603 275924 68605 13464 55141 24613 127668 122877 33061 3225 1949 934 29836 7793 3373 1538 888 498
is_linear=0
shrinkage=0.05


Tree=92
num_leaves=31
num_cat=0
split_feature=0 0 22 23 6 10 8 2 20 8 7 5 23 15 23 8 7 12 10 10 4 6 12 2 15 20 6 10 12 8
split_gain=378.833 174.138 49.6635 52.4481 37.9179 81.3045 42.0217 51.8792 36.0671 38.2879 55.3645 36.8001 41.7623 33.8602 33.5295 33.2741 33.7525 30.9895 34.9478 30.605 30.4078 78.7545 53.5149 38.7203 55.7209 32.158 29.6397 30.4036 31.8762 54.2221
threshold=0.0050395216892992287 0.98261091250295596 0.81666666666666676 1.7500000000000002 1.5000000000000002 0.99973362684249889 26.500000000000004 -0.57475045889178011 0.17196969134905246 39.500000000000007 0.98735045991796777 0.21168131374178589 2.2500000000000004 0.34724831869222156 0.75000000000000011 7.5000000000000009 0.98167188174345887 0.040506590157747276 17.668439865112308 2.8230342864990239 4.5000000000000009 8.5000000000000018 0.017570062540471557 -0.67182512486939372 0.017454029780187511 0.58486353286227832 5.5000000000000009 3.9993127584457402 0.033485047519207008 40.500000000000007
decision_type=2 2 10 10 2 10 2 2 8 2 10 2 10 10 8 2 10 8 8 10 2 2 10 2 10 10 2 8 10 2
left_child=8 2 4 15 5 -2 7 -6 9 -1 -11 -10 -13 20 -9 16 -4 -15 -19 -18 21 22 23 24 -8 -26 -3 28 -28 -30
right_child=1 26 3 -5 6 -7 13 14 11 10 -12 12 -14 17 -16 -17 19 18 -20 -21 -22 -23 -24 -25 25 -27 27 -29 29 -31
leaf_value=-0.042020680916655749 -0.0028227919940309932 0.030367063896532671 0.023388047366436536 0.029798474278692807 -0.0253339008456137 0.032068822204692191 0.049771638407302456 0.027248697943030566 -0.029528623315057539 0.058324418248307877 -0.042114654171459071 -0.014649950093421802 0.060370396975271072 0.0035814131747331206 -0.005935696584693272 0.005778732631483794 0.0039231271158590318 0.016152055614253518 0.063726390485938811 -0.14900885207839112 -0.0056667913678469135 -0.036555126124878899 -0.0023303903866525736 0.052429362127401492 0.33711940499342091 0.046477672122789963 0.0035886947825774403 0.025821503256879316 -0.031476249741102823 -0.24305451270862918
leaf_weight=553.93961670156568 494.75124294194393 661.42999113444239 8.2375529073178786 275.62448168173432 356.56620933208615 250.89140664972365 5.2324976760428381 78.808225351618603 140.96023836266249 23.522501097992063 30.149752269731835 49.513283727457747 28.393353389808908 359.13523057708517 1654.5415131880436 563.06720929779112 4.7392164804041377 161.658993343357 50.19472175789997 9.2129128500819188 818.02196017326787 25.778359021991491 14.097528860438613 12.443670300068336 4.3791153654456139 1.5909321699291465 38.194156726822257 70.226142008788884 15.836829799227418 2.8696863967925301
leaf_count=220066 11296 41853 103 5157 36576 5086 325 1058 37838 3213 11294 10911 3629 4861 24143 7398 89 2032 558 92 31462 650 632 238 240 9 1601 3759 653 58
internal_value=-0.000158517 0.00425789 0.000904902 0.011857 -0.0012961 0.00894465 -0.00345358 -0.00799203 -0.0318533 -0.0381204 0.00216562 -0.0143606 0.0131101 0.0030774 -0.0044121 0.00337112 -0.0553371 0.0125519 0.0276703 -0.100273 -0.00306662 0.0299866 0.075204 0.119648 0.183898 0.277448 0.0261227 0.0039751 -0.0229678 -0.0746202
internal_weight=6764.01 5937.53 5148.97 860.881 4288.09 745.643 3542.45 2089.92 826.479 607.612 53.6723 218.867 77.9066 1452.53 1733.35 585.257 22.1897 570.989 211.854 13.9521 881.544 63.5221 37.7437 23.6462 11.2025 5.97005 788.557 127.127 56.9007 18.7065
internal_count=466880 179929 132005 12839 119166 16382 102784 61777 286951 234573 14507 52378 14540 41007 25201 7682 284 7451 2590 181 33556 2094 1444 812 574 249 47924 6071 2312 711
is_linear=0
shrinkage=0.05


Tree=93
num_leaves=31
num_cat=0
split_feature=1 1 21 7 9 9 8 8 15 22 21 6 12 1 5 16 24 8 15 22 6 17 9 12 1 21 2 8 9 10
split_gain=367.215 148.853 50.9677 51.0961 38.9262 50.0238 77.8416 71.1 47.1946 39.6291 35.0689 34.181 32.4308 48.703 30.9169 55.0748 39.6925 34.2184 60.2178 28.6592 31.075 26.5809 29.0708 23.7188 23.0109 25.6733 22.6393 24.2572 22.6001 21.7795
threshold=-4.8740455510980727 5.0365971939225815 0.98964606679678291 0.99103554896432011 0.019483124837279323 0.29824449121952062 15.500000000000002 5.5000000000000009 0.091970050091574954 1.0000000180025095e-35 0.013225514903844042 1.5000000000000002 0.12392259389162065 2.406819681551482 0.17688866505278109 0.75578736146731118 2.5000000000000004 39.500000000000007 0.78451466859691099 0.70833333333333337 12.500000000000002 0.15583156794309619 0.085196428000926985 0.027146821841597561 -1.3278269154031157 0.0013005917790532219 -0.8204430705024246 9.5000000000000018 0.049508947879076011 16.361818313598636
decision_type=2 2 10 10 10 10 2 2 8 10 8 2 10 2 2 10 10 2 10 8 2 8 8 10 2 8 2 2 8 8
left_child=10 2 3 14 9 11 7 -7 23 -5 -1 -6 13 -9 15 -2 24 21 -19 -13 -21 -16 -23 -8 25 -17 27 -12 -28 -4
right_child=1 -3 29 4 5 6 8 12 -10 -11 26 19 -14 -15 17 16 -18 18 -20 20 -22 22 -24 -25 -26 -27 28 -29 -30 -31
leaf_value=-0.04026999953266322 0.0048622668282203036 0.031083691258348391 0.01526221607413928 0.019473742083155693 0.023216302199426879 0.16326531041996206 0.12102480465597297 -0.041582348714316611 0.0093628955709114392 -0.027817240386670883 0.03292248264027433 -0.02415639720820292 -0.000815230080773401 -0.14131316977972525 -0.020577074472688087 0.2190147532298056 0.010616040911844439 -0.020534000554167459 -0.19684029209250364 0.0056013899511211497 -0.12149830043742978 -0.021997837237314327 0.0097211690572681017 -0.0350232345365502 0.038219746195654311 0.06797460314720441 0.077824198569616809 -0.025269493788057353 -0.016277642109087831 -0.0059411580340587309
leaf_weight=418.33293574512936 1283.9007442679722 494.89227607101202 895.11504325224087 246.69262661109678 48.231665470637381 3.3634293950162819 1.5513256860431273 78.98422853089869 726.65336684510112 53.028468734119087 17.876274387584999 651.85909397900105 33.934304626192898 13.92046540789306 136.62298878165893 2.6426108903251615 136.04327924852259 26.633713699644435 5.0047320891171685 132.4900715816766 3.9888809435069552 86.431700808461756 415.23682968108915 79.666247482178733 107.00090408977121 23.087112569948658 10.522406699834393 417.49021038017236 13.675041598035021 139.49236946925521
leaf_count=175073 29091 32892 19307 7531 1529 30 63 2215 12318 879 2361 25722 1010 126 3814 130 3458 423 74 2177 30 1475 6164 4831 2251 756 1566 123120 3208 3153
internal_value=0.000337244 0.00488096 0.00244337 4.36118e-05 -0.00559879 -0.00841391 -0.000483402 -0.0362072 0.00531175 0.0110421 -0.0297899 -0.0172955 -0.0427324 -0.0578713 0.00530983 0.00918162 0.0297202 -0.00366399 -0.0535995 -0.0198003 0.0010299 -0.00110885 0.00422346 -0.0306068 0.0490753 0.0911007 -0.0201834 -0.0228101 0.0261077 0.0124005
internal_weight=6704.37 5826.47 5331.58 4296.97 2074.36 1774.64 938.073 130.202 807.871 299.721 877.897 836.57 126.839 92.9047 2222.6 1552.67 268.774 669.93 31.6384 788.338 136.479 638.292 501.669 81.2176 132.731 25.7297 459.564 435.366 24.1974 1034.61
internal_count=466777 161449 128557 106097 58461 50051 20593 3381 17212 8410 305328 29458 3351 2341 47636 35686 6595 11950 497 27929 2207 11453 7639 4894 3137 886 130255 125481 4774 22460
is_linear=0
shrinkage=0.05


Tree=94
num_leaves=31
num_cat=0
split_feature=1 0 21 7 5 2 8 4 3 6 18 16 10 5 8 21 4 5 2 10 5 3 18 2 21 4 6 4 4 7
split_gain=316.103 153.023 43.3579 61.796 46.2076 38.5206 35.0426 87.3157 56.197 76.3088 79.0406 55.3855 54.5477 41.6039 34.9713 33.4344 31.5552 37.8925 37.8847 30.8909 33.3543 30.4129 29.2871 29.3033 28.0221 29.3677 26.8971 38.5301 59.6744 83.5527
threshold=-5.4603956823257009 0.98830705830341004 0.98783134217393143 0.98576854864800889 0.054869030441468784 -0.57475045889178011 30.500000000000004 4.5000000000000009 2.5000000000000004 9.5000000000000018 0.70059707760810863 0.9993816963262887 4.9983234405517587 0.25595685470879903 33.500000000000007 0.0090718194075243893 3.5000000000000004 0.29782957488807482 -0.95566097505946701 18.401570320129398 0.38477658318641778 2.5000000000000004 1.0000084042549136 -0.82876526051181065 0.0025985197674140213 2.5000000000000004 1.0000000180025095e-35 5.5000000000000009 3.5000000000000004 0.99827331125518459
decision_type=2 2 10 10 2 2 2 2 2 2 8 10 10 2 2 8 2 2 2 8 2 2 10 2 8 2 2 2 2 10
left_child=15 2 3 24 -5 6 -6 8 9 10 12 -9 13 -8 -13 -1 -4 18 -18 20 -7 -20 -17 -24 -2 -26 -3 28 -28 -30
right_child=1 26 16 4 5 19 7 11 -10 -11 -12 14 -14 -15 -16 22 17 -19 21 -21 -22 -23 23 -25 25 -27 27 -29 29 -31
leaf_value=-0.04231152280315717 0.022870150880154122 -0.02909106925248945 0.040306344723523971 0.055113909153728928 -0.030033824183268262 -0.0051651816390152049 0.56091534915266505 -0.02077743099377475 -0.034227179000896252 -0.0094876215533253577 0.019208339728263701 0.35993992807646324 0.048063194258090344 0.13187033255332201 -0.022277140002151689 -0.025207267398205609 0.081851834149573921 -0.01610907817284777 0.015719268263248324 0.01078959180644931 -0.037069146170045524 -0.0064984231370702932 0.0042269261013873792 0.1369447996549441 0.08354704829283699 0.0029696571317177796 0.050087504534199447 0.03798400403772885 0.024806985010764657 -0.050108364721580582
leaf_weight=337.10811300738715 213.24308556364849 20.013873651623726 79.031679803738371 29.196675741113722 300.0141687921714 1613.798358754022 1.8564968409482401 107.66848699189723 5.1136714157182714 4.5901643813122055 2.9385943999513993 0.58396641933359095 1.5255962801165877 1.6996995359659193 0.78613077569752932 372.93277458939701 17.839123682118952 142.57531213853508 605.10402664123103 292.08295308914967 85.350728166522458 205.87730867485516 33.732062939088792 3.7556072205770752 10.39403356448747 1530.4994364248123 69.184673068113625 400.03763982187957 90.825075848028064 61.601390250958502
leaf_count=150676 5499 807 1387 945 38113 26554 93 12353 748 214 124 58 150 47 117 120848 1167 2132 12326 3601 846 3845 5992 376 115 35837 4610 27603 5776 3652
internal_value=-3.13112e-05 0.00385544 0.00103708 -0.00123515 -0.00636804 -0.00713289 -0.020747 0.00129541 0.1011 0.154459 0.238937 -0.0156991 0.341947 0.429802 0.223764 -0.0306383 0.0101177 0.00762271 0.0117196 -0.00420605 -0.00678863 0.010078 -0.0209707 0.0207356 0.00592532 0.00356702 0.0268852 0.0287312 0.011933 -0.00559845
internal_weight=6640.96 5893.43 5251.77 4201.34 2447.21 2418.01 426.777 126.763 17.7242 12.6106 8.02039 109.039 5.08179 3.5562 1.3701 747.529 1050.43 971.396 828.82 1991.23 1699.15 810.981 410.42 37.4877 1754.14 1540.89 641.663 621.649 221.611 152.426
internal_count=466611 188719 146271 125414 83963 83018 52017 13904 1376 628 414 12528 290 140 175 277892 20857 19470 17338 31001 27400 16171 127216 6368 41451 35952 42448 41641 14038 9428
is_linear=0
shrinkage=0.05


Tree=95
num_leaves=31
num_cat=0
split_feature=1 1 21 7 21 18 23 10 5 9 3 21 8 10 16 0 9 18 5 17 18 12 4 18 4 8 7 16 7 12
split_gain=305.534 160.396 46.6053 58.3227 34.1327 33.4005 32.9542 32.8145 43.33 35.5814 41.8728 30.81 30.9132 30.1052 38.9048 37.3632 32.5514 48.9031 35.9922 31.7339 29.679 29.432 28.7884 34.7552 27.4162 26.7341 33.7203 27.3805 48.5224 26.3721
threshold=-5.9504407119656912 5.0365971939225815 0.99366094393047466 0.99154374439364601 0.00074851380085711112 1.0993242859840395 2.7500000000000004 6.4299719333648691 0.054869030441468784 0.051984336227178581 2.5000000000000004 0.94982914958776699 30.500000000000004 2.9578522443771367 0.9859159868048043 0.37347098083944946 0.25551950931549078 0.26432293653488165 0.21052537149184705 0.0032180417329072957 0.16838108003139499 0.019197826273739341 6.5000000000000009 0.13576024025678637 2.5000000000000004 31.500000000000004 0.99948721670453244 0.96769635431618728 0.99785542381583914 0.015554549172520639
decision_type=2 2 10 10 8 10 10 8 2 10 2 10 2 8 8 2 10 10 2 8 8 8 2 10 2 2 8 8 10 10
left_child=-1 2 3 4 -2 6 13 8 -5 10 20 24 -13 -4 16 -16 21 -18 -19 -17 -10 -15 23 -14 -6 26 -9 28 -27 -21
right_child=1 -3 5 7 11 -7 -8 25 9 -11 -12 12 22 14 15 19 17 18 -20 29 -22 -23 -24 -25 -26 27 -28 -29 -30 -31
leaf_value=-0.032968257632031338 0.031067312421262962 0.031259641832070528 0.021790272858478024 0.055312144145673182 0.075524351637686019 0.07428029511305527 0.031329341278111655 -0.0017390362347916724 0.026732337339334208 -0.01804017967879051 -0.023809736539042878 0.022685128893759329 -0.080897297204646487 -0.034889895810986789 -0.013627896046679903 -0.13238389761120292 -0.02763813388226645 -0.23383681163880185 -0.054219073954205721 -0.029060479668569318 -0.0041733205300653583 0.042582038867624586 0.011688041396883161 0.011586337959540526 -0.00027545442812439212 0.026000490723654249 -0.05063697075300061 0.026254807423518729 -0.047580241410306617 0.028622928517664976
leaf_weight=644.64358662255108 113.20624885964207 469.60058214049786 190.3495339108631 22.956454165279865 11.007553129224105 19.996212436584756 149.47010008012876 558.07934106024913 134.47389587666839 950.92050268873572 139.02579600736499 325.9074025163427 22.54609735053964 27.730208995286375 143.49600158189423 2.3922160686925045 32.757128399331123 5.0844123119022679 6.6436839217785746 21.502186233177781 181.5592550819274 20.386035669362172 68.078776800539345 17.475396381458268 1827.0141962806229 47.583732791477814 36.64165333006531 167.92191990721039 40.62259490438737 175.84399103093892
leaf_count=250337 3463 33000 4893 1043 126 441 4120 22345 4173 39611 14169 7609 331 735 2008 28 579 59 105 631 4169 518 1579 385 56266 1375 1199 4411 1191 5833
internal_value=-0.000304524 0.00325111 0.000837182 -0.00107127 0.00439353 0.012014 0.0103152 -0.00678827 -0.0114145 -0.0125426 -0.00104004 0.00305139 0.0150172 0.00525724 -0.00199684 0.00577983 -0.0305755 -0.0609028 -0.144342 0.0197212 0.00902005 -0.00186767 -0.00809675 -0.0412163 0.000219317 0.000985482 -0.00483166 0.0144589 -0.00803993 0.0222231
internal_weight=6574.92 5930.27 5460.67 4665.02 2385.24 795.652 775.655 2279.79 1428.94 1405.98 455.059 2272.03 434.008 626.185 435.836 343.234 92.6015 44.4852 11.7281 199.738 316.033 48.1162 108.1 40.0215 1838.02 850.849 594.721 256.128 88.2063 197.346
internal_count=466732 216395 183395 163445 69759 19950 19509 93686 63165 62122 22511 66296 9904 15389 10496 8500 1996 743 164 6492 8342 1253 2295 716 56392 30521 23544 6977 2566 6464
is_linear=0
shrinkage=0.05


Tree=96
num_leaves=31
num_cat=0
split_feature=1 1 21 7 8 23 16 18 6 10 8 4 4 4 10 4 10 4 20 8 12 0 18 8 8 22 22 21 12 18
split_gain=273.672 129.441 44.1629 52.818 52.6477 56.4924 52.8862 48.4913 46.3939 45.8884 67.1088 36.5706 42.7896 34.4615 64.5539 61.3472 31.647 30.8532 34.8697 30.2665 64.2918 29.9652 28.7365 31.6755 30.5616 29.4132 45.8931 38.0805 50.5678 26.7801
threshold=-5.9504407119656912 2.6948395857853402 0.99405415712682887 0.99930319519927124 15.500000000000002 2.2500000000000004 0.99376209827994988 1.0000084042549136 5.5000000000000009 7.0018975734710702 44.500000000000007 3.5000000000000004 4.5000000000000009 4.5000000000000009 3.9993127584457402 5.5000000000000009 4.2502834796905526 7.5000000000000009 0.26437098744235843 40.500000000000007 0.01323414593935013 0.99274956361443423 1.0668656826019289 39.500000000000007 43.000000000000007 0.55000000000000016 0.63333333333333341 0.99542100394509503 0.035424401983618743 0.088022768497467055
decision_type=2 2 10 10 2 10 10 10 2 8 2 2 2 2 10 2 8 2 8 2 10 2 10 2 2 8 8 8 10 10
left_child=22 -2 4 -4 6 -6 17 -7 -5 10 19 -10 16 21 -15 -16 29 -3 -19 20 -9 -8 25 -24 -25 -1 27 28 -27 -13
right_child=1 2 3 8 5 7 13 9 11 -11 -12 12 -14 14 15 -17 -18 18 -20 -21 -22 -23 23 24 -26 26 -28 -29 -30 -31
leaf_value=-0.038842738851150464 -0.00036375739501600448 0.010274195741636098 0.040257590870179757 0.021418042902610967 0.031593375499150166 0.0061563406821137047 -0.075651566649326568 -0.28235883872826456 0.044032780098652857 0.0371602656373115 0.041791000873677479 -0.27808451549538865 0.0012100868906362585 0.010979628213749744 -0.36540927342578133 -0.079525339748276413 -6.725181692666947e-05 -0.10305708553417361 0.047919011828905581 -0.3099656017465221 0.0082776648587166209 0.033687982186292549 -0.037895202879014933 0.085731395193450979 -0.042796100209045007 -0.03348857165043876 -0.020753399017792929 -0.022833340429354712 0.25263099933031102 -0.088429202360050294
leaf_weight=503.9827702625189 4797.6636247485876 123.02056246157736 333.0825389130041 55.102053325623274 325.86992679629475 179.95409225672483 12.834263551048936 2.104259938932957 6.0762731451541212 5.9544758033007374 4.0583013864234081 3.8223484102636576 8.0200408948585373 5.2239012857899061 2.772627601400016 5.2496558744460344 2.9187631094828257 12.029296642169358 4.7201588414609423 2.8287580739706755 4.7752271564677358 10.647651221603153 17.972172810928896 15.297090334119277 5.7469352807383975 1.9761079256422789 70.619622365571558 4.2664540428668269 3.7411557538434863 5.3719934448599815
leaf_count=224581 155924 5319 22794 3735 16840 8523 198 36 323 213 131 72 407 264 60 162 144 129 103 33 163 625 5279 1115 1602 248 17044 281 190 75
internal_value=-0.000117972 0.00320579 0.0185318 0.031461 0.0108662 0.0187928 -0.0127092 -0.00215102 -0.00462457 -0.0745944 -0.122175 -0.0581509 -0.0896146 -0.0652411 -0.126857 -0.207881 -0.145256 0.00146022 -0.0602079 -0.188219 -0.105173 -0.0267217 -0.0315944 0.00973294 0.0502825 -0.0343646 -0.00623141 0.0890269 0.163474 -0.186818
internal_weight=6537.7 5914.1 1116.44 414.394 702.043 525.545 176.498 199.675 81.3115 19.721 13.7665 26.2094 20.1331 36.7281 13.2462 8.02228 12.1131 139.77 16.7495 9.70825 6.87949 23.4819 623.602 39.0162 21.044 584.586 80.6033 9.98372 5.71726 9.19434
internal_count=466613 216273 60349 27550 32799 25939 6860 9099 4756 576 363 1021 698 1309 486 222 291 5551 232 232 199 823 250340 7996 2717 242344 17763 719 438 147
is_linear=0
shrinkage=0.05


Tree=97
num_leaves=31
num_cat=0
split_feature=1 0 21 7 12 4 4 8 8 18 9 8 22 12 10 9 1 6 0 21 23 9 7 7 21 10 2 9 9 20
split_gain=256.463 122.212 39.8513 55.5182 48.2055 45.7635 88.3358 46.9207 57.7817 57.8891 43.9043 37.5198 62.3487 69.2572 68.6315 75.6733 51.1864 41.4396 35.0678 33.4622 33.2451 46.205 39.8826 33.1741 40.9139 37.7992 42.2658 35.8755 32.9018 31.3152
threshold=-5.4603956823257009 0.94914027948630075 0.99225273353447085 0.99928043956855628 0.072667863219976439 5.5000000000000009 3.5000000000000004 14.500000000000002 16.500000000000004 0.056792942807078368 0.041662629693746574 15.500000000000002 0.55000000000000016 0.13332327455282214 4.0746901035308847 0.2658583670854569 4.5701599900802767 1.0000000180025095e-35 0.98830705830341004 0.013225514903844042 2.2500000000000004 0.48638376593589788 0.99858337817995368 0.98576854864800889 0.98783134217393143 6.3347165584564218 -0.048421393318073595 0.039189539849758155 0.28476999700069433 0.99283477112007079
decision_type=2 2 10 10 8 2 2 2 2 10 8 2 10 10 10 10 2 2 2 8 10 10 8 8 10 8 2 10 10 10
left_child=19 23 10 -4 5 6 -5 -8 9 -9 -3 12 13 14 17 16 -16 18 -12 -1 -13 -22 -23 -2 25 26 -25 -28 -19 -26
right_child=1 2 3 4 -6 -7 7 8 -10 -11 11 20 -14 -15 15 -17 -18 28 -20 -21 21 22 -24 24 29 -27 27 -29 -30 -31
leaf_value=-0.040283855998932389 0.0066340913997910882 0.032279337652571467 0.039446919437286107 0.046708576939643559 0.048882716344114979 0.024328736387156685 0.03051484279853461 -0.38946824194365348 -0.092357580676213219 -0.011081967994506121 -0.034412657303819059 0.025356915823678342 0.0258746785130506 0.042942744764357804 -0.11499662887480953 -0.062849995010989618 -0.41668066071021237 0.028054039287096783 -0.20392694881549575 -0.018080928857570157 -0.0019937823194555327 0.002692559498961725 -0.29045543012497171 -0.019045949209162614 0.010954399850153992 0.0020736735583044342 0.015658689313506505 -0.0087673477095144194 -0.10098032245005198 -0.014943040537734407
leaf_weight=328.13393340539187 1410.6232992911246 168.88653570692986 349.40349489357322 11.039321688003836 26.075216341763735 21.576762405224144 3.9507600907236364 3.0837493846192983 15.026576762087641 1.4229496195912359 7.7624447606503946 176.98840175010264 41.804518860764802 15.04474231507629 4.0198632720857885 10.900827259756623 2.7401429517194629 21.328723578713838 4.6384903229773045 356.53223693650216 131.08557229395956 2.0402295161038633 1.6355380555614827 754.30883332504891 731.30133918742649 950.41505340160802 201.66820406913757 581.20127391256392 5.3438464868813744 137.96351093100384
leaf_count=161778 35201 9954 24826 710 1884 1380 244 146 493 83 74 9021 2151 620 36 203 108 806 104 116263 5854 63 74 48463 11855 26054 1730 4715 62 1912
internal_value=0.000150971 0.00357274 0.0192196 0.0307713 -0.00614764 -0.0321338 -0.0671138 -0.120342 -0.150854 -0.293704 0.0107921 0.00220455 -0.022278 -0.0502926 -0.0753321 -0.154531 -0.27522 -0.0365721 -0.108304 -0.0287652 0.0111673 -0.00751812 -0.161967 0.000202733 -0.00250103 -0.00576369 -0.0106076 -0.00246322 -0.000512882 0.0068317
internal_weight=6477.95 5793.28 1025.8 431.579 82.1753 56.1001 34.5234 23.484 19.5333 4.5067 594.22 425.333 113.584 71.7791 56.7343 17.6608 6.76001 39.0735 12.4009 684.666 311.75 134.761 3.67577 4767.48 3356.86 2487.59 1537.18 782.869 26.6726 869.265
internal_count=466867 188826 58896 29766 4940 3056 1676 966 722 229 29130 19176 4164 2013 1393 347 144 1046 178 278041 15012 5991 137 129930 94729 80962 54908 6445 868 13767
is_linear=0
shrinkage=0.05


Tree=98
num_leaves=31
num_cat=0
split_feature=1 0 21 2 21 8 23 10 13 8 16 17 5 12 1 10 18 22 4 20 4 23 10 16 12 18 12 8 4 20
split_gain=239.488 127.957 45.1989 35.3181 32.3275 31.2455 46.1742 36.077 36.8018 32.9653 48.9295 36.8925 38.6823 32.3783 32.3166 30.8702 34.5559 34.3761 44.3076 41.7219 34.1177 30.3693 28.6175 36.2724 28.0181 34.2388 25.8933 24.7511 92.8008 65.1824
threshold=-5.7360625465372621 0.98830705830341004 0.98294340796849544 -0.65672081488399614 0.0090718194075243893 41.500000000000007 2.2500000000000004 8.456667900085451 116.50000000000001 15.500000000000002 0.97314018215471643 0.15979786962270739 0.092031377456699689 0.076193455606699004 0.63232762221637795 16.361818313598636 1.1378124356269839 0.77500000000000013 7.5000000000000009 0.98474437465650688 6.5000000000000009 2.2500000000000004 2.9862910509109502 0.98859856915793987 0.13332327455282214 0.099300958216190352 0.048103412613272674 30.500000000000004 4.5000000000000009 0.051824085026108462
decision_type=2 2 10 2 8 2 10 10 2 2 10 10 2 8 2 8 10 10 2 10 2 10 10 8 10 10 10 2 2 8
left_child=4 2 3 27 -1 6 9 8 -8 10 24 12 -11 -14 -12 16 17 18 -4 -19 -18 -17 -21 -24 -5 -26 -23 -2 29 -29
right_child=1 -3 15 5 -6 -7 7 -9 -10 11 14 -13 13 -15 -16 21 20 19 -20 22 -22 26 23 -25 25 -27 -28 28 -30 -31
leaf_value=-0.042213446551303074 -0.019427104907124307 0.025353458035744465 -0.0069701454575442539 -0.0060899260163664697 -0.019209843184453349 0.021534559521994553 -0.010211002351112095 0.0084458408818388359 -0.03899371351335694 0.013167777674214244 -0.01045436283721184 0.015108617580136744 -0.010670214909236518 0.016899978039427076 -0.065908274229230235 -0.029810356997836636 0.11942957298775497 0.035160025150889139 0.023272494666990762 0.026447203922832591 -0.0072037542035231668 -0.026346029079040118 -0.056701733132114719 0.0053403014253144941 0.046254660538737627 -0.033133169301317725 0.043116823630639116 -0.015276910320976583 -0.0097850173183770314 0.18581069139166997
leaf_weight=276.66532091866247 426.81957039574627 581.11392899882048 379.65237758890726 401.52135958150029 346.63317590916995 160.42862249701284 583.53581986320205 195.9293461709749 136.55978876701556 394.45038821198978 52.619357279269025 682.95471646566875 638.66221846803091 126.83138621831313 52.37912467494607 90.789010706823319 13.524581725476311 244.09885045932606 176.63911803159863 85.098048970103264 8.2209782022982818 20.77866825228557 31.232390087097883 87.004263225011528 55.680078181903809 17.065863498253748 34.337255847407505 6.1070088640553903 134.89100289088674 10.088364246301351
leaf_count=143900 60845 42311 6941 5283 119389 2756 10889 2804 2836 5999 812 7985 12946 2311 545 1627 236 5353 4689 2014 285 465 542 1872 687 129 856 1056 18365 438
internal_value=-3.93897e-05 0.00311234 0.000645163 -0.00184264 -0.0294718 5.02406e-05 -0.000988405 -0.0105443 -0.0157159 0.00262836 -0.0077669 0.00589828 0.000467048 -0.00608614 -0.0384787 0.00929719 0.0123591 0.0109662 0.00265732 0.0212675 0.0733435 -0.0121603 0.00449943 -0.0113863 -0.000900939 0.0274339 0.0169265 -0.0132823 0.00409023 0.113505
internal_weight=6452.31 5829.01 5247.9 4076.52 623.298 3498.62 3338.19 916.025 720.096 2422.16 579.266 1842.9 1159.94 765.494 104.998 1171.38 1025.47 1003.73 556.291 447.434 21.7456 145.905 203.335 118.237 474.267 72.7459 55.1159 577.906 151.086 16.1954
internal_count=467166 203877 161566 136686 263289 55982 53226 16529 13725 36697 7456 29241 21256 15257 1357 24880 21932 21411 11630 9781 521 2948 4428 2414 6099 816 1321 80704 19859 1494
is_linear=0
shrinkage=0.05


Tree=99
num_leaves=31
num_cat=0
split_feature=1 0 15 6 21 20 6 7 20 8 5 21 8 10 21 12 10 7 21 8 21 18 8 20 23 10 8 23 20 20
split_gain=224.594 113.989 35.471 44.6892 55.048 35.7577 33.5241 36.2581 31.1829 29.8052 62.571 68.7423 30.6903 39.7275 29.3199 48.3678 51.4779 29.3625 28.9083 43.0389 28.4452 27.8378 27.4275 39.8276 34.2946 36.3375 28.7159 28.6203 28.1599 27.4126
threshold=-5.9201236732969766 0.97984966106328752 0.18872484928402403 3.5000000000000004 0.99896030963088089 0.45361025752529049 5.5000000000000009 0.99965096449277657 0.051824085026108462 17.500000000000004 0.40626405373450242 0.94094628755713228 31.500000000000004 5.6674015522003183 0.0011438329110251934 0.015994084998965267 17.668439865112308 0.99543365357083846 0.9868025343491128 15.500000000000002 0.0090718194075243893 0.04107248596847058 22.500000000000004 0.49818355910221485 1.2500000000000002 2.4291398525238042 7.5000000000000009 2.2500000000000004 0.42345984324800351 0.79538512674648632
decision_type=2 2 8 2 10 10 2 10 10 2 2 10 2 10 10 10 10 8 10 2 8 8 2 10 8 10 2 10 10 8
left_child=20 2 3 14 8 -6 18 9 -5 10 11 -8 -11 29 15 16 -2 -16 19 -3 -1 -9 23 27 25 -25 -27 -4 -29 -14
right_child=1 6 22 4 5 -7 7 21 -10 12 -12 -13 13 -15 17 -17 -18 -19 -20 -21 -22 -23 -24 24 -26 26 -28 28 -30 -31
leaf_value=-0.041932575656401586 0.038423633823488561 -0.013653796036150577 -0.002469693366365433 -0.033544880934039713 0.17409417357997384 0.023537795205521319 0.032658758635844193 -0.16583471957681781 -0.010042024547298198 0.04762795807002098 0.04242537425667111 -0.34059107127113486 -0.066382424276077864 0.036598399277084137 0.005553426199665687 -0.012929231300631901 0.25877322717582057 -0.016161339841099361 0.037473371905248978 0.028318544553096344 -0.019462733183951076 -0.020004418701373976 0.0075277070692583922 0.014139067903488751 0.016162719957377818 -0.11692097466509786 -0.024065413411148245 -0.028810190637306124 0.019226159793848622 0.043973886297265487
leaf_weight=254.785574161564 83.205873071565293 88.001776072196662 1010.6689661012497 225.20646548003424 4.4285188941285041 15.930355923715977 1.7487789932638391 4.4312692414969179 378.80705207027495 42.850702696479857 4.9872092083096504 2.191415386274457 26.084567798301578 27.065516173839569 408.0406474659685 57.911312323762104 1.7826482541859139 250.36986551375594 308.02480485569686 195.00572069734335 321.07145446166396 9.0585378156974912 1843.4266564645804 65.882972156163305 454.93519747001119 8.8307296968996507 60.997709874296561 203.58895487070549 35.137029676465318 6.351885105483233
leaf_count=138515 3662 4140 24741 28260 114 200 76 85 12714 2452 320 109 878 1750 23403 3960 38 14889 25088 14027 113638 357 36974 973 7068 98 839 7026 332 400
internal_value=0.00030016 0.0032468 0.000627024 -0.00606689 -0.0160841 0.0629048 0.0219189 -0.00162257 -0.018846 0.00799641 -0.0748621 -0.201854 0.0158779 -0.00739638 0.00174869 0.0221952 0.0460011 -0.00271591 0.026883 0.015265 -0.0294599 -0.0760471 0.00321884 -0.0010997 0.00958916 -0.0124039 -0.0372932 -0.00615644 -0.0216892 -0.044103
internal_weight=6400.81 5824.95 5109.15 1425.68 624.372 20.3589 715.802 124.77 604.014 111.28 8.9274 3.94019 102.353 59.502 801.31 142.9 84.9885 658.411 591.032 283.007 575.857 13.4898 3683.47 1840.04 590.647 135.711 69.8284 1249.39 238.726 32.4365
internal_count=467126 214973 165291 87240 41288 314 49682 6427 40974 5985 505 185 5480 3028 45952 7660 3700 38292 43255 18167 252153 442 78051 41077 8978 1910 937 32099 7358 1278
is_linear=0
shrinkage=0.05


Tree=100
num_leaves=31
num_cat=0
split_feature=1 1 21 7 2 23 10 12 8 12 21 22 21 0 8 16 17 8 21 12 2 23 18 10 21 18 7 12 2 24
split_gain=196.654 114.734 33.5287 49.4349 37.1851 35.7345 36.3839 38.3307 43.1336 33.3539 31.5357 30.3972 30.1021 28.6019 36.003 59.3178 50.8902 32.1468 37.5672 42.3492 63.0206 40.1854 39.3449 27.8234 26.4975 25.4639 32.4348 27.0599 33.2856 51.9971
threshold=-6.1856086101261445 5.0365971939225815 0.99442718696354504 0.99154374439364601 -0.96606744476247919 2.2500000000000004 15.376688957214357 0.12096472457051279 20.500000000000004 0.05436880141496659 0.00074851380085711112 0.81666666666666676 0.0090718194075243893 0.15544587012063948 30.500000000000004 0.9993816963262887 0.18615905195474627 33.500000000000007 0.94982914958776699 0.01323414593935013 -0.87831903880016571 2.2500000000000004 0.72956132888793956 15.00632953643799 0.95718979868985576 1.0000084042549136 0.98881314150230581 0.086093794554471983 -0.99514806203162476 1.5000000000000002
decision_type=2 2 10 10 2 8 10 10 2 10 8 10 8 2 2 10 10 2 10 10 2 8 10 10 10 10 10 10 2 10
left_child=12 2 3 10 -4 6 7 -6 -9 11 23 -7 -1 14 -5 17 -17 18 19 20 21 -16 -23 -2 -12 27 -27 -14 -29 -30
right_child=1 -3 4 13 5 9 -8 8 -10 -11 24 -13 25 -15 15 16 -18 -19 -20 -21 -22 22 -24 -25 -26 26 -28 28 29 -31
leaf_value=-0.043210182272972603 0.02476756768897936 0.027751775475055886 0.076390961637432878 -0.022469254704137933 0.011469473090778367 -0.0052162258815779353 -0.034351673717350921 -0.014965630517154395 -0.15321388331037081 0.04513537143475 0.00019571170802947454 0.034333477517094778 -0.029815062599932676 -0.0028175037579877475 0.044176537540492167 -0.029171799358344352 0.33535298651993062 -0.019793286096798108 -0.03362011936560335 0.0074793814329474897 0.03282055674076724 0.33823561757517406 -0.021915869251385525 0.15870935533250122 0.014325386521224632 0.069903610356945256 -0.034907192723547031 -0.030343507599187344 0.18381256403000798 0.000770565667981014
leaf_weight=230.00792764662765 108.12437859654892 413.24522582627833 19.825878538424149 468.27700104599353 290.27655610931106 127.5341349162627 68.180155991809443 27.267561631277204 6.2053886298090211 98.66044937632978 1875.8672553577926 77.263728774152696 227.47005787235685 1676.8662820216268 3.1669456432573524 1.3274244185304263 1.4557292693061752 96.122977220569737 21.007217803737149 35.520626557525247 16.461898077744991 3.7533624129137024 0.76350865035783488 3.0729791981866574 402.11152059258893 16.235383139923218 12.086902182549236 16.287142507499087 5.1863342944998285 10.429204614949411
leaf_count=130631 3740 32913 1901 61282 6707 3129 1326 524 55 2817 61060 2601 90319 22392 701 217 127 12091 768 5315 1226 692 156 106 9778 1322 3603 5120 1184 3167
internal_value=-0.000231556 0.00238757 0.000452181 -0.00107906 0.0105318 0.00854716 -0.00143199 0.00558517 -0.0442958 0.0213981 0.00397093 0.00979895 -0.0297364 -0.00626854 -0.0151828 0.00383666 0.199738 -0.000353316 0.0227683 0.0428483 0.0925127 0.201892 0.28442 0.0298507 0.00269509 -0.018852 0.0255092 -0.0237754 0.0188854 0.0689675
internal_weight=6360.06 5842.36 5429.11 4713.9 715.214 695.388 391.93 323.75 33.473 303.458 2389.18 204.798 517.703 2324.72 647.857 179.58 2.78315 176.797 80.6736 59.6663 24.1457 7.68382 4.51687 111.197 2277.98 287.695 28.3223 259.373 31.9027 15.6155
internal_count=466970 231624 198711 179651 19060 17159 8612 7286 579 8547 74684 5730 235346 104967 82575 21293 344 20949 8858 8090 2775 1549 848 3846 70838 104715 4925 99790 9471 4351
is_linear=0
shrinkage=0.05


Tree=101
num_leaves=31
num_cat=0
split_feature=1 1 20 6 5 8 22 13 24 5 0 8 20 4 16 2 21 20 24 7 8 15 4 2 10 10 3 13 10 5
split_gain=214.741 114.32 38.9718 49.0922 34.8349 36.2033 34.6761 31.4149 37.1883 31.235 30.9501 79.6431 30.756 28.9132 40.3211 29.185 35.6872 28.8616 37.1771 28.0259 41.5428 29.7109 27.2165 24.5735 23.9396 23.7257 28.442 22.8493 29.8445 22.656
threshold=-5.163771166718071 5.4763034662352661 0.50177277141717702 7.5000000000000009 0.098634850707218821 28.500000000000004 0.45000000000000007 107.50000000000001 1.5000000000000002 0.27645293374867669 0.64574499886356074 9.5000000000000018 0.99101311106043177 5.5000000000000009 0.9993816963262887 -0.67182512486939372 0.040051604428124686 0.82810488894695022 3.5000000000000004 0.98283424219843096 37.500000000000007 0.00037415010088501422 2.5000000000000004 -0.7573567279531227 6.4299719333648691 4.2502834796905526 2.5000000000000004 246.50000000000003 6.1488504409790048 0.22264359212450022
decision_type=2 2 8 2 2 2 8 2 10 2 2 2 8 2 10 2 10 10 10 8 2 8 2 2 10 10 2 2 10 2
left_child=6 2 4 12 10 7 19 -6 -9 -10 22 -12 29 15 -15 16 -7 18 -5 20 -1 -22 -2 -16 -24 26 -18 -20 -29 -4
right_child=1 -3 3 17 5 13 -8 8 9 -11 11 -13 -14 14 23 -17 25 -19 27 -21 21 -23 24 -25 -26 -27 -28 28 -30 -31
leaf_value=-0.026820605264319633 0.11204576380403175 0.032434073137442558 0.020981095986140143 -0.0096378231589379047 -0.0057429496462520595 -0.041808530446946331 -0.0035296367378295831 0.019724703899071137 -0.019717050837444686 -0.057518563702911855 -0.090795880853333594 0.027972727613386261 0.00037753271723914685 -0.0030118730790720093 0.20174624399372726 0.01336503785282047 0.19032858260084873 0.01998203025933 -0.031470062682740892 -0.037802362173300401 0.15878140595870266 0.019950547854243106 -0.0018279897401040114 0.038922212776392455 0.042289853002202636 0.024506252696014516 0.016176196319513576 -0.15752785237898784 -0.019024426748990332 0.0062545766713783049
leaf_weight=69.75694989413023 4.4694489054381838 312.51077434234321 668.85527399787679 184.23881160374731 1312.9942326038145 4.8292384757660356 127.65785063593648 43.792303599882871 218.32964939484373 72.848807564238086 14.026160839013754 240.66936537716538 510.38094541220926 631.63082452467643 2.5012423894368103 150.06235529319383 8.1533363501075673 56.042581229005009 29.203051891177893 441.72445863357279 3.9364024902461123 19.364585456321947 704.23595649981871 8.9134846192318928 31.150669385213405 6.8754422417841843 3.4186339578591278 9.6809231564402598 6.5996281718835226 429.94924347382039
leaf_count=31373 43 25679 17026 1862 41694 792 28062 1538 8890 1924 93 8900 11674 20304 132 1686 197 1213 344 229322 301 3195 21145 151 842 431 244 120 97 7245
internal_value=-6.26817e-05 0.00308804 0.00136934 0.00713082 -0.00178822 -0.00497545 -0.0269773 -0.00923907 -0.022885 -0.029339 0.00610631 0.0211026 0.0105222 0.00363192 -0.00126262 0.0216926 0.0726173 -0.0119369 -0.0197766 -0.0325574 -0.00752356 0.0489731 0.000922327 0.0879775 9.57147e-05 0.103182 0.144259 -0.0597547 -0.105733 0.0152297
internal_weight=6328.8 5666.36 5353.85 1894.95 3458.9 2464.35 662.44 1647.96 334.971 291.178 994.552 254.696 1609.19 816.385 643.046 173.339 23.2767 285.765 229.722 534.782 93.0579 23.301 739.856 11.4147 735.387 18.4474 11.572 45.4836 16.2806 1098.8
internal_count=466519 174266 148587 39581 109006 77983 292253 54046 12352 10814 31023 8993 35945 23937 20587 3350 1664 3636 2423 264191 34869 3496 22030 283 21987 872 441 561 217 24271
is_linear=0
shrinkage=0.05


Tree=102
num_leaves=31
num_cat=0
split_feature=1 0 18 20 8 3 24 20 20 6 8 12 16 20 8 9 6 16 9 24 5 5 21 9 10 8 20 2 10 22
split_gain=180.046 94.5562 36.958 40.7874 35.3708 37.8939 40.8829 40.6723 31.0513 42.8723 36.0771 35.7941 37.8315 34.1298 30.5023 39.9785 37.5189 32.9064 32.4307 38.4419 29.5575 33.1398 29.1734 27.5874 27.4836 94.4878 27.2766 26.4443 25.9384 25.9332
threshold=-4.9205854117350052 0.98968409044523564 1.0000084042549136 0.037890588785949413 19.500000000000004 2.5000000000000004 3.5000000000000004 0.17196969134905246 0.34120141913783952 3.5000000000000004 6.5000000000000009 0.022135130129754547 0.98043704519610209 0.98474437465650688 27.500000000000004 0.29824449121952062 1.5000000000000002 0.50706337919922928 0.025245050899684433 1.5000000000000002 0.1005691846033883 0.2580705877296528 0.0030613224406234318 0.23826886713504794 11.002777576446535 22.500000000000004 0.0006539796266116371 -0.99514806203162476 1.7132022976875307 0.77500000000000013
decision_type=2 2 10 8 2 2 10 10 8 2 2 10 8 10 2 8 2 10 10 10 2 2 10 8 10 2 10 2 10 10
left_child=2 8 3 -1 27 6 -6 -8 14 23 -11 24 13 -13 16 22 17 -2 26 -20 28 -22 -16 -10 29 -26 -18 -5 -4 -12
right_child=1 -3 20 4 5 -7 7 -9 9 10 11 12 -14 -15 15 -17 18 -19 19 -21 21 -23 -24 -25 25 -27 -28 -29 -30 -31
leaf_value=-0.037998078642986037 -0.00014462353791306023 0.023399145774212139 -0.026877602339977227 -0.022714866244704646 -0.013866654418847452 -0.037022314918519109 -0.023181855917665951 0.2091386028875101 0.020527634577481191 -0.11268941425969657 -0.018368780057483668 -0.0043487946069134557 0.012399752546317304 -0.078345534758197707 0.020280805095786114 0.018380345446866245 0.02972556617285604 0.039305360496635168 0.00444786379060469 -0.021455270223550437 -0.044936252291060907 0.089657956707618391 -0.0089526122385535038 0.0025449594506080251 -0.20338953664924053 0.0068147831427069127 -0.0055586911344616546 0.030996595619536445 0.078112383064284627 0.005454386376684623
leaf_weight=383.41005225107074 478.1561771184206 502.70690455473959 7.5267974244197857 35.131657484220341 15.419542487710716 131.84737365460023 2.6971442690119138 4.1035793256014585 542.98579186340794 6.1086010732688001 266.84607514319941 336.19158497010358 677.77212880551815 15.350106586236505 103.71186216687784 327.38723862869665 68.597910466836765 58.428958805277944 177.40077444422059 736.03384395316243 24.214927748311315 4.6221333022695026 460.81078081321903 351.33909916342236 7.0020834351889816 15.921027490403501 256.21522785862908 61.994543897453696 20.449278655229136 198.5464191432111
leaf_count=213712 10501 40540 1833 11013 4294 46357 948 454 10520 40 3651 3677 10233 174 4301 7808 1385 1325 5693 29836 7991 693 17131 5640 79 177 7889 13775 2543 3095
internal_value=-0.000244737 0.00273509 -0.0242946 -0.027752 -0.0120243 -0.0268551 0.0324701 0.125841 0.000687951 0.00479021 -0.000311937 0.0002143 0.00550247 -0.00779294 -0.00303216 0.00450784 -0.00682166 0.00421622 -0.0116044 -0.0164252 0.0141366 -0.021081 -0.0035556 0.0134738 -0.010921 -0.063212 0.00196142 0.011535 0.0499127 -0.0082154
internal_weight=6278.93 5587.51 691.417 634.604 251.194 154.068 22.2203 6.80072 5084.81 2418.06 1523.74 1517.63 1029.31 351.542 2666.74 891.91 1774.83 536.585 1238.25 913.435 56.8131 28.8371 564.523 894.325 488.316 22.9231 324.813 97.1262 27.9761 465.392
internal_count=467308 163695 303613 290553 76841 52053 5696 1402 123155 37286 21126 21086 14084 3851 85869 29240 56629 11826 44803 35529 13060 8684 21432 16160 7002 256 9274 24788 4376 6746
is_linear=0
shrinkage=0.05


Tree=103
num_leaves=31
num_cat=0
split_feature=0 0 22 6 8 5 7 4 12 8 16 2 8 20 8 6 12 5 24 10 10 4 20 4 12 7 4 8 10 20
split_gain=156.532 93.755 39.4243 34.1472 33.201 32.4155 39.6207 36.3362 41.0246 44.6467 42.1963 50.2655 35.2454 66.7271 35.1814 48.4668 60.9194 42.5804 42.1741 56.1202 39.0341 44.6498 85.4242 31.3283 60.6866 61.7963 67.1541 51.2084 56.0926 75.0914
threshold=0.0020525716207826011 0.99352136354168707 0.77500000000000013 4.5000000000000009 7.5000000000000009 0.085292857899276556 0.53521060034288004 5.5000000000000009 0.11223841086030008 25.500000000000004 0.99951498131619732 -0.72993643746746861 9.5000000000000018 0.11277237412252998 15.500000000000002 2.5000000000000004 0.064320575445890441 0.33836613956221445 1.5000000000000002 14.7514705657959 6.4299719333648691 4.5000000000000009 0.019218717176002018 5.5000000000000009 0.073861707001924529 0.99733134779179022 3.5000000000000004 20.500000000000004 8.6032261848449725 0.99101311106043177
decision_type=2 2 10 2 2 2 10 2 8 2 10 2 2 8 2 2 10 2 10 10 10 2 10 2 8 10 2 2 10 8
left_child=-1 2 5 -4 -5 6 -2 14 9 12 11 -11 13 -9 15 20 -17 -16 -19 -20 -7 -22 -23 24 25 -3 -27 28 29 -28
right_child=1 23 3 4 -6 7 -8 8 -10 10 -12 -13 -14 -15 17 16 -18 18 19 -21 21 22 -24 -25 -26 26 27 -29 -30 -31
leaf_value=-0.027918124605372793 -0.0029888919239745883 0.029205304666495541 0.018548647290541294 -0.10367408794891518 0.0015221281637128211 0.00053877771933090902 0.018108105074527203 0.20155167608374344 0.012934906560471096 -0.0294523671206832 0.088193263511161371 0.00041641355860549777 -0.018282614713001216 -0.024832216933232468 0.017078795312378676 0.0057270184793716122 -0.048887971275888266 0.03960322097021729 -0.040125685951582099 0.023786799213785674 0.028851752840090408 0.045797093794983521 0.45089439051705082 0.037076937284083976 0.046493990394104089 0.046779459709666814 -0.008492795062492715 -0.0075507367878026067 -0.33076746401404755 -0.18624100299163535
leaf_weight=474.49116368289106 484.9075815435499 38.662356039509177 492.88928854651749 6.6195238186046472 479.17528207553551 135.77403737290297 409.94480808312073 4.3045165326911929 223.32365617691539 163.26836132688913 11.591234746505505 988.10199282946996 996.57330022903625 7.9403486647643158 539.65789672196843 90.239262774703093 116.03001466649584 34.135087473317981 112.51594434084836 48.465947326389141 20.286709833773788 4.3428598192986092 1.0409527278970925 235.28728112764657 59.591770676895976 12.045730425044892 12.470012380741542 14.115395929664372 2.14545874018222 10.527427333407102
leaf_count=235378 15255 3227 12647 50 8400 5001 17866 175 7309 30065 315 20719 50848 128 17263 3654 4047 596 2502 455 943 259 79 21234 5180 1002 814 814 134 628
internal_value=-0.000346206 0.00193113 0.000220898 0.00929067 -0.000121322 -0.0018016 0.00668537 -0.00397426 -0.00743093 -0.00953013 -0.00284868 -0.00384097 -0.017222 0.0639588 0.0035351 -0.0090749 -0.0250825 0.00984945 -0.0101307 -0.0208558 0.0114057 0.0667066 0.182484 0.0257377 0.00777076 -0.0181078 -0.0536393 -0.0848477 -0.126294 -0.09423
internal_weight=6230.47 5755.97 5371.13 978.684 485.795 4392.44 894.852 3497.59 2395.1 2171.78 1162.96 1151.37 1008.82 12.2449 1102.49 367.714 206.269 734.775 195.117 160.982 161.445 25.6705 5.38381 384.845 149.558 89.9664 51.304 39.2583 25.1429 22.9974
internal_count=466987 231609 198576 21097 8450 177479 33121 144358 109559 102250 51099 50784 51151 303 34799 13983 7701 20816 3553 2957 6282 1281 338 33033 11799 6619 3392 2390 1576 1442
is_linear=0
shrinkage=0.05


Tree=104
num_leaves=31
num_cat=0
split_feature=1 1 15 13 5 8 20 23 5 9 18 15 20 9 20 4 12 9 4 7 16 18 8 23 5 22 9 12 12 21
split_gain=164.795 80.858 33.5387 42.8705 37.5194 33.8563 32.8172 37.5545 31.855 42.5735 62.8556 55.0603 43.5977 31.0034 32.2583 30.348 56.8488 53.9855 50.0449 62.0426 35.634 31.9823 34.4853 31.2878 30.205 43.857 39.7255 50.09 38.0479 28.5958
threshold=-6.1856086101261445 5.0365971939225815 0.53468808364600318 31.500000000000004 0.21424518187359345 31.500000000000004 0.26437098744235843 1.7500000000000002 0.11876626713287748 0.19938506186008456 1.0000084042549136 0.76633613242035958 0.6622948989861035 0.026640031486749653 0.00019855741499147467 5.5000000000000009 0.073861707001924529 0.49419213831424719 3.5000000000000004 0.99918544477572036 0.98667567321397531 0.051492270082235343 20.500000000000004 2.7500000000000004 0.21294975713976858 0.45000000000000007 0.037166925147175796 0.0026407405966892843 0.0069326448719948539 0.99943384226112431
decision_type=2 2 10 2 2 2 10 10 2 8 10 10 8 10 8 2 8 8 2 10 8 10 2 10 2 8 10 10 10 10
left_child=-1 2 3 6 -5 29 13 -8 -4 10 24 -12 -13 14 -2 16 18 -17 -3 -20 -19 22 -21 -23 25 28 27 -26 -10 -6
right_child=1 15 8 4 5 -7 7 -9 9 -11 11 12 -14 -15 -16 17 -18 20 19 21 -22 23 -24 -25 26 -27 -28 -29 -30 -31
leaf_value=-0.029117115609388119 0.059909086616684343 0.048318186130086843 0.02870314236173644 -0.0024712811436289964 -0.0303252768170462 0.00017242473490822674 -0.001021796945721997 0.017616164634005501 0.039588456210876949 0.010838206596430755 0.0055749598085656389 -0.20677275883681911 -0.00069425380665777089 -0.0089922973452477555 0.0026423796545472717 0.03956235377491972 0.045441149605933324 -0.2656760828865174 -0.0036595276017195727 -0.17767574200244171 -0.0080512798270690033 0.037404857202863177 0.033611933893579186 -0.12894215209585166 0.016099097164282254 0.034421457411504063 -0.010943317920952699 -0.14699684419589765 -0.034677221749468017 0.063209346398344773
leaf_weight=461.5031747991452 24.398410233901814 21.196025238372386 153.19888502976391 762.61272544588428 353.70770187117159 147.78394009475596 534.53863337449729 545.48125726659782 22.392980244127102 789.11631419660989 8.7820781702175754 9.1250523813068831 3.4469688730314383 917.31585510598961 778.62052847049199 221.36431640572846 57.254587377421558 1.3688165759667743 46.80615277774632 11.985246345400812 3.2477108063176274 6.4081478640437108 1.9312742445617903 3.6447329726070166 7.1975208496442091 86.670438155764714 125.52503612381406 11.68453935603611 65.260905209346674 7.4592633335851124
leaf_count=235167 554 1911 5295 50791 17237 4436 9041 9686 375 15389 81 118 100 52196 26442 20849 5222 74 3642 507 255 381 121 90 82 2705 2391 147 1264 116
internal_value=-0.000407364 0.00190983 0.000335441 -0.00188557 -0.00949528 -0.0199946 0.00157194 0.00839919 0.00738364 0.00446839 -0.0103002 -0.0913541 -0.154485 -0.00271657 0.00445468 0.0243163 0.00675142 0.0358344 -0.0175636 -0.0376923 -0.11814 -0.101342 -0.148067 -0.0291147 -0.00460113 0.00938884 -0.0214379 -0.0871446 -0.015472 -0.0282243
internal_weight=6191.03 5729.53 5354.32 4071.92 1271.56 508.951 2800.35 1080.02 1282.4 1129.2 340.086 21.3541 12.572 1720.33 803.019 375.207 149.226 225.981 91.9716 70.7756 4.61653 23.9694 13.9165 10.0529 318.731 174.324 144.407 18.8821 87.6539 361.167
internal_count=466665 231498 198446 170499 72580 21789 97919 18727 27947 22652 7263 299 218 79192 26996 33052 11874 21178 6652 4741 329 1099 628 471 6964 4344 2620 229 1639 17353
is_linear=0
shrinkage=0.05


Tree=105
num_leaves=31
num_cat=0
split_feature=1 1 1 20 8 9 21 21 9 8 8 18 12 4 24 5 23 2 18 5 4 12 3 23 4 8 8 23 11 6
split_gain=149.076 81.4446 32.9916 36.1765 32.5802 62.9109 31.9136 31.6171 30.7503 28.3592 79.7972 45.4082 28.0007 47.7404 109.801 41.2794 33.5431 29.0878 28.2054 37.2043 31.8452 42.7357 36.4446 58.7055 31.1298 61.7938 98.4982 42.9725 27.9819 27.8082
threshold=-5.9201236732969766 5.2609232950460827 0.29575346466266556 0.80553555848405667 7.5000000000000009 0.050406284630298621 0.99907348638398585 0.0090718194075243893 0.020108121447265152 17.500000000000004 14.500000000000002 0.04107248596847058 0.083480861037969603 7.5000000000000009 1.5000000000000002 0.24105248701165391 2.2500000000000004 -0.9970219746052037 0.85218411684036266 0.1005691846033883 5.5000000000000009 0.024984392337501053 2.5000000000000004 2.7500000000000004 4.5000000000000009 16.500000000000004 14.500000000000002 1.7500000000000002 1.0000000180025095e-35 4.5000000000000009
decision_type=2 2 2 10 2 8 10 8 8 2 2 10 10 2 8 2 8 2 10 2 2 10 2 10 2 2 2 10 2 2
left_child=7 2 28 8 5 -5 -6 -1 -4 10 -8 -12 18 15 -15 -14 -17 -18 20 -20 21 22 23 -9 -24 26 -26 -28 -2 -7
right_child=1 -3 3 4 6 29 9 12 -10 -11 11 -13 13 14 -16 16 17 -19 19 -21 -22 -23 24 -25 25 -27 27 -29 -30 -31
leaf_value=-0.040985803044641729 -0.0019937652809403645 0.027013946881911041 0.023437851650513774 -0.23425976169169827 0.032217040186279931 0.043223788216102871 0.04488012365256084 0.02793780082049992 0.0010390497488861254 0.028178057743997516 -0.26535566271146743 0.015696066138345115 -0.044883593611841639 0.48704507654649154 -0.0036303132035873566 -0.040488198621533363 -0.033389986024933926 0.16762567363376668 0.066460808914190497 -0.032294581008883848 -0.036663099493605932 -0.041613338198697711 -0.031949223303763534 0.39065249979619016 0.0055318035904733318 -0.037745558426888884 0.68986054177810507 -0.0095390528983904585 0.073685944846035523 -0.11648035149681893
leaf_weight=206.86212393990718 3492.1428039567545 320.95860023610294 171.29406041651964 2.4927216041833136 247.53735662717372 10.223880708217619 6.4674173640087265 2.8426385394996041 1385.7466801623814 11.661345624364911 4.3478274559602141 1.819063378497958 17.907194986124527 0.76376597979105953 3.1832962045446038 4.1778707751072917 1.9832291898783294 6.4795720083639026 18.792395905940793 17.543412765022367 176.10470630356576 16.410691047902219 8.9764689364237693 1.0380828247871252 1.6956755170831468 3.0497920818161219 0.2163968845270573 0.23518447892274708 11.257413599058053 2.6014100909233102
leaf_count=138677 141330 29173 4266 84 11097 411 309 1138 27364 524 153 84 7042 98 976 1529 559 806 2537 5975 81066 5930 3430 157 674 1408 81 122 179 24
internal_value=0.000305339 0.00259047 0.00111982 0.0065309 0.0228063 -0.0461183 0.0268451 -0.0261753 0.00351666 -0.0269974 -0.0762554 -0.19183 -0.0151813 0.0264753 0.170575 0.0030396 0.0692426 0.121968 -0.0210844 0.0191925 -0.0280925 0.0154996 0.0668727 0.185124 0.0244288 0.111248 0.267622 0.569973 -0.00172963 0.00474819
internal_weight=6156.81 5668.55 5347.59 1844.19 287.151 15.318 271.833 488.262 1557.04 24.2957 12.6343 6.16689 281.4 34.4949 3.94706 30.5479 12.6407 8.4628 246.905 36.3358 210.57 34.4649 18.0542 3.88072 14.1735 5.19705 2.14726 0.451581 3503.4 12.8253
internal_count=467203 214998 185825 44316 12686 519 12167 252205 31630 1070 546 237 113528 11010 1074 9936 2894 1365 102518 8512 94006 12940 7010 1295 5715 2285 877 203 141509 435
is_linear=0
shrinkage=0.05


Tree=106
num_leaves=31
num_cat=0
split_feature=1 1 20 9 16 6 7 5 10 23 8 8 5 4 9 4 8 10 21 9 16 4 21 10 10 4 20 16 2 3
split_gain=137.391 73.6309 32.3179 55.53 54.927 36.8307 55.9488 36.179 33.7715 35.1734 34.2676 31.6463 31.8772 31.4922 52.6338 66.877 117.529 99.5739 68.6845 52.4304 32.6929 30.3597 30.3383 39.6069 30.6536 29.2916 33.1779 29.2686 28.8158 28.6573
threshold=-6.1856086101261445 5.0365971939225815 0.13489212152042135 0.033187299966812141 0.50706337919922928 6.5000000000000009 0.98798275985224082 0.26535609429258195 0.99973362684249889 2.2500000000000004 11.500000000000002 5.5000000000000009 0.065810437728914803 5.5000000000000009 0.097779944539070143 4.5000000000000009 16.500000000000004 4.8889062404632577 0.99931361719526757 0.49419213831424719 0.98492590630028432 7.5000000000000009 0.99569880012917844 29.651115417480472 21.016340255737308 5.5000000000000009 0.98833321342010194 0.75578736146731118 -0.59243907319325217 4.5000000000000009
decision_type=2 2 8 10 10 2 10 2 8 10 2 2 2 2 8 2 2 10 8 8 8 2 8 8 10 2 8 10 2 2
left_child=-1 2 3 4 8 6 27 -4 -2 10 -10 -8 -13 14 15 -3 17 18 -17 -15 -21 -11 23 -9 25 26 -24 -5 -7 -30
right_child=1 13 7 5 -6 28 11 22 9 21 -12 12 -14 19 -16 16 -18 -19 -20 20 -22 -23 24 -25 -26 -27 -28 -29 29 -31
leaf_value=-0.027536299859987123 -0.039249026450284219 -0.0034305458981145872 0.0066543611712146043 -0.0092123319822226511 0.03995765518214444 -0.027678220405698215 0.096328088381208488 -0.01537206223914666 -0.033286522114596699 -0.041975379152584896 0.013209755588364661 0.028096871288785755 -0.02756842706787865 0.039735654169210211 0.025192439519778599 0.0164788754628802 0.04173304104608333 -0.58826494565106968 -0.32240289129005728 -0.25093369835774787 -0.0077668813119189731 0.0067751812156270092 0.046796571014614388 0.016095169964049142 -0.043389357435646828 -0.021690923646221591 0.0039875935200634292 0.019467238403325995 0.012457307388362494 0.11131946817406893
leaf_weight=435.49678831396159 48.367761717177927 32.849184408783913 2280.1088606980629 311.84883991710376 100.67771250591613 44.831195571925491 4.4375145366648203 595.96801377541851 42.232368135591969 69.14501890540123 480.04763502324931 26.067871561273932 612.64483160432428 207.16240887157619 101.36599524877965 3.4053973285481316 4.69024658203125 0.95542914979159821 1.5446401005610821 1.481775146909057 3.2703554704785347 58.183411025325768 86.637752440758049 119.26878700312227 23.105800715275109 41.134119791444391 94.022924417164177 123.31050511577632 165.61124450713396 6.6994065014878279
leaf_count=235267 2900 2402 53822 16196 4424 8992 85 8386 1714 5997 18720 1456 57289 20778 8736 271 403 37 72 64 264 4592 1710 1174 451 867 2121 4724 2339 609
internal_value=-0.00050214 0.00157106 9.83962e-05 -0.00474136 0.00562399 -0.0111311 -0.0149123 0.00322673 0.000621544 0.00364594 0.00939357 -0.0242691 -0.0252562 0.023531 0.00550086 -0.0399768 -0.143212 -0.274871 -0.12568 0.0357681 -0.114032 -0.0198193 -0.00491156 -0.0101096 0.0102488 0.0160063 0.0246617 -0.00105944 0.0076285 0.0169212
internal_weight=6126.57 5691.08 5334.35 2094.11 798.654 1295.45 1078.31 3240.25 697.976 649.608 522.28 643.15 638.713 356.725 144.811 43.4449 10.5957 5.90547 4.95004 211.915 4.75213 127.328 960.137 715.237 244.901 221.795 180.661 435.159 217.142 172.311
internal_count=466862 231595 198568 130037 38347 91690 79750 68531 33923 31023 20434 58830 58745 33027 11921 3185 783 380 343 21106 328 10589 14709 9560 5149 4698 3831 20920 11940 2948
is_linear=0
shrinkage=0.05


Tree=107
num_leaves=31
num_cat=0
split_feature=1 1 20 8 20 6 9 12 7 12 7 8 18 17 4 20 12 9 23 4 23 23 20 7 1 6 12 1 9 8
split_gain=116.545 62.9864 40.5085 63.7735 68.8863 54.707 40.8996 55.8465 37.8687 29.2533 42.9348 49.1368 90.9114 40.4323 39.2824 42.388 29.5175 58.752 28.5651 27.7171 74.0138 33.1937 34.69 32.4865 55.0046 44.6925 36.1201 30.7581 56.0845 27.3929
threshold=-6.5305510402312974 1.0135940002009232 0.52294222304992355 15.500000000000002 0.0013758437807005156 4.5000000000000009 0.043944377452135093 0.12738125771284106 0.99383572348774185 0.015351991169154646 0.99957789854579915 39.500000000000007 1.0668656826019289 0.9908423423767091 6.5000000000000009 0.82810488894695022 0.038462160155177123 0.36227619647979742 0.75000000000000011 7.5000000000000009 2.2500000000000004 2.7500000000000004 0.39961090247063058 0.99888716325406934 2.406819681551482 6.5000000000000009 0.062498455867171294 5.3645170441539234 0.46574905514717108 19.500000000000004
decision_type=2 2 10 2 10 2 8 8 8 8 10 2 10 8 2 10 10 8 10 2 10 10 10 8 2 2 8 2 10 2
left_child=18 -2 3 6 -5 -4 -3 8 -8 13 11 -11 -13 14 15 -7 -12 -18 -1 20 -6 22 23 24 -22 26 -26 -24 -29 -21
right_child=1 2 5 4 19 9 7 -9 -10 10 16 12 -14 -15 -16 -17 17 -19 -20 29 21 -23 27 -25 25 -27 -28 28 -30 -31
leaf_value=0.01738655701709748 -0.0018327234847238659 0.016723230548996142 0.031090098543977318 0.035192631354509119 0.011986905862339768 -0.10794016891837616 -0.00037336342222358377 0.014813984255262303 -0.072723616611580527 0.02637376576420827 0.042470165038268476 0.023421363979306577 -0.20909126836574743 0.022133357230259984 0.046719689370825018 -0.0086770852482879728 -0.23241024616065808 -0.012941671271216003 -0.031338069501414531 -0.057301461050510295 -0.054427301237041696 -0.011472609589884946 0.014040530832436749 -0.0042085534469266149 -0.28798797257245451 -0.031294308934883726 -0.0481087287444932 0.0095328249433160803 -0.35215076477835905 0.01847315394555828
leaf_weight=32.303969328990206 4095.2279144232161 47.327507495880127 396.05092604132369 192.06407686136663 182.92041486874223 25.517193682491779 23.520617349073291 37.759464525151998 77.422502760775387 185.02757598180324 4.2503332225605872 11.273037098348142 5.5446942551061502 31.575643812306225 8.3102731676772219 18.409604187123477 4.1666139438748333 7.752239936031402 346.27498827408999 11.696688018739222 22.343928933143616 69.380665867589414 20.600286608561877 9.8460623333230597 7.2004047958180282 3.9879589285701504 2.5077211540192375 2.6647696252912279 0.73786525521427382 205.6399065554142
leaf_count=12934 186340 1609 27976 9034 4633 485 247 1203 1509 7896 224 531 117 1189 330 968 74 344 198628 497 144 1312 484 378 182 52 89 241 36 7617
internal_value=-0.000317276 0.00146568 0.00982298 0.00291196 0.00956187 0.0188929 -0.0231511 -0.0367791 -0.0560344 0.00283823 0.0124841 0.018858 -0.0606692 -0.0221041 -0.0487577 -0.0674584 -0.0635476 -0.101715 -0.0271456 0.000389445 -0.00890883 -0.0362436 -0.0603258 -0.0853699 -0.106831 -0.182801 -0.236304 -0.0109497 -0.13107 0.0141513
internal_weight=6089.31 5710.73 1615.5 917.621 731.591 697.878 186.03 138.703 100.943 301.827 218.014 201.845 16.8177 83.8127 52.2371 43.9268 16.1692 11.9189 378.579 539.527 322.19 139.27 69.889 45.8861 36.04 13.6961 9.70813 24.0029 3.40263 217.337
internal_count=467303 255741 69401 29267 24699 40134 4568 2959 1756 12158 9186 8544 648 2972 1783 1453 642 418 211562 15665 7551 2918 1606 845 467 323 271 761 277 8114
is_linear=0
shrinkage=0.05


Tree=108
num_leaves=31
num_cat=0
split_feature=1 1 4 12 4 7 21 15 13 5 18 10 8 8 8 4 20 0 7 0 12 18 24 5 10 20 21 7 12 7
split_gain=125.264 60.2791 31.7351 51.9967 42.7218 44.4935 28.9517 28.9246 40.2803 39.2612 37.296 57.8961 48.6329 53.5571 41.0592 67.4687 32.2338 31.2068 29.0888 30.2016 28.3789 27.088 27.5359 43.0725 68.6082 67.9658 46.2387 41.2331 26.199 30.97
threshold=-5.9504407119656912 5.4763034662352661 5.5000000000000009 0.077351342886686339 3.5000000000000004 0.99708996146970652 0.0065707783476478985 0.76633613242035958 66.500000000000014 0.22264359212450022 1.0000084042549136 7.0018975734710702 31.500000000000004 43.000000000000007 39.500000000000007 5.5000000000000009 0.059655159962772784 0.94914027948630075 0.99950803166305813 0.065948061322268089 0.00426780665293336 1.0668656826019289 1.5000000000000002 0.1283653101437788 3.1070359945297246 0.80553555848405667 0.01968961533047343 0.98858653375003069 0.076193455606699004 0.99981078485363784
decision_type=2 2 2 8 2 10 8 10 2 2 10 8 2 2 2 2 10 2 10 2 8 10 8 2 10 10 10 10 10 10
left_child=6 7 3 4 -3 -6 -1 8 -2 16 18 12 -12 14 15 -14 20 -11 -9 -20 -10 22 23 24 -8 26 -26 -28 29 -18
right_child=1 2 -4 -5 5 -7 21 10 9 17 11 -13 13 -15 -16 -17 28 -19 19 -21 -22 -23 -24 -25 25 -27 27 -29 -30 -31
leaf_value=-0.041506857887176028 0.0019516346424429181 0.047745377718024305 0.040224250606541945 0.049341146477311651 0.016631353887779969 -0.073855869274358665 -0.001952418048671762 0.016798991626613243 0.022837860807030718 -0.016226662626242026 0.012121048983699567 0.033549438542200632 -0.21472379304688272 0.039162249747861609 -0.22567923909554441 -0.011333537026641152 -0.0022000670475986884 -0.066583921927194423 0.1135662661783402 -0.04361417783014674 -0.020741976319864845 0.032158511027639614 -0.025525987547108088 -0.016987160726571696 -0.013114761545804255 -0.0035040313685746256 -0.0093247068917595988 0.6720878553462617 0.028454815643878535 0.12376728020286604
leaf_weight=174.10223220521584 3507.1151674952125 17.025836553424597 149.5059220623225 41.654015085659921 21.064876660704613 35.719740704633296 4.1897368363570449 589.70885724574327 43.433299780008383 446.85022524010856 16.418455252423882 27.507976029068232 5.0904656089842417 5.6812015622854224 6.5459030587226144 12.703632778488098 277.78185930009931 32.211869522929192 2.408382845344021 32.204861018806696 237.63162262702826 26.185518704005517 226.41471718240064 13.771610847557893 0.35430997132789366 1.1437242082320151 0.22824510943610221 0.52310219872742891 112.52597586833872 3.9663164387457064
leaf_count=129106 116688 1690 15990 4320 1850 1933 1772 17657 3892 14307 405 642 33 151 81 348 9667 955 111 772 22831 4497 108994 5587 198 318 80 177 2354 47
internal_value=-0.000166053 0.00186009 0.0250939 0.00532565 -0.0198415 -0.0405817 -0.0256139 0.000707021 -0.000715316 -0.00881229 0.0101897 -0.0231738 -0.0567721 -0.0936257 -0.124942 -0.0778478 -0.00103978 -0.0197443 0.0141722 -0.0297958 -0.0139504 -0.0153568 -0.0205113 0.0342219 0.131306 0.303729 0.472272 0.577958 0.00817582 4.69922e-06
internal_weight=6071.67 5624.76 264.97 115.464 73.8105 56.7846 446.913 5359.79 4661.52 1154.4 698.27 73.9476 46.4397 30.0212 24.34 17.7941 675.339 479.062 624.322 34.6132 281.065 272.811 246.625 20.2107 6.43912 2.24938 1.10566 0.751347 394.274 281.748
internal_count=467453 216724 25783 9793 5473 3783 250729 190941 170741 54053 20200 1660 1018 613 462 381 38791 15262 18540 883 26723 121623 117126 8132 2545 773 455 257 12068 9714
is_linear=0
shrinkage=0.05


Tree=109
num_leaves=31
num_cat=0
split_feature=1 0 15 23 5 5 8 12 8 5 8 5 6 4 5 12 5 5 22 22 10 18 3 8 0 4 4 8 12 5
split_gain=104.13 72.3443 28.0789 27.9602 40.1142 68.4783 62.113 72.6118 92.9322 46.0074 32.279 40.6292 26.8285 55.8104 52.5064 48.5271 39.6096 32.0536 30.0766 27.8304 33.7789 32.2783 26.945 26.4474 25.9655 23.7057 47.361 39.19 35.6592 27.4672
threshold=-5.9201236732969766 0.98968409044523564 0.74871732265472934 0.75000000000000011 0.24624720923001714 0.30128180627877316 16.500000000000004 0.024984392337501053 14.500000000000002 0.25066235638568662 39.500000000000007 0.090076168334551995 3.5000000000000004 5.5000000000000009 0.30128180627877316 0.020730092190206054 0.13310560222370105 0.20154867025703407 0.70833333333333337 0.77500000000000013 5.3619801998138437 0.0093248104676604288 2.5000000000000004 43.000000000000007 0.79424687752584056 5.5000000000000009 3.5000000000000004 9.5000000000000018 0.062498455867171294 0.2377315444583154
decision_type=2 2 10 10 2 2 2 8 2 2 2 2 2 2 2 8 2 2 10 10 10 8 2 2 2 2 2 2 8 2
left_child=3 2 12 4 -1 6 7 8 -6 -9 -5 23 -2 14 22 16 18 -17 -15 21 -21 24 -14 -12 -18 26 -3 -27 29 -28
right_child=1 25 -4 10 5 -7 -8 9 -10 -11 11 -13 13 15 -16 17 19 -19 -20 20 -22 -23 -24 -25 -26 27 28 -29 -30 -31
leaf_value=-0.019971564740976184 0.0017896654053316753 0.049448076615683956 0.0089121289914066027 -0.033038839070559899 -0.017118179642912384 -0.042789041734110946 -0.034824194666864691 0.30047879704645031 0.73526107572629096 -0.0033209020516028354 0.091071595093381835 -0.033065386367608446 0.02707779761369998 -0.011814420569812235 -0.0063378974004015889 0.0077727441619585046 -0.056350362578187332 -0.011774566697283682 0.046663890105513028 0.00079888986329291329 -0.10607357319037369 -0.032862129278212179 -0.0092833113172511427 -0.040720384102096593 -0.1553006931679913 -0.11274080039018392 -0.056035379149238063 0.032241488403820219 0.026804584965063133 0.0011230221433996507
leaf_weight=26.814885057159699 2252.0768666265067 44.852896485477686 670.37449625716545 358.14169256354216 0.51769212365615924 5.7707316847518086 2.2716714713023975 0.99533626507036377 0.40066979709081352 3.2621545285219327 15.940234807203526 22.353708500391804 264.18575502291787 141.60983303189278 438.19684531749226 333.81950574181974 29.569627866265364 560.68658880738076 24.998868804890662 87.604920510668308 7.0736437621526411 258.96762973081786 62.534988376661204 4.2744142166338852 8.589800192974506 3.7881292887032023 43.12314869929105 263.82778482977301 42.873769182246178 40.064275804907084
leaf_count=11649 85531 4585 15028 221686 173 1805 924 117 120 724 1916 11261 5157 8291 8728 12296 1752 17757 410 1306 95 12128 5335 1939 126 125 2900 26647 3982 2389
internal_value=-0.000807997 0.00104217 -0.000622516 -0.0241763 0.0153565 0.0833881 0.174648 0.257338 0.5233 0.111346 -0.0281542 0.0127569 -0.00205415 -0.00595634 0.00497083 -0.0117086 -0.0232605 -0.0044792 -0.00281396 -0.0319258 -0.00821098 -0.0394295 0.0201111 0.0625982 -0.0820214 0.020512 0.00591583 0.0297772 -0.00984032 -0.0288207
internal_weight=6019.56 5578.82 5140.29 440.743 40.0331 13.2183 7.44752 5.17585 0.918362 4.25749 400.71 42.5684 4469.91 2217.84 764.918 1452.92 558.414 894.506 166.609 391.806 94.6786 297.127 326.721 20.2146 38.1594 438.53 170.914 267.616 126.061 83.1874
internal_count=466882 214568 173940 252314 15512 3863 2058 1134 293 841 236802 15116 158912 73381 19220 54161 24108 30053 8701 15407 1401 14006 10492 3855 1878 40628 13856 26772 9271 5289
is_linear=0
shrinkage=0.05


Tree=110
num_leaves=31
num_cat=0
split_feature=0 0 20 6 10 10 8 0 8 4 3 10 8 24 5 9 4 5 21 4 5 21 5 0 15 18 5 8 8 10
split_gain=110.276 55.9249 31.6213 27.3009 68.8094 34.1822 30.3897 29.3204 33.4553 65.1447 42.9113 34.0042 26.9704 28.6083 53.8382 48.6261 47.9786 39.4266 33.7873 26.8014 28.2157 26.3576 28.1375 37.6376 29.9676 38.4373 26.0271 27.3603 26.9342 34.0638
threshold=0.0011900511391915562 0.99481711588961985 0.52294222304992355 1.5000000000000002 1.0001800656318667 18.401570320129398 20.500000000000004 0.048633626950961205 30.500000000000004 4.5000000000000009 2.5000000000000004 3.9993127584457402 15.500000000000002 2.5000000000000004 0.33836613956221445 0.23826886713504794 5.5000000000000009 0.20258679379831493 0.1626933695459781 7.5000000000000009 0.14885143706435305 0.99885062307198824 0.088542152808951016 0.0045368440509396101 0.44163046352544361 0.068985383957624449 0.20258679379831493 40.500000000000007 7.5000000000000009 2.5002568960189824
decision_type=2 2 10 2 10 8 2 2 2 2 2 10 2 10 2 10 2 2 10 2 2 10 2 2 8 10 2 2 2 10
left_child=-1 2 3 4 -2 7 -7 8 -5 10 -10 -11 -9 16 15 -15 -14 19 -17 20 -18 22 23 -13 -24 -26 -4 28 29 -28
right_child=1 -3 26 5 -6 6 -8 12 9 11 -12 21 13 14 -16 18 17 -19 -20 -21 -22 -23 24 -25 25 -27 27 -29 -30 -31
leaf_value=-0.028410381200750109 -0.0033062299333338156 0.022926784572239185 0.014534005128688294 -0.027170744210091392 0.029112651155160853 -0.0083411693369706049 0.018417974720934687 -0.018761220735518905 0.18143826888823944 -0.025677677886712005 0.0046079495953710876 0.24759784328451584 0.024350895838610352 -0.01383812650799986 -0.053415981629995404 -0.022605719182575101 0.029232989260151533 -0.019412110827140679 0.015091865794970334 -0.0080357404106878236 -0.0023158356764194001 0.15231020000409057 -0.02539471409771385 0.0080065617633577994 0.017879466822178273 0.25325282284382683 0.015132887361611877 -0.065999384612875453 0.0037379713675900783 -0.1065820784381987
leaf_weight=322.88236658857204 537.85658029664773 290.24389744829386 617.02825473027769 304.6089416622417 234.17063282954041 165.83928603318054 291.24717806885019 261.45288577536121 6.8657472013728675 97.592675473890267 6.1796144646359608 1.8315222900127981 231.41516658384353 585.0423863469623 58.841958154924214 71.005395154468715 165.2534077600576 218.94268905278295 341.25738861784339 198.41240713186562 123.28801352903247 2.7735497212270266 30.927559983916581 4.058620399562642 7.7477262527681869 1.3036487963981924 10.18504307465628 13.996279468759893 775.41159877623431 11.574260806199161
leaf_count=196570 18889 29314 18178 87691 8865 8786 10790 3843 415 23359 1039 463 3322 11030 622 1835 2799 3160 4043 4038 1906 49 7852 503 1459 180 264 266 14939 173
internal_value=-3.45644e-05 0.00158708 0.000430954 -0.00187562 0.00655198 -0.00392571 0.00871226 -0.00605283 -0.0174873 0.00108528 0.103965 -0.00873623 -0.00369377 -0.00170918 -0.00734872 -0.00457992 0.00464642 -0.00183864 0.0085601 0.00608629 0.0157914 0.0250863 0.0143079 0.107629 -0.00173213 0.0736029 0.0068038 0.000913027 0.00216905 -0.0514484
internal_weight=5989.24 5666.35 5376.11 3947.91 772.027 3175.89 457.086 2718.8 463.89 159.281 13.0454 146.235 2254.91 1993.46 1056.15 997.305 937.312 705.897 412.263 486.954 288.541 48.6426 45.8691 5.89014 39.9789 9.05138 1428.2 811.167 797.171 21.7593
internal_count=466642 270072 240758 206938 27754 179184 19576 159608 123010 35319 1454 33865 36598 32755 17530 16908 15225 11903 5878 8743 4705 10506 10457 966 9491 1639 33820 15642 15376 437
is_linear=0
shrinkage=0.05


Tree=111
num_leaves=31
num_cat=0
split_feature=0 21 7 5 21 0 7 10 10 12 18 15 18 21 12 8 7 5 8 9 24 7 12 9 5 8 12 6 23 23
split_gain=94.3324 58.0161 41.6438 31.5623 31.3205 30.3498 51.853 36.2963 33.0821 40.1271 30.1011 29.7305 31.7349 26.7065 36.8963 26.581 43.5326 26.2513 25.743 38.1175 34.5161 32.7454 28.3417 25.4408 29.4266 40.8805 62.7875 24.2815 23.6691 23.5431
threshold=0.0012791298340432357 0.99405415712682887 0.99154374439364601 0.049497419386943173 0.0017286747343289407 0.97984966106328752 0.99932194077293102 3.5716161727905278 16.00302886962891 0.16957911849021914 1.1378124356269839 0.073951114654516883 0.04107248596847058 0.86336299739426625 0.011125092394649984 40.500000000000007 0.98486215080747797 0.18252044167030143 15.500000000000002 0.3027008324861527 2.5000000000000004 0.99833827758021132 0.13332327455282214 0.27597160637378698 0.24269040793153351 16.500000000000004 0.02433842979371548 10.500000000000002 2.2500000000000004 0.75000000000000011
decision_type=2 10 10 2 8 2 10 8 10 10 10 8 10 10 10 2 10 2 2 10 10 10 8 8 2 2 10 2 10 10
left_child=15 2 4 -4 -2 8 -7 23 9 10 -3 12 -5 27 -15 29 -17 -16 22 20 21 -20 -13 24 25 26 -8 -6 -10 -1
right_child=1 5 3 11 13 6 7 -9 28 -11 -12 18 -14 14 17 16 -18 -19 19 -21 -22 -23 -24 -25 -26 -27 -28 -29 -30 -31
leaf_value=0.011868558733013977 0.020559659969984795 0.012199704254128212 0.066928555708262963 -0.0049353150386253174 -0.00077591260532826052 0.040675278466266389 -0.33534624701869886 0.021667318142577288 -0.036638996836524378 -0.069445307924037566 0.08826038818234265 -0.025136863142299237 -0.030624935031654334 -0.01082286892806384 0.029466533606174572 0.076029573188672539 -0.046394613359596146 0.0055280191769958168 -0.0054694038489706606 0.0071136351290258864 -0.019292502351408211 0.030292155565836476 0.016914505229120937 -0.14908485647683747 0.036220734916855589 -0.0063325612781259186 0.031817584980706463 -0.045773478235695164 0.018944010177579629 -0.035331402568641417
leaf_weight=28.813274611136876 244.96072909922805 529.92186441365629 13.862021609093061 252.19482161989436 1574.5944075266598 186.60085351532325 1.9725021952763255 31.358914101496339 64.512833728571422 13.786627002758904 12.370469282614065 219.52886936767027 229.52361455536447 149.84536288224626 232.25116669351701 14.791269923327492 12.533518466050735 226.10742458759341 313.81841888360213 769.79808076890185 381.0120695871301 79.352452358347364 48.224170993431471 4.965191879309713 8.9262338471598905 7.2925112023949623 1.6526337452232835 29.563329618191347 26.335340614779852 268.29805380105972
leaf_count=11957 12470 13288 977 23816 62812 20377 73 2860 1272 169 280 10066 39650 4726 8514 1685 7655 5315 11185 22668 16596 3322 2126 96 618 453 103 529 678 181135
internal_value=-0.000212702 0.00129368 -0.000895736 -0.0057185 0.0036331 0.0130066 0.0280476 -0.0138816 0.00732772 0.0119019 0.014094 -0.00618657 -0.0172137 0.00175049 0.0106631 -0.0263896 0.0202198 0.0176955 -0.00324671 -0.000760276 -0.00858867 0.00180678 -0.0175284 -0.0579143 -0.0290442 -0.0809665 -0.197274 -0.00163318 -0.0204956 -0.0307296
internal_weight=5978.77 5654.33 4764.64 2307.31 2457.32 889.696 242.769 56.168 646.927 556.079 542.292 2293.45 481.718 2212.36 608.204 324.436 27.3248 458.359 1811.73 1543.98 774.183 393.171 267.753 24.8091 19.8439 10.9176 3.62514 1604.16 90.8482 297.111
internal_count=467471 265039 224772 130406 94366 40267 24580 4203 15687 13737 13568 129429 63466 81896 18555 202432 9340 13829 65963 53771 31103 14507 12192 1343 1247 629 176 63341 1950 193092
is_linear=0
shrinkage=0.05


Tree=112
num_leaves=31
num_cat=0
split_feature=1 20 6 23 18 4 8 23 20 7 0 7 23 6 8 4 3 10 10 9 0 4 6 4 20 18 7 20 9 18
split_gain=87.3078 51.3525 45.5541 31.7286 35.132 30.5211 28.6222 42.2224 31.8499 30.5876 30.5006 50.3795 40.0789 41.9072 32.3909 53.9076 42.7609 37.284 35.1108 61.2581 58.7366 37.1606 31.2692 34.6267 36.1032 29.8111 27.2658 33.5632 25.4698 41.4914
threshold=-6.6600237108603793 0.52294222304992355 3.5000000000000004 1.2500000000000002 0.04937016777694226 6.5000000000000009 22.500000000000004 2.2500000000000004 0.42345984324800351 0.95230952553122394 0.11890871823111386 0.99936819022589762 1.7500000000000002 5.5000000000000009 26.500000000000004 4.5000000000000009 2.5000000000000004 4.6519162654876718 14.500980377197267 0.019483124837279323 0.028750074799205456 6.5000000000000009 3.5000000000000004 5.5000000000000009 0.38563252078356985 0.62901547551155101 0.69485096136151425 0.14669632209127278 0.044740369543433196 0.95557713508605968
decision_type=2 10 2 10 10 2 2 10 10 8 2 10 10 2 2 2 2 8 8 8 2 2 2 2 10 8 10 8 8 8
left_child=-1 6 -3 4 5 -4 7 9 -9 26 11 14 13 -13 -8 16 17 25 -17 20 -20 -21 -12 24 -24 -16 -2 -28 29 -11
right_child=1 2 3 -5 -6 -7 10 8 -10 28 22 12 -14 -15 15 18 -18 -19 19 21 -22 -23 23 -25 -26 -27 27 -29 -30 -31
leaf_value=-0.025754492071072839 0.0012837512094184805 0.019669434067818077 -0.06039335082517782 0.0055541180064037458 0.0059364625381165999 0.048293631697603097 -0.028730164295146344 -0.027564671319823254 0.00949340801328326 0.026174210018397839 0.015401444475285221 -0.035325124965394868 0.012300363777620464 0.19616654527362784 0.21972261978622495 -0.014083963703917499 -0.014877472084940738 -0.016774945667297675 0.46098252579348326 0.068442605843899787 -0.02410223721834823 -0.021417962257079735 0.027745451671889333 -0.0050197397573901329 -0.0092281473903067218 0.023580719432332434 0.056496067730907387 -0.0012261004709333281 -0.010595637768982728 -0.010706199528682202
leaf_weight=315.49473888543434 224.8731941744918 602.3542164908722 54.337903660954908 867.40403849945869 58.161558312363923 6.5608439426869145 175.89754875411745 319.82369533309247 70.242975033237599 139.61685513844714 545.54833929566666 2.2695175217231753 17.556036315043457 6.5676552054937929 7.0130231713410458 289.1605019607814 8.550889660487881 3.3270259111886853 0.56487480900250264 19.68217442324385 0.88171660481020808 25.143629770842381 193.44457977544516 754.27240531332791 99.355956813320518 2.9003273255657414 59.086613208870403 43.282629533205181 864.07924472377636 165.76678963482846
leaf_count=202047 8580 26560 884 23119 1275 115 30306 25786 1304 9912 12607 545 2494 529 222 48196 1373 335 122 2165 40 3348 2034 9949 729 121 1870 609 42685 6495
internal_value=-0.000201971 0.00123484 0.00884702 0.00222543 -0.0218698 -0.0480931 -0.00176107 -0.00625484 -0.0208841 -0.00243081 0.00217968 -0.00785362 0.058309 0.139169 -0.0112322 -0.00255999 0.0718668 0.124999 -0.00759434 0.0324 0.276314 0.0186707 0.00570726 0.000646503 0.0152105 0.169757 0.0110599 0.0323149 -0.00621205 0.00618537
internal_weight=5943.22 5627.73 1588.82 986.464 119.06 60.8987 4038.91 1886.77 390.067 1496.71 2152.14 559.515 26.3932 8.83717 533.122 357.224 21.7913 13.2404 335.433 46.2724 1.44659 44.8258 1592.62 1047.07 292.801 9.91335 327.242 102.369 1169.46 305.384
internal_count=466356 264309 51953 25393 2274 999 212356 97241 27090 70151 115115 89796 3568 1074 86228 55922 2051 678 53871 5675 162 5513 25319 12712 2763 343 11059 2479 59092 16407
is_linear=0
shrinkage=0.05


Tree=113
num_leaves=31
num_cat=0
split_feature=1 1 21 4 12 5 10 9 9 16 8 4 8 4 21 2 5 5 21 21 12 0 5 21 21 18 4 9 8 5
split_gain=85.7726 50.2796 44.1889 26.914 42.7554 33.4854 84.6314 29.6624 27.4615 30.3092 21.4953 76.294 44.259 54.322 37.9189 35.4984 30.0147 29.0613 25.0537 24.7719 23.6639 21.0933 27.8876 32.3426 31.3651 57.3005 43.552 41.4343 32.0277 33.5074
threshold=-4.9205854117350052 5.4763034662352661 0.013225514903844042 5.5000000000000009 0.073861707001924529 0.13698053508779232 3.4737986326217656 0.046298062428832061 0.47386337816715246 0.98667567321397531 31.500000000000004 4.5000000000000009 18.500000000000004 7.5000000000000009 0.99106626018212884 -0.99555655797279841 0.090076168334551995 0.31038333041442245 0.10070507876349986 0.99896030963088089 0.0025107502005994324 0.4933457107451279 0.27920683786067363 0.99931361719526757 0.91291828426540478 1.0668656826019289 4.5000000000000009 0.028885942883789543 18.500000000000004 0.059934368451209703
decision_type=2 2 8 2 8 2 10 10 8 8 2 2 2 2 8 2 2 2 8 10 10 2 2 10 10 10 2 10 2 2
left_child=2 21 -1 4 5 6 -3 -8 -5 -10 12 15 13 -4 -15 17 18 -12 -13 20 -18 -2 23 24 27 -26 -27 -23 -29 -30
right_child=1 3 10 8 -6 -7 7 -9 9 -11 11 16 -14 14 -16 -17 19 -19 -20 -21 -22 22 -24 -25 25 26 -28 28 29 -31
leaf_value=-0.035683491510845725 -0.0020527329829576682 0.01684601181875198 -0.0058859526525484431 0.044126936955142713 0.047855402303398825 -0.00086102209282083199 -0.03911078664023919 -0.30978814763149587 -0.19179043982277752 0.020753221664149352 0.41314953535704629 0.077594006581024874 -0.033534761131646995 0.13804100488692936 -0.033729126787947164 0.076286936993200674 0.059613616543038574 -0.014713440427815179 -0.027289116575495279 0.088636960034529269 -0.040247943816003585 0.020266093568451049 -0.0060086900607708455 -0.053663623085886986 0.021372682167821105 -0.15335256076739978 -0.013906627359263799 -0.019903625630578035 0.044452062340059967 -0.00026632415783705459
leaf_weight=230.48348986776546 3030.3913819123991 7.8623161478899402 80.666307877632789 125.63305317796767 37.46600608760491 57.60321553144604 1.788127167150378 3.0076842405833304 1.6746196071617294 4.0485006868839264 0.93981464346870758 16.91420922998805 134.13892123592086 11.253693689708594 3.8955887785414243 5.4453335056314236 5.8301864101085803 0.41505170194432139 7.7314334341790518 3.9112634266493833 49.345001254114322 261.71438337070867 487.79997135233134 20.264346547424793 548.43581507029012 6.5915179587900665 22.251104652415961 199.72748435847461 44.607154325582087 513.79029706772417
leaf_count=174293 88262 615 28847 15369 4447 4415 122 159 84 450 153 2782 65096 2141 948 501 2514 172 2973 568 22323 6020 7303 846 23117 61 694 2696 1905 7035
internal_value=-0.000263793 0.00166354 -0.0190336 0.0240283 0.0054178 -0.0175655 -0.0879538 -0.233027 0.0391348 -0.0607149 -0.00698588 0.0135502 -0.0150945 0.010801 0.0945174 0.163112 -0.000378004 0.331489 0.0449106 -0.0197015 -0.0288225 0.000617884 0.00446136 0.00762088 0.00843155 0.0177344 -0.0498456 0.0031535 -0.00277289 0.00337905
internal_weight=5925.63 5374.66 550.97 239.084 107.727 70.2613 12.6581 4.79581 131.356 5.72312 320.487 90.5323 229.955 95.8156 15.1493 6.8002 83.7321 1.35487 24.6456 59.0865 55.1752 5135.57 2105.18 1617.38 1597.12 577.278 28.8426 1019.84 758.125 558.397
internal_count=466911 163600 303311 25661 9758 5311 896 281 15903 534 129018 31986 97032 31936 3089 826 31160 325 5755 25405 24837 137939 49677 42374 41528 23872 755 17656 11636 8940
is_linear=0
shrinkage=0.05


Tree=114
num_leaves=31
num_cat=0
split_feature=0 0 4 12 4 9 8 10 20 15 10 6 5 8 13 20 20 8 8 12 9 23 20 12 13 20 9 8 16 6
split_gain=70.5714 42.5343 28.5707 44.5072 30.5949 29.6508 30.8937 26.5187 25.7281 25.5963 26.859 35.2608 30.6012 40.798 26.4126 25.9167 26.4643 27.4218 67.4152 36.6819 28.119 22.91 28.8762 50.71 28.579 22.3105 53.4255 49.8502 28.9815 25.3621
threshold=0.0012791298340432357 0.99581841193938658 5.5000000000000009 0.05509313382208348 3.5000000000000004 0.47386337816715246 20.500000000000004 12.489516258239748 0.002156940632030879 0.69192599075605388 6.2342188358306894 6.5000000000000009 0.38477658318641778 23.500000000000004 226.50000000000003 0.80553555848405667 0.0094702072194118945 43.000000000000007 39.500000000000007 0.035913459956645973 0.2658583670854569 0.75000000000000011 0.80553555848405667 0.019654683768749241 17.500000000000004 0.11277237412252998 0.049508947879076011 12.500000000000002 0.38017374334768489 4.5000000000000009
decision_type=2 2 2 8 2 8 2 8 8 10 8 2 2 2 2 8 10 2 2 10 10 8 10 10 2 8 10 2 10 2
left_child=8 9 3 4 -3 -4 -7 -8 -1 14 12 -12 15 -14 25 16 -11 18 20 -20 -18 22 23 24 -10 26 27 -2 -29 -30
right_child=1 2 5 -5 -6 6 7 -9 21 10 11 -13 13 -15 -16 -17 17 -19 19 -21 -22 -23 -24 -25 -26 -27 -28 28 29 -31
leaf_value=-0.043180863078552838 -0.033215557147166092 0.046414488698717539 0.043464406196842421 0.039808771127679179 -0.041488110577181686 0.021157260292800815 -0.28386840549686965 0.023232767059299733 -0.01516593289745779 0.019320685629294815 0.0078272317604087833 0.042415222502385858 0.00054767579608426672 -0.10196896931910514 -0.010760245762615283 0.027090857284347594 -0.021887587128053637 0.04262424831282835 -0.005196455970619262 -0.17984570995886356 0.012313969481055672 -0.0157381464764467 -0.036400813237905068 -0.030919235425199334 0.40237235794174397 0.0035145886545932745 -0.013694815643106276 0.0057169283621876362 0.054238217231354115 -0.040261048714271934
leaf_weight=107.00778282096144 77.595515548251569 11.400829229503868 121.18513399874792 45.791871510911733 50.032123830169439 4.0524776927195481 1.089835202787071 0.84751519095152628 0.43422251462470673 111.63043854129501 222.73906337947119 109.56287933408748 24.138154086889699 15.218478020513428 620.85632406256627 101.07082057720982 146.10511344473343 22.360660933889449 4.5737320724874726 8.1287754015065712 100.75758107565343 187.35673435172066 2.6342830457724631 1.6122018159367142 0.87874238647054881 2275.9552536243573 765.93521821685135 682.72749351989478 51.873819978791289 7.4604635842842972
leaf_count=96777 3989 1303 15479 5350 3095 395 53 88 262 3655 7836 2452 696 135 44119 4326 3543 469 98 93 1849 102833 859 1016 499 53211 69700 38927 3052 505
internal_value=-3.14124e-05 0.00123964 0.0220406 0.00296677 -0.0246929 0.0379738 -0.0634377 -0.187351 -0.0236176 0.000324115 0.00818685 0.0193242 0.0012328 -0.040638 -0.00119695 0.00463966 -0.00118017 -0.00933722 -0.0139599 -0.121929 -0.00793478 -0.0125995 0.0794494 0.166473 0.317429 0.000343014 -0.0042088 0.00466136 0.00866143 0.0418859
internal_weight=5883.01 5583.09 234.4 107.225 61.433 127.175 5.98983 1.93735 299.924 5348.69 866.286 332.302 533.984 39.3566 4482.4 494.627 393.556 281.926 259.565 12.7025 246.863 192.916 5.55945 2.92517 1.31296 3861.55 1585.59 819.657 742.062 59.3343
internal_count=466664 264418 25763 9748 4398 16015 536 141 202246 238655 25152 10288 14864 831 213503 14033 9707 6052 5583 191 5392 105469 2636 1777 761 169384 116173 46473 42484 3557
is_linear=0
shrinkage=0.05


Tree=115
num_leaves=31
num_cat=0
split_feature=1 1 21 6 6 20 2 1 15 13 21 24 20 20 18 21 8 2 5 23 21 21 21 21 8 21 23 0 10 20
split_gain=78.4187 44.8173 37.5471 28.2805 44.7656 36.1069 30.6822 28.7018 28.128 44.4437 23.6714 27.7631 22.1217 27.5758 24.2364 36.2226 39.0723 32.7394 35.6113 27.8558 27.4316 25.4713 24.7397 22.0019 21.0386 23.5643 25.6174 27.6449 23.1694 24.9088
threshold=-5.9504407119656912 5.0365971939225815 0.011336327165545876 1.5000000000000002 1.0000000180025095e-35 0.13489212152042135 -0.78134877288161342 1.0135940002009232 0.18872484928402403 12.500000000000002 0.00013958666888919899 1.5000000000000002 0.059655159962772784 0.00019855741499147467 0.14105081558227542 0.89139992028206028 31.500000000000004 -0.18056398192202078 0.20008422310738191 1.2500000000000002 0.14122405489048581 0.61695448872070502 0.99943384226112431 0.0018431261721923392 43.000000000000007 0.98964606679678291 2.7500000000000004 0.065948061322268089 16.361818313598636 0.4955099802891208
decision_type=2 2 8 2 2 10 2 2 8 2 8 10 8 10 10 8 2 2 2 10 8 10 10 10 2 10 10 2 8 10
left_child=2 3 -1 4 5 -2 -6 23 9 -5 11 -9 13 -11 15 16 19 18 -18 20 -14 -20 -17 -8 25 -10 28 -28 29 -27
right_child=1 -3 -4 8 6 -7 7 10 24 12 -12 -13 14 -15 -16 22 17 -19 21 -21 -22 -23 -24 -25 -26 26 27 -29 -30 -31
leaf_value=-0.040475069722022916 -0.011085116352992653 0.020100751382299067 -0.0086957829988393853 0.0064751524099035083 0.057265811966590363 0.040049443314707028 0.027941694445125682 -0.19798619191003217 -0.0020728169875574242 0.034069651331832686 0.037853089530482172 0.035651055355017496 0.20225139983550222 -0.02962347743722378 -0.023780661028853661 -0.014024797388606 0.04836326889039453 0.0087770043016982182 0.28850624305549405 -0.0075167555061291655 0.025215082842754893 0.051029907255369822 0.067884813382464368 -0.0020416225619705173 0.020000793576089648 -0.020371349092227375 0.10323813296024967 0.021213261973130376 -0.01982178637208654 0.013371920912738311
leaf_weight=159.55191696574911 298.80652605323121 300.5246621039696 222.4517002266366 354.87364570470527 45.306217059493065 38.028179014334455 82.804120298475027 1.3970894403755658 2441.037247380591 17.297704457771033 125.92889523459598 2.1732170879840851 2.244305806118061 274.01668715290725 163.57312884752173 217.94737432489637 7.4547471299301851 9.2769467625766975 3.3849128495203331 54.541163126472384 7.8279188078595334 2.2072433952707797 8.6420228690840286 226.24238330253866 138.8993175845826 63.215422111097723 10.399123111972584 116.80658880947158 86.214201749069616 370.59481306560338
leaf_count=143828 10314 32932 106842 16626 4332 373 740 49 58945 1692 6048 107 128 42980 7684 7027 545 93 129 2498 235 52 157 2554 3246 1207 391 3079 2276 9869
internal_value=-0.000168078 0.00136266 -0.0220401 0.000270009 0.00877744 -0.00521064 0.0185059 0.0143805 -0.00133651 -0.0081473 0.0340476 -0.0790892 -0.0149 -0.0257379 -0.0082424 -8.59476e-05 0.0271684 0.0826553 0.130822 0.00703016 0.0793664 0.216733 -0.0106162 0.00605614 0.00103592 0.000176751 0.00865114 0.0286718 0.00370816 0.00841926
internal_weight=5853.67 5471.67 382.004 5171.14 820.687 336.835 483.852 438.546 4350.45 1123.29 129.499 3.57031 768.414 291.314 477.1 313.527 86.9372 22.3239 13.0469 64.6134 10.0722 5.59216 226.589 309.047 3227.17 3088.27 647.23 127.206 520.024 433.81
internal_count=466978 216308 250670 183376 24517 10687 13830 9498 158859 79846 6204 156 63220 44672 18548 10864 3680 819 726 2861 363 181 7184 3294 79013 75767 16822 3470 13352 11076
is_linear=0
shrinkage=0.05


Tree=116
num_leaves=31
num_cat=0
split_feature=0 0 8 15 4 9 5 3 5 10 20 23 6 18 6 20 8 23 16 9 10 9 18 8 4 18 23 20 8 4
split_gain=56.7887 43.0084 39.9042 64.6936 60.6529 58.8233 36.1469 41.456 35.5662 39.7964 34.255 64.3134 34.9908 31.955 30.9848 40.8822 75.0111 36.653 36.147 34.7383 30.8482 37.118 62.1125 31.8374 31.6641 35.2549 29.9629 31.7828 37.5096 97.5011
threshold=0.32447497771569461 0.00018144969510288373 30.500000000000004 0.59418211356856954 4.5000000000000009 0.17161244153976443 0.29782957488807482 2.5000000000000004 0.089330632595889456 14.500980377197267 0.081121021307066957 2.2500000000000004 2.5000000000000004 0.80612948536872875 3.5000000000000004 0.49818355910221485 18.500000000000004 2.7500000000000004 0.98043704519610209 0.067402116954326644 5.4309871196746835 0.041662629693746574 0.29712310433387762 31.500000000000004 6.5000000000000009 1.1378124356269839 2.2500000000000004 0.6622948989861035 19.500000000000004 7.5000000000000009
decision_type=2 2 2 10 2 10 2 2 2 10 8 10 2 10 2 10 2 10 8 8 10 10 8 2 2 10 10 10 2 2
left_child=1 -1 10 4 5 6 7 -4 9 13 11 12 -3 -6 15 16 17 -2 -16 -18 23 22 -22 -20 25 -25 -12 28 29 -28
right_child=14 2 3 -5 8 -7 -8 -9 -10 -11 26 -13 -14 -15 18 -17 19 -19 20 -21 21 -23 -24 24 -26 -27 27 -29 -30 -31
leaf_value=-0.041336398670328109 -0.0077454785556505014 0.0025729063471055438 0.14832150219711945 0.062305091767947511 0.0028189393516071908 -0.011564246737912981 -0.021087568700262155 0.022854427850178154 -0.010093903900698017 0.25253877391551621 -0.0069801537068119399 -0.038302752234572156 -0.020803345618059747 0.060493758357641064 -0.009892538352036441 0.0246769554115727 0.02976190377281155 -0.09842043324899441 0.0056140564661412776 0.004055757976726743 -0.16535291103425986 0.016723642300150908 0.024324655793039482 -0.028102977150901237 0.0015360739178212584 -0.12443046715264859 0.009605274987300693 0.051734293293076862 -0.0062684952709569823 0.15976155987059215
leaf_weight=78.877589181996882 433.46708371583372 383.99474090605509 20.740412397775803 47.123070467845537 106.54628952092025 24.020041132345796 6.0205638601910314 10.037737378384916 428.21593980916077 0.80581554200034489 833.33264915680047 221.0636754258303 273.29772230284289 30.045868289656937 580.05829716334119 363.78916268609464 280.82698887540027 10.451319450046865 404.32772443583235 246.94289095094427 6.5735937505960491 507.72590127028525 9.5296844583936018 86.166465411428362 93.867633020505309 9.8669413896277529 66.924160827882588 40.545045374892652 207.46346310339868 11.929148203809744
leaf_count=60383 8006 51063 445 1306 11807 1926 289 1071 56906 100 37758 69639 69337 3223 6838 24816 9862 162 9069 4952 79 12962 125 1350 2230 131 4731 386 15465 727
internal_value=-2.71266e-05 -0.00517334 -0.00410674 0.00643769 0.00214249 0.0491671 0.0880661 0.10941 -0.00299177 0.0190558 -0.00759217 -0.0150353 -0.00716362 0.015853 0.00470767 0.0104027 0.00503872 -0.0100967 0.000225331 0.0177644 0.00547872 0.0143124 -0.0582453 -0.00231938 -0.0191518 -0.0391805 -0.00194903 0.0108599 0.00491186 0.0340376
internal_weight=5824.58 2790.98 2712.11 673.556 626.433 60.8188 36.7987 30.7781 565.614 137.398 2038.55 878.356 657.292 136.592 3033.59 1335.48 971.688 443.918 1698.12 527.77 1118.06 523.829 16.1033 594.229 189.901 96.0334 1160.19 326.862 286.317 78.8533
internal_count=467144 386562 326179 77073 75767 3731 1805 1516 72036 15130 249106 190039 120400 15030 80582 47798 22982 8168 32784 14814 25946 13166 204 12780 3711 1481 59067 21309 20923 5458
is_linear=0
shrinkage=0.05


Tree=117
num_leaves=31
num_cat=0
split_feature=15 3 7 9 24 8 4 20 9 8 4 10 20 21 4 5 18 20 7 4 7 8 9 5 9 7 8 10 5 16
split_gain=47.6732 44.3178 45.1145 40.3582 32.278 32.725 147.111 36.3419 34.006 29.8515 57.6391 68.7957 48.9547 29.557 29.6892 39.2705 30.0465 28.9299 27.2471 27.21 26.0106 29.1437 33.3922 43.6883 28.1147 25.4418 24.2977 25.9112 24.2211 23.1921
threshold=0.091970050091574954 2.5000000000000004 0.98798275985224082 0.3027008324861527 1.5000000000000002 13.500000000000002 6.5000000000000009 0.97982609099893325 0.37445358932018286 32.500000000000007 6.5000000000000009 2.4677785634994511 0.051824085026108462 0.99168623923278543 3.5000000000000004 0.29782957488807482 0.043662877753376968 0.0011651202429834055 0.99697145324910552 2.5000000000000004 0.99154374439364601 15.500000000000002 0.3027008324861527 0.068512043983022755 0.08014842122793199 0.99877185628415188 39.500000000000007 1.8153499960899355 0.2495693133528723 0.99146482598755703
decision_type=8 2 8 10 8 2 2 10 10 2 2 8 10 10 2 2 8 10 8 2 10 2 8 2 10 10 2 10 2 10
left_child=1 3 26 -1 5 6 8 17 -4 -7 11 -11 -13 20 -15 -16 -17 -8 -10 -5 -2 -22 23 -23 25 -25 -3 -28 -6 -18
right_child=13 2 4 19 28 9 7 -9 18 10 -12 12 -14 14 15 16 29 -19 -20 -21 21 22 -24 24 -26 -27 27 -29 -30 -31
leaf_value=0.006695961868445531 0.0046257598765450129 -0.0066041562885762878 -0.047124295852356862 0.11538815532660383 -0.036003819708469956 -0.025852170705940782 0.72625166096919169 0.043485678890420314 0.31228276424759738 -0.0047647258220477806 -0.045861774348240791 0.00925830310430323 0.52345542841149639 0.039661090145057303 0.01290694754370697 -0.054354033362470688 -0.027073962993710662 -0.0059832212400361719 -0.023267303780653139 -0.024593284692449896 -0.019637611963319701 0.045910421801850045 0.0061904854729821794 -0.0074808846164222511 -0.022660333284121485 0.031850491503077102 -0.017225418209717659 0.064020825318379701 -0.00056765589678921182 0.02547570140714563
leaf_weight=577.6922370827524 1883.7897608300555 181.78792757814517 6.9617325887083972 2.5743558353860854 345.66214093344752 39.937081976328045 0.15935322758741755 0.50394275248982012 0.37885511404601824 2.1230946888681497 4.3253416806692258 0.68024316895753123 0.74244556436315179 80.863620027084835 632.29531988454983 37.951364018954337 41.307433061418124 0.13430864823749289 0.85091577877756219 157.06181113130879 250.23018403764581 33.304002229357138 740.19132915016962 287.50189167680219 316.49519561190391 46.952562543156091 14.667759128962642 26.638964685262181 56.050592503102962 40.683195524499752
leaf_count=34011 60794 38778 2738 213 140131 15719 80 26 86 491 1587 278 105 4561 33077 1175 938 54 632 14138 20542 2200 32480 17053 18624 3261 2516 2587 15988 1396
internal_value=7.73079e-06 -0.00795663 -0.0171372 0.000541873 -0.0260939 0.00905158 0.0913927 0.500997 0.00134209 -0.00798583 0.0753612 0.200794 0.382901 0.00258227 0.0110538 0.00793007 -0.0181962 0.645606 0.173797 -0.0216316 0.000596378 -0.0039362 -0.00116612 -0.00912155 -0.0120032 -0.00188084 0.00130492 0.0354456 -0.0310731 -0.00100639
internal_weight=5810.5 1418.93 681.605 737.328 458.51 56.7973 8.98911 0.797605 8.1915 47.8082 7.87113 3.54578 1.42269 4391.57 833.101 752.237 119.942 0.293662 1.22977 159.636 3558.46 1674.68 1424.44 684.254 650.95 334.454 223.095 41.3067 401.713 81.9906
internal_count=466259 270158 221796 48362 177915 21796 3616 160 3456 18180 2461 874 383 196101 41147 36586 3509 134 718 14351 154954 94160 73618 41138 38938 20314 43881 5103 156119 2334
is_linear=0
shrinkage=0.05


Tree=118
num_leaves=31
num_cat=0
split_feature=2 6 4 21 7 1 18 21 9 4 10 7 4 8 23 1 8 5 18 8 10 8 18 23 7 9 8 21 4 4
split_gain=61.6227 42.7975 46.7861 46.5799 38.4829 36.1331 34.4975 28.828 34.5015 74.4695 120.441 122.419 175.267 122.137 35.5748 52.953 45.5807 27.8371 30.8484 26.598 26.4365 55.8677 68.7622 34.0007 24.6403 36.7011 24.3406 67.4536 30.3607 23.0177
threshold=-0.80218579397744894 1.5000000000000002 7.5000000000000009 0.0097597407805214819 0.99528813893036105 5.4763034662352661 0.014601119793951513 0.98783134217393143 0.091589167714118971 5.5000000000000009 6.0068492889404306 0.99739692225671794 4.5000000000000009 16.500000000000004 0.75000000000000011 -7.6454553034806079 30.500000000000004 0.1854130844331188 1.0993242859840395 9.5000000000000018 12.003460407257082 31.500000000000004 0.42441128194332128 2.2500000000000004 0.99900631775854398 0.077160850167274489 13.500000000000002 0.00015428005867011179 6.5000000000000009 5.5000000000000009
decision_type=2 2 2 10 8 2 8 8 10 2 10 10 2 2 10 2 2 2 10 2 8 2 8 10 10 10 2 10 2 2
left_child=1 2 -1 -4 19 24 -6 8 9 10 14 -12 -13 -14 15 -3 -16 -9 -19 -5 26 -22 23 -23 -2 -26 27 28 -11 -7
right_child=5 7 3 4 6 29 -8 17 -10 20 11 12 13 -15 16 -17 -18 18 -20 -21 21 22 -24 -25 25 -27 -28 -29 -30 -31
leaf_value=-0.0076357197697271943 0.0020582337851867863 0.4395732940484533 -0.025584532856557915 0.11709259288113012 0.40088781729604622 0.0043464341140298322 0.021272228405247656 -0.021380716311746054 -0.035771719757687913 -0.012193098934629337 0.0011184759191191268 -0.022593147304307445 1.0791903835760202 -0.011526261114854594 -0.033234267491139335 -0.0092468736423555447 0.08695448829368338 0.0090545875293347872 0.10725778831043785 0.012931299321736079 -0.0069945721851743517 -0.012413584525389739 -0.00070752335771591911 0.51159989148048213 0.015378655464039473 -0.019761703738050446 -0.028673920821186458 -0.015635686040983813 0.50542452145197747 0.036816729707400984
leaf_weight=69.876415519218426 4349.128632530279 0.22549158066976804 10.62189101584954 13.272307229461154 0.87628837930969772 102.52978547662497 1.0529732530703768 82.073701504734345 266.83010107994778 0.32181199302431096 1.8342240451602259 0.80648420855868586 0.23979334154864773 0.29730319313239306 21.947646110435016 1.3309390306239937 11.031595384993123 91.361600213451311 7.7937800292856982 11.226655674865468 15.72058925376041 0.32623729563783799 2.0170984858414158 0.60220377548830584 98.283209761895705 295.86019651882816 210.07204731501406 4.5530734388157725 0.080186937702819705 116.44305958878249
leaf_count=20597 100049 144 3489 232 71 9693 179 24232 128990 280 736 361 139 137 10854 309 1210 15054 294 2363 5012 90 469 178 2665 6760 113417 2830 23 15882
internal_value=-0.000214529 -0.0128474 0.0165539 0.0611772 0.0957095 0.00189147 0.27169 -0.0172339 -0.0230322 -0.0104221 0.0538848 0.307668 0.547114 0.860727 0.0225321 0.20229 0.00834489 1.82317e-05 0.0177674 0.0717397 -0.0209853 0.0347875 0.203037 0.416515 0.000972533 -0.0109824 -0.0259655 0.074392 0.377915 0.021702
internal_weight=5788.64 826.392 106.927 37.0501 26.4282 4962.24 1.92926 719.466 538.237 271.407 37.7135 3.1778 1.34358 0.537097 34.5357 1.55643 32.9792 181.229 99.1554 24.499 233.693 18.6661 2.94554 0.928441 4743.27 394.143 215.027 4.95507 0.401999 218.973
internal_count=466739 331690 26931 6334 2845 135049 250 304759 265179 136189 13890 1373 637 276 12517 453 12064 39580 15348 2595 122299 5749 737 268 109474 9425 116550 3133 303 25575
is_linear=0
shrinkage=0.05


Tree=119
num_leaves=31
num_cat=0
split_feature=2 15 6 4 12 21 20 12 0 15 4 20 7 20 21 10 18 4 1 7 18 10 23 21 9 21 23 4 9 10
split_gain=52.2052 38.3022 27.7607 36.4558 39.8401 38.7281 27.6789 34.3632 75.6195 66.9789 36.4173 30.3565 27.9445 26.0698 39.3313 26.043 29.7959 25.5241 24.816 24.1591 27.9214 52.7341 31.1728 23.6041 29.835 48.0387 43.6024 93.1613 38.9645 50.3134
threshold=-0.99240885292987324 0.76633613242035958 3.5000000000000004 5.5000000000000009 0.024984392337501053 0.02775470223259301 0.00019855741499147467 0.011622491758316757 0.0058979138780527159 0.00089585913451085432 6.5000000000000009 0.39961090247063058 0.96908429053957879 0.99283477112007079 0.99705438401154389 0.87221685051918041 0.15772206336259845 2.5000000000000004 2.406819681551482 0.99955583662882519 1.0000084042549136 7.0018975734710702 2.2500000000000004 0.91291828426540478 0.058089312165975578 0.99405415712682887 2.2500000000000004 6.5000000000000009 0.31570930778980261 3.2277503013610844
decision_type=2 10 2 2 8 10 8 10 2 10 2 8 8 10 10 10 10 2 2 10 10 8 10 8 10 8 10 2 10 10
left_child=23 2 6 13 -5 -6 7 8 9 -2 -11 12 15 14 -4 17 -17 -8 -16 20 -3 22 -22 -1 -25 26 -26 28 29 -28
right_child=1 19 3 4 5 -7 11 -9 -10 10 -12 -13 -14 -15 18 16 -18 -19 -20 -21 21 -23 -24 24 25 -27 27 -29 -30 -31
leaf_value=-0.036156034239160736 -0.021825216858702381 0.016820307869855954 0.0018613472490551467 -0.018683513032454201 -0.022972884806986026 0.0031779824192033328 0.12187204535620862 -0.0058408586647894188 0.046361964285064033 -0.0098758079773096884 0.61039739703099316 0.0098006770069116352 -0.0066959893057586791 -0.040761235770761524 0.052063721102783678 0.011778655899258389 0.063736415239564428 -0.00083148374567452413 -0.024259536192603917 -0.021886567533215617 -0.0054140963383017575 0.039119912952431585 -0.084377663136709372 -0.043701138431930978 -0.0032581600352633955 -0.0094416524488335693 0.052609956706138598 -0.036457506639418651 0.065784158471745374 0.55863508418774932
leaf_weight=141.09780646656873 0.77259200921980553 649.77327142009744 706.05831972655142 651.53848992852727 177.89422082336387 677.88393372483552 3.2868264727294436 28.596547357738018 34.061040206346661 0.24568535445723683 0.43838077213149518 815.3007070182357 1065.484761343745 30.619223887100816 63.305253952159546 104.33481921325438 36.833272493327968 372.47187964274781 12.148179948329924 50.954954536340665 24.761488568969071 27.989040882792324 24.542920158710331 22.430038248188794 5.060394940315744 27.118883432005532 0.92431405559182245 2.6636831493815407 1.5418663388118146 1.2153126993216572
leaf_count=127339 643 29773 23330 47002 23173 23894 38 3895 1332 197 260 29968 96569 863 1003 5072 2182 17961 586 2307 733 897 517 12902 2100 10036 275 1406 243 271
internal_value=-8.86756e-05 0.000820717 -0.000854192 -0.00477826 -0.00937731 -0.00227858 0.00284337 0.0350096 0.067159 0.336634 0.514043 0.00196901 -0.00206971 0.00375861 0.00555274 0.00746045 0.0256883 0.000562452 0.0396189 0.0111016 0.0134404 -0.0148247 -0.0456168 -0.0249907 0.00102142 0.027507 0.109039 0.186849 0.321693 0.426417
internal_weight=5761.35 5559.3 4781.27 2319.45 1507.32 855.778 2461.83 64.1142 35.5177 1.45666 0.684066 2397.71 1582.41 812.131 781.512 516.927 141.168 375.759 75.4534 778.022 727.067 77.2934 49.3044 202.052 60.9545 38.5245 11.4056 6.34518 3.68149 2.13963
internal_count=466767 312195 277968 119851 94069 47067 158117 6327 2432 1100 457 151790 121822 25782 24919 25253 7254 17999 1589 34227 31920 2147 1250 154572 27233 14331 4295 2195 789 546
is_linear=0
shrinkage=0.05


Tree=120
num_leaves=31
num_cat=0
split_feature=0 0 12 6 5 9 5 18 9 20 10 18 18 4 23 20 4 5 10 2 12 4 21 12 6 20 5 20 22 21
split_gain=47.8326 30.255 36.1209 31.3147 47.3876 28.6678 46.43 55.7382 54.6391 59.1559 42.0771 68.5644 41.4261 31.5946 29.9167 36.6771 24.8083 32.7225 53.4204 40.6052 98.683 60.5097 110.402 69.37 56.3038 50.2291 46.2715 46.9878 34.5317 31.7299
threshold=0.00018144969510288373 0.84526821401807606 0.12738125771284106 1.0000000180025095e-35 0.13354125805832998 0.18215534090995791 0.29061795149193465 0.044507618993520744 0.3027008324861527 0.31166290470802754 11.002777576446535 0.095458187162876143 1.0993242859840395 3.5000000000000004 2.7500000000000004 0.64990926858200992 5.5000000000000009 0.33151979887485311 1.3230550289154055 -0.9874257634053385 0.027146821841597561 4.5000000000000009 0.046304063227846089 0.011125092394649984 4.5000000000000009 0.17196969134905246 0.13698053508779232 0.00047191134891476583 0.55000000000000016 0.99785441271234443
decision_type=2 2 10 2 2 8 2 8 10 10 10 8 10 2 10 8 2 2 10 2 10 2 10 10 2 10 2 8 10 8
left_child=-1 16 3 -3 -5 10 -7 8 -8 -10 12 -12 -6 -11 -9 -16 17 18 -2 20 21 25 23 -23 26 -20 -25 -28 -22 -19
right_child=1 2 -4 4 5 6 7 14 9 13 11 -13 -14 -15 15 -17 -18 29 19 -21 28 22 -24 24 -26 -27 27 -29 -30 -31
leaf_value=-0.040950462921175552 -0.0085433042224957994 -0.03974168238811629 0.041040831875696647 0.022476863788537037 -0.0039166075278074001 0.019149486301485389 0.040358140097873231 0.020101284556921829 0.046312205919135326 -0.038401513156462001 -0.2121203381004699 0.013088002056796007 -0.099571941835446556 -0.18698412541155723 -0.1236304220281504 0.035656201234158934 -0.0039153300260480221 -0.01445857202147832 -0.040435510231514357 0.01445022343550789 -0.043296376338293953 0.070324673516761665 -0.012559668934263309 -0.0075647353073607405 -0.010569807176363018 0.18252872156698918 -0.0066011544923084576 0.86814864510497169 0.10529429021371822 0.0244853684967191
leaf_weight=70.077945806435309 288.30834644217975 36.519934421405196 73.979288602247834 329.4276416208595 322.63551772153005 289.82702523376793 7.2944341800175634 58.362278400920331 4.3796415831893709 5.5630711819976595 5.6203921623527977 6.6815678463317463 10.735074289608745 13.513811770826576 7.8796480838209364 5.4853853657841691 3198.44669793098 318.241591589991 4.1645050939405355 609.68288877065061 13.715608506114224 1.0770669148769223 1.6646727626211939 0.17798531980952226 0.26765751617494959 4.4304669095436111 0.15190266666468233 0.74245501356199384 4.3260859213769427 61.613038525334559
leaf_count=60136 13019 677 6834 24249 14283 15834 439 2388 137 253 122 174 162 273 105 327 273445 13599 3103 21406 10399 926 827 150 253 554 153 437 446 1773
internal_value=-0.000187415 0.000322185 0.00745367 0.00516773 0.00674001 -0.000305717 0.00893429 -0.019862 -0.0750211 -0.111085 -0.0107878 -0.0980144 -0.00728544 -0.147726 0.00449223 -0.0603236 -0.00154286 0.00425457 0.00930862 0.0173463 0.0725591 0.173856 0.313947 0.476685 0.633673 0.0815413 0.721982 0.794521 -0.00400837 -0.0080941
internal_weight=5754.99 5684.92 1177.9 1103.93 1067.41 737.978 392.305 102.478 30.751 23.4565 345.673 12.302 333.371 19.0769 71.7273 13.365 4507.01 1308.56 928.71 640.401 30.7184 12.6767 4.08174 2.41707 1.34 8.59497 1.07234 0.894358 18.0417 379.855
internal_count=466883 406747 66257 59423 58746 34497 19756 3922 1102 663 14741 296 14445 526 2820 432 340490 67045 51673 38654 17248 6403 2746 1919 993 3657 740 590 10845 15372
is_linear=0
shrinkage=0.05


Tree=121
num_leaves=31
num_cat=0
split_feature=1 1 8 7 4 9 8 9 8 4 20 8 20 1 7 23 20 9 15 9 4 21 6 10 8 1 7 6 8 9
split_gain=51.766 33.0772 25.7231 33.4532 24.4767 42.8916 37.3312 30.8786 34.4959 54.152 26.4445 24.0755 22.3172 21.515 19.5156 19.3773 18.6512 27.8296 25.1284 25.532 26.1283 24.5962 23.5467 23.3776 22.4534 21.6765 23.0319 20.9379 25.5418 17.317
threshold=-6.6600237108603793 5.4763034662352661 40.500000000000007 0.98486215080747797 5.5000000000000009 0.49419213831424719 12.500000000000002 0.097779944539070143 16.500000000000004 4.5000000000000009 0.99101311106043177 19.500000000000004 0.04023514231505073 -7.4544159338697167 0.99936819022589762 2.7500000000000004 0.00090471628633296728 0.26009178161621099 0.091970050091574954 0.3027008324861527 2.5000000000000004 0.99687427327804334 3.5000000000000004 21.016340255737308 7.5000000000000009 4.4444236223739759 0.99924230359732891 6.5000000000000009 5.5000000000000009 0.19348897784948352
decision_type=2 2 2 10 2 10 2 8 2 2 10 2 8 2 10 10 8 10 8 10 2 8 2 10 2 2 8 2 2 8
left_child=2 16 12 13 6 -6 -3 8 9 10 -8 -7 -1 -4 -9 -10 17 22 19 21 -21 -18 23 -2 -23 26 -26 28 -19 -20
right_child=1 4 3 -5 5 11 7 14 15 -11 -12 -13 -14 -15 -16 -17 18 27 29 20 -22 24 -24 -25 25 -27 -28 -29 -30 -31
leaf_value=-0.039632955606801766 0.021737174706027044 0.042390130464339391 0.10375388990674922 -0.045506175022014948 0.041572501965796628 0.026917823076658128 0.035236717719121229 0.032174203182806858 0.032280033312942859 -0.23047002294438987 -0.14331084732137586 -0.23486494537424504 -0.0084451961866911351 -0.013430436748843902 -0.040703627747691748 -0.092355244353938756 -0.0076261476147572787 0.098840778035969565 -0.0031102053035831629 0.12137873771153201 -0.026341602423274265 0.14864099004858897 -0.0083340952010822478 0.15435910491475963 0.0034938132935878117 -0.079086228251843846 0.052601391384725187 0.025504621800722826 -0.042955757564662772 0.0037234852684408272
leaf_weight=142.43644505355041 251.45491609477904 36.004585170187056 11.038991252891721 9.9489499549381417 106.71618006564677 1.1307323127984994 5.4565015672706085 26.224313252605498 9.8055125097744149 4.988279259763658 2.0940994746051729 1.2694188556633887 96.692545214435086 5.4960450498620075 12.889296211302279 3.3855745540931812 724.49129845120478 2.4567889220197676 1586.079414468375 2.0679206532659 192.55309253337327 2.1411760859191409 74.117976061883382 2.3995277245994648 83.269853062578477 5.1149898231960824 32.565591066377237 19.309249890851788 49.125429819396231 2228.2145530583803
leaf_count=143943 16320 4524 1002 7685 15690 110 381 2855 796 199 144 58 48897 672 749 95 72938 25 53151 74 17018 62 6388 92 4591 338 816 1132 6795 59304
internal_value=-0.000414393 0.000634972 -0.0219278 0.0241451 0.0200476 0.0363468 0.00222827 -0.0203768 -0.061813 -0.117885 -0.0252511 -0.139892 -0.0271098 0.0662586 0.00774241 -0.00396224 -0.000144275 0.0102356 -0.000998704 -0.00787526 -0.0241596 -0.00411202 0.0163733 0.0235915 0.0164662 0.0129266 0.0176318 -0.0179927 -0.0344509 0.000881794
internal_weight=5730.94 5465.33 265.613 26.484 209.964 109.116 100.848 64.8436 25.73 12.5389 7.5506 2.40015 239.129 16.535 39.1136 13.1911 5255.36 398.864 4856.5 1042.2 194.621 847.583 327.972 253.854 123.092 120.95 115.835 70.8915 51.5822 3814.29
internal_count=466844 264645 202199 9359 25601 15858 9743 5219 1615 724 525 168 192840 1674 3604 891 239044 30752 208292 95837 17092 78745 22800 16412 5807 5745 5407 7952 6820 112455
is_linear=0
shrinkage=0.05


Tree=122
num_leaves=31
num_cat=0
split_feature=2 0 6 10 16 4 5 18 4 15 5 10 20 9 10 16 6 6 4 12 12 22 10 4 10 21 18 0 4 18
split_gain=47.9947 29.5918 25.7183 54.2767 25.069 36.466 23.0661 22.4995 37.247 33.9154 21.8893 35.753 31.2216 30.9268 58.8533 50.886 39.1147 63.3962 25.2882 57.1982 35.6228 32.0707 26.3172 24.0918 34.1899 28.6973 32.4177 21.4152 20.7773 19.9028
threshold=-0.65672081488399614 0.00017587847631490305 1.5000000000000002 0.15168943256139758 0.99933688000184417 7.5000000000000009 0.12426134092838344 0.30540159344673162 6.5000000000000009 0.032581441486393227 0.080648115136314188 14.7514705657959 0.059655159962772784 0.086377259343862547 8.0009980201721209 0.075237440917853018 3.5000000000000004 2.5000000000000004 4.5000000000000009 0.017804691568017009 0.078495562076568617 0.36666666666666675 2.4291398525238042 6.5000000000000009 12.684000492095949 0.99542100394509503 0.23200145363807681 0.99880788517528318 2.5000000000000004 0.017169395461678508
decision_type=2 2 2 10 10 2 2 10 2 10 2 10 8 10 10 10 2 2 2 8 8 10 10 2 8 8 8 2 2 10
left_child=1 -1 3 28 10 -6 -7 8 -5 -9 11 -4 13 14 -12 -16 17 -17 19 21 -20 22 -14 -22 25 26 -25 -2 -3 -10
right_child=27 2 4 7 5 6 -8 9 29 -11 12 -13 18 -15 15 16 -18 -19 20 -21 23 -23 -24 24 -26 -27 -28 -29 -30 -31
leaf_value=-0.042361552607137837 0.0018541181141094099 0.092674824172358283 0.011316279365350013 -0.012623529406770601 -0.0066492188971956998 -0.0336996359428079 0.15232163420855824 0.01067818069702374 0.094088433407757757 0.19859043329177506 -0.017224028393158394 0.26545952522775285 0.0183107040667401 -0.041092138768013001 -0.0091422005355045449 0.038788950954464413 0.012118473278048766 0.54418752472452547 -0.019446757695859948 -0.012598735174118395 0.0055012174200532839 0.014085373225670101 0.14071319336878971 0.019995969663147456 -0.024170615229875955 -0.033991282408160219 0.26208501469194179 0.031580904427904122 -0.018211545784805581 -0.012283117225683017
leaf_weight=63.733692159410566 4634.5590864086989 3.457790379296056 53.664814412710257 22.785530200577341 16.848210074356757 1.7134546936140411 6.8201560331508517 4.3747717990772781 21.202849022985905 4.6670620490331203 148.28506942058448 0.42505463532870535 6.6897064278600764 168.33139513444621 3.8671244641300282 1.2480439975624906 1.4033508934662675 0.68240522861015041 276.83963477797806 68.978621793794446 32.349015901563689 19.195597453741357 13.948107306146992 2.197928216424768 4.2036532055353755 1.4848493647295979 3.7602751482045278 60.393331094644964 84.881524770054966 5.2168318183976217
leaf_count=58552 110756 93 14962 5256 6111 571 846 1055 1490 90 81354 61 871 93889 1704 662 547 231 48445 6642 4640 829 1059 165 635 188 237 7554 17250 948
internal_value=8.71867e-05 -0.00960813 -0.00743596 0.011819 -0.0108347 0.037187 0.115354 0.0488671 0.0341082 0.117789 -0.0123882 0.0180958 -0.0145976 -0.0262982 -0.0101218 0.120398 0.238098 0.342181 -0.00573856 0.0149985 -0.0127963 0.0619263 0.103717 0.028553 0.0870823 0.145336 0.188489 0.00224315 -0.0128825 0.0734024
internal_weight=5738.21 1043.26 979.523 146.586 832.936 25.3818 8.53361 58.247 49.2052 9.04183 807.555 54.0899 753.465 323.817 155.486 7.20092 3.3338 1.93045 429.647 108.812 320.835 39.8334 20.6378 43.9957 11.6467 7.44305 5.9582 4694.95 88.3393 26.4197
internal_count=467693 349383 290831 26182 264649 7528 1417 8839 7694 1145 257121 15023 242098 178387 84498 3144 1440 893 63711 9401 54310 2759 1930 5865 1225 590 402 118310 17343 2438
is_linear=0
shrinkage=0.05


Tree=123
num_leaves=31
num_cat=0
split_feature=0 0 7 2 6 7 4 6 9 8 8 1 15 20 13 8 20 9 16 8 7 7 16 2 2 21 0 6 15 18
split_gain=41.7818 37.3064 19.168 28.8714 30.5009 44.7006 23.3086 29.4839 37.9625 36.8877 26.7004 24.801 23.6322 22.8068 25.7666 33.0027 38.5836 22.0138 47.7242 38.2936 26.817 24.1938 33.5986 27.2404 31.3187 22.6771 21.9605 39.9153 21.7275 31.2632
threshold=0.00018144969510288373 0.99662449998938707 0.99755227611978814 -0.62610244540322302 1.5000000000000002 0.32222332311779434 5.5000000000000009 3.5000000000000004 0.20691268146038058 21.500000000000004 13.500000000000002 2.406819681551482 0.0080826091682357683 0.82810488894695022 61.500000000000007 44.500000000000007 0.002037293193345864 0.016645387746393684 0.93312954871886233 31.500000000000004 0.99393674988099689 0.98167188174345887 0.0032590810178142718 -0.97326788545862863 -0.9072698398280733 0.0065707783476478985 0.99086541857174726 1.0000000180025095e-35 0.00037415010088501422 0.87204957008361828
decision_type=2 2 10 2 2 10 2 2 8 2 2 2 10 10 2 2 8 10 10 2 10 10 10 2 2 10 2 2 8 10
left_child=-1 2 3 4 5 -2 -5 10 9 12 26 -12 -9 14 -11 16 -16 18 21 -20 -21 22 -6 -24 -25 -19 -8 -28 29 -27
right_child=1 -3 -4 6 17 -7 7 8 -10 13 11 -13 -14 -15 15 -17 -18 25 19 20 -22 -23 23 24 -26 28 27 -29 -30 -31
leaf_value=-0.03994086927419379 -0.017509250517492629 0.023392566298750993 -0.0050868468497115025 0.01079335159758079 -0.0097291255423739287 0.037945539925297617 -0.0083474250361659022 -0.020186459421774491 0.0033630403749119724 -0.004553883565668322 0.0055399781215590815 0.025357892697352471 -0.068137260031389354 0.033019051452243209 0.031497738853782924 0.030848065406815658 -0.070101934940393365 -0.037157710302889925 0.041706058466394927 0.37433076528379078 -0.016031531863730325 -0.022722634466008997 -0.038058750161515546 0.24927975596871743 0.058879043749068098 -0.012530460827012405 -0.1736437580665339 0.017271071360063416 -0.01347135634017106 0.13789257678093145
leaf_weight=63.040189949620981 65.624077116255648 174.09986296761781 1404.433671070612 845.17852675903123 19.597907381365076 79.20248012727825 143.30584648880176 60.631905210902914 631.40033520187717 287.23793565161759 1047.9868191370042 185.09165039798245 45.255430666205939 30.309693957446143 10.742568113259038 13.931343203177674 51.817503424012102 107.79028897086391 4.9026501930202349 1.0000726661528458 0.46247784345177922 49.723974572843872 2.7412045809323891 2.6658830066444343 7.5370088204508638 7.9935070461942797 4.676090829074381 4.9716916307806969 349.61208385991631 4.8892119508818723
leaf_count=60163 13424 22098 134105 13888 3807 10578 2166 1016 10189 5862 15992 13401 761 810 310 420 1468 57226 1901 146 164 18180 1200 584 824 3088 91 481 71390 396
internal_value=0.000218675 0.000674164 -5.29685e-05 0.00168648 -0.00751609 0.01287 0.00361414 0.00120047 -0.00478659 -0.0150656 0.00608724 0.00853289 -0.041126 -0.00797624 -0.0114736 -0.037064 -0.0524346 -0.0128121 0.00995784 0.131893 0.294509 -0.0009474 0.0320105 0.0913717 0.126439 -0.0171154 -0.0135564 -0.0828793 -0.0110699 0.0503782
internal_weight=5707.85 5644.81 5470.71 4066.28 703.743 144.827 3362.54 2517.36 1131.33 499.926 1386.03 1233.08 105.887 394.039 363.729 76.4914 62.5601 558.916 88.6312 6.3652 1.46255 82.266 32.542 12.9441 10.2029 470.285 152.954 9.64778 362.495 12.8827
internal_count=466129 405966 383868 249763 182908 24002 66855 52967 20836 10647 32131 29393 1777 8870 8060 2198 1778 158906 26806 2211 310 24595 6415 2608 1408 132100 2738 572 74874 3484
is_linear=0
shrinkage=0.05


Tree=124
num_leaves=31
num_cat=0
split_feature=2 8 4 8 4 10 21 21 20 8 10 8 9 10 15 23 9 17 5 8 8 0 0 9 21 2 23 9 9 4
split_gain=44.4694 28.6601 71.6726 48.2232 48.1975 46.6838 66.2116 36.3097 50.284 49.6902 33.3308 32.1374 79.4454 36.0612 25.796 25.3621 24.8476 70.1723 36.6654 34.9979 56.7493 33.8831 39.9561 26.682 24.1362 35.5004 47.6508 60.6232 47.9667 24.1029
threshold=-0.57475045889178011 30.500000000000004 4.5000000000000009 19.500000000000004 6.5000000000000009 27.33415508270264 0.61695448872070502 0.00013958666888919899 0.01156002441324677 13.500000000000002 8.9191932678222674 17.500000000000004 0.25551950931549078 4.9983234405517587 0.023668343918482323 2.2500000000000004 0.1198585480451584 0.083389185369014754 0.27002122794283073 16.500000000000004 13.500000000000002 0.034036254644632953 0.00025988066557919954 0.028885942883789543 0.94982914958776699 -0.99523044806151995 2.2500000000000004 0.20691268146038058 0.31570930778980261 5.5000000000000009
decision_type=2 2 2 2 2 10 10 8 10 2 10 2 10 10 8 10 10 10 2 2 2 2 2 8 10 2 10 10 8 2
left_child=1 3 10 4 16 -4 15 9 -9 -6 -3 -10 -13 -14 -5 -7 17 29 19 20 -19 22 -22 -24 -16 26 -26 -28 -29 -1
right_child=-2 2 5 14 7 6 -8 8 11 -11 -12 12 13 -15 24 -17 -18 18 -20 -21 21 -23 23 -25 25 -27 27 28 -30 -31
leaf_value=0.01899899528554358 0.0020939005461689244 0.080793947459843349 -0.008444590734852514 -0.039980243547743904 0.45896047713942134 -0.01309490376474387 -0.037005584194113289 -0.027524278864786811 0.039295760845437469 -0.022641921563376712 -0.021273928928814245 0.033585724006298195 0.41764855961335545 -0.016513644347689212 -0.025238277600908132 0.41367270332779393 -0.022246810496961932 0.034613212991007475 -0.019477979862337236 0.012367108616661005 -0.017051650580341454 0.08567253771078448 -0.010905864050725574 0.46202046643699968 -0.033992228294846993 -0.0013507589785690119 -0.025556885249840594 0.57711286999918332 0.013286727571325136 -0.023490283835403556
leaf_weight=52.421433784184046 4517.9336899347836 37.582832054293249 279.79623516369611 173.75873047456844 0.17865033401176234 0.35154324740869858 1.9631249035010112 22.1812928263098 30.601418925973121 0.81964070920366794 9.6342837825068255 5.9560187862371077 1.7674020437989386 0.48892512882594008 188.49816045316402 0.93701696186326444 163.8428245188552 4.7912155006197299 5.5559825967065981 4.9630942398216567 0.51628612633794579 2.5953579000197351 0.27789093181490931 2.3111373113351874 2.1112965989159411 81.149549313937314 1.0404318168293687 0.43486863293219324 0.57727213006000977 88.184066941495985
leaf_count=14699 110492 2086 78768 94210 47 165 140 9647 3019 456 1599 1321 169 161 55407 208 49664 966 1485 1289 460 40 166 603 1199 5782 625 115 186 31530
internal_value=-0.000152655 -0.00885709 0.00360363 -0.0137839 -0.000860702 -0.00597529 0.158511 0.0391842 0.031754 0.250091 0.0599585 0.0654708 0.148153 0.34739 -0.0249444 0.342395 -0.0085851 0.00531644 0.0883444 0.125934 0.173905 0.268338 0.362949 0.422364 -0.0152921 0.00672163 0.13384 0.261055 0.421958 -0.00762686
internal_weight=5683.22 1165.29 330.265 835.023 387.453 283.048 3.25169 61.9933 60.9951 0.998291 47.2171 38.8138 8.21235 2.25633 447.57 1.28856 325.459 161.616 21.011 15.455 10.4919 5.70067 3.10531 2.58903 273.812 85.3134 4.16387 2.05257 1.01214 140.606
internal_count=466704 356212 82966 273246 115722 79281 513 14820 14317 503 3685 4670 1651 330 157524 373 100902 51238 5009 3524 2235 1269 1229 769 63314 7907 2125 926 301 46229
is_linear=0
shrinkage=0.05


Tree=125
num_leaves=31
num_cat=0
split_feature=1 21 7 20 20 23 10 1 23 5 9 6 10 15 22 9 9 8 1 20 8 20 9 20 5 15 20 8 9 20
split_gain=42.7144 31.1225 31.5573 32.1742 36.6105 28.0578 32.2855 30.8651 24.8821 24.0113 27.9761 23.2845 23.3648 23.1 23.0006 25.448 22.3507 45.7596 31.2439 48.6002 27.7248 21.9242 21.9153 30.1042 21.4961 21.1754 23.3104 72.944 20.5859 24.6717
threshold=-6.7323395927835614 0.99405415712682887 0.99154374439364601 0.00085444128423732676 0.62170365681614881 2.2500000000000004 2.9578522443771367 3.7319102804448829 1.2500000000000002 0.065810437728914803 0.45997335016727453 1.5000000000000002 14.7514705657959 0.014125085889437868 0.81666666666666676 0.14362360537052157 0.31125833094120031 17.500000000000004 -2.9629039908748225 0.016067514796512274 19.500000000000004 0.9979423139810194 0.023091089911758903 0.0035685808876936638 0.15831597305584616 0.17280107009424678 0.79538512674648632 25.500000000000004 0.25068610906600958 0.80553555848405667
decision_type=2 10 10 8 10 10 10 2 8 2 8 2 10 10 10 8 10 2 2 10 2 10 10 8 2 8 10 2 10 8
left_child=-1 2 3 13 8 6 -3 11 16 -4 22 -8 -13 -2 15 -7 20 18 19 -18 -5 -16 23 -11 -17 -26 -27 -28 29 -24
right_child=1 5 9 4 -6 14 7 -9 -10 10 -12 12 -14 -15 21 24 17 -19 -20 -21 -22 -23 28 -25 25 26 27 -29 -30 -31
leaf_value=-0.021052699063830723 0.0094884642728033774 0.021126466496840531 0.028739913412097001 -0.010118508754373272 0.017063995914516808 -0.0094774864883300225 -0.071298025479251737 0.021619719681820544 -0.0038178386815208572 0.02439938199989769 0.0073565330306814064 -0.0015587661744981742 -0.036822699431255421 0.047542717382106983 0.04310631464562717 0.055372840511572596 -0.025349352347398497 0.0028875687627432584 0.065636824412472247 0.36881535815419753 0.022690623611855157 -0.036472537380865963 -0.020079708099268186 -0.0086704311033437512 -0.029752480996824777 0.029370784074494491 0.040706421773165156 -0.31776764132677737 -0.0049914941141462115 0.0052862306909266642
leaf_weight=236.15443579450948 105.99706794280792 139.9808649715269 49.800858353555668 138.39639638067456 318.48595175647642 94.474964239285327 16.673370586941019 69.341108504682779 1570.3757041238714 111.86532723502023 329.84414678125177 164.85434441547841 64.742021644255146 63.58074392582057 114.71499322541058 38.284846104681492 1.0105510936118691 36.060711556754541 21.316403853241354 1.262251572916284 118.74806400440866 8.6098970714956504 673.11827876738971 175.4461492485716 22.928520713350736 87.243154121097177 4.0789753533899775 1.0368152312003074 777.41829008719651 111.32410039578099
leaf_count=196608 6131 6458 3679 4781 10096 4047 222 8757 65796 8455 12232 3799 1358 3359 7340 3286 286 758 345 127 4177 485 56423 10209 713 3366 479 95 39167 3917
internal_value=-0.000281513 0.00062538 -0.000979371 0.00302996 0.00141132 0.00955009 0.001226 -0.00763918 -0.00123792 -0.00525152 -0.00604122 -0.0159316 -0.0116191 0.0239514 0.0197312 0.0108807 0.0115227 0.0388324 0.0914289 0.239363 0.0050618 0.0373019 -0.00843371 0.00424534 0.0233849 0.0123775 0.0230431 -0.0720245 -0.0107673 -0.0164778
internal_weight=5667.17 5431.01 4604.05 2375.23 2205.66 826.964 455.592 315.611 1887.17 2228.82 2179.02 246.27 229.596 169.578 371.372 248.047 316.794 59.6499 23.5892 2.2728 257.144 123.325 1849.17 287.311 153.572 115.287 92.3589 5.11579 1561.86 784.442
internal_count=466951 270343 229938 95856 86366 40405 20594 14136 76270 134082 130403 5379 5157 9490 19811 11986 10474 1516 758 413 8958 7825 118171 18664 7939 4653 3940 574 99507 60340
is_linear=0
shrinkage=0.05


Tree=126
num_leaves=31
num_cat=0
split_feature=1 7 21 20 22 8 8 24 18 1 21 10 9 9 8 12 15 22 8 20 15 24 18 1 4 2 8 8 4 18
split_gain=43.4273 29.9051 38.2142 34.6146 54.0824 35.736 46.3123 49.6775 34.4986 44.4509 25.9113 25.0839 20.3217 33.8705 30.1307 41.635 28.2782 27.0506 19.9443 27.8458 26.644 32.1549 19.6482 28.697 19.166 41.9337 36.5918 34.2649 29.8877 27.573
threshold=-8.6143506385711657 0.99117628238009481 0.99168623923278543 0.99101311106043177 0.81666666666666676 14.500000000000002 16.500000000000004 2.5000000000000004 0.31545226275920873 2.6948395857853402 0.99106626018212884 2.7963616847991948 0.019483124837279323 0.27597160637378698 15.500000000000002 0.12392259389162065 0.091970050091574954 1.0000000180025095e-35 5.5000000000000009 0.019218717176002018 0.67200047928370632 1.5000000000000002 0.015801386907696727 -0.26516354677180948 5.5000000000000009 -0.99459544444745951 15.500000000000002 16.500000000000004 4.5000000000000009 1.1378124356269839
decision_type=2 10 8 10 10 2 2 10 10 2 10 8 10 10 2 10 8 10 2 10 8 10 10 2 2 2 2 2 2 10
left_child=-1 10 12 4 -4 22 7 -7 -8 -10 -2 -9 17 24 15 -15 -16 -3 -17 -20 21 -21 23 -5 25 26 -14 28 -28 -27
right_child=1 2 3 5 -6 6 8 11 9 -11 -12 -13 13 14 16 18 -18 -19 19 20 -22 -23 -24 -25 -26 29 27 -29 -30 -31
leaf_value=-0.042517886317960218 0.0038973858198214544 0.013068244513487998 0.002380432807002471 -0.048552831745300146 0.031518330024786996 -0.049707847782599596 0.0025221128225413783 -0.32998718760794932 -0.10676079371259212 0.038036469671824863 0.040501082302632344 -0.076457382461770584 -0.027445795974516227 -0.044191064518759426 -0.024756328182555316 0.11964560886754994 0.0043824460077094684 -0.023963116823796048 -0.043310230780585587 0.27954050080669807 0.010220914399604375 0.010812541790453071 0.04629524267653877 0.029870861959404246 -0.021460997429766385 -0.0055480198349855871 -0.013367659396094756 0.074599650842694959 0.45785785658472594 -0.099207640392089472
leaf_weight=58.461880613525864 2351.3388241394423 232.86554042249918 721.18101429566741 20.277204904006794 203.45164203643799 29.925740682403557 91.526580498670228 1.7455973364412773 16.618604022776712 6.9728125273250035 48.379495148546994 2.7844855678267777 3.4219000341254269 85.292260128073394 93.130123556707986 3.4847032073885194 720.26677535451017 61.524868716252968 13.992376780312044 1.4051420554751506 11.84577966213692 2.2291448417818174 29.284803252667189 24.845725836697966 563.93125667161075 225.96600005234359 0.3643572955043054 4.4934920248924755 0.47622485744068399 7.1494559799320987
leaf_count=60526 121796 27915 39431 436 9061 1459 4670 42 533 714 7554 123 3222 10044 25628 152 30779 3400 3991 68 435 200 2178 1866 93105 14212 363 2216 173 219
internal_value=-1.37938e-05 0.000439048 -0.0027401 0.00454684 0.00881892 -0.0130498 -0.0270762 -0.077071 -0.0115775 -0.0641573 0.0046519 -0.216157 -0.00685967 -0.00891745 -0.00241995 -0.0258915 0.00101989 0.00527411 0.0213739 0.00620962 0.0508824 0.152612 0.0151312 -0.00565954 -0.0164174 -0.00461803 0.0969778 0.168529 0.357312 -0.00883197
internal_weight=5638.63 5580.17 3180.45 1148.61 924.633 223.982 149.574 34.4558 115.118 23.5914 2399.72 4.53008 2031.84 1737.45 931.646 118.249 813.397 294.39 32.9571 29.4724 15.4801 3.63429 74.4077 45.1229 805.803 241.871 8.75597 5.33407 0.840582 233.115
internal_count=466511 405985 276635 60513 48492 12021 7541 1624 5917 1247 129350 165 216122 184807 71297 14890 56407 31315 4846 4694 703 268 4480 2302 113510 20405 5974 2752 536 14431
is_linear=0
shrinkage=0.05


Tree=127
num_leaves=31
num_cat=0
split_feature=0 0 20 20 8 10 18 5 6 12 17 8 8 8 5 13 23 10 13 20 20 9 6 18 20 8 12 0 10 6
split_gain=34.3745 29.1683 27.6619 22.3273 31.582 24.8787 21.4556 50.085 40.6983 49.6093 30.3915 21.2403 50.8904 55.3393 134.631 102.743 30.0429 46.7143 46.0216 27.0889 30.8234 22.8301 29.1383 41.1148 38.0912 39.5643 27.1742 31.733 35.0996 25.8671
threshold=0.00018144969510288373 0.4933457107451279 0.80553555848405667 0.0013006754443334299 14.500000000000002 11.002777576446535 0.080171711742877974 0.29782957488807482 4.5000000000000009 0.038462160155177123 0.17295406013727191 44.500000000000007 32.500000000000007 33.500000000000007 0.071121763255493825 29.500000000000004 2.7500000000000004 7.1866531372070321 20.500000000000004 0.72454845692073533 0.7709872405840843 0.22719970345497134 3.5000000000000004 0.50652155280113231 0.49818355910221485 18.500000000000004 0.02336131222546101 0.99481711588961985 4.2197647094726571 4.5000000000000009
decision_type=2 2 10 8 2 8 8 2 2 10 8 2 2 2 2 2 10 8 2 10 10 8 2 10 10 2 10 2 10 2
left_child=-1 -2 3 4 5 -3 7 -4 -9 -10 -8 12 21 14 15 -14 -15 18 -18 -16 -21 22 24 -24 25 26 -5 -28 -29 -25
right_child=1 2 6 11 -6 -7 10 8 9 -11 -12 -13 13 16 19 -17 17 -19 -20 20 -22 -23 23 29 -26 -27 27 28 -30 -31
leaf_value=-0.038614901386776333 -0.0024238077780488788 -0.0037490137570962579 0.021915092765613577 -0.0025639697039781732 0.025754216765078781 -0.1015714470538335 -0.067303446823940211 0.024246927947377147 -0.0029217828906371525 -0.13217860961732139 0.033190919720465027 0.027578207318083532 -0.04157996101065238 0.0031746404764148306 -0.0307737821122692 -0.59452371298337159 0.020028182458278018 0.022122858845401196 -0.1138953390358747 -0.013198345648487507 -0.28613821896862013 0.0092082678769734565 -0.0073538995623539955 -0.12614621371153331 0.039905108745713673 0.012891415486343316 -0.035726311174734848 -0.049251110733702488 -0.32614562130005592 -0.036854465185653426
leaf_weight=55.711953137884848 3364.9671757526812 42.122331988532096 113.03628805652261 71.951282151509076 193.06664039986208 6.7042590081691733 6.9357054284773758 15.554829425178466 13.543335708789529 15.552200329024343 182.76138148643076 68.032289457507432 1.6760679841972881 120.87169325817376 37.709194600582123 1.0931625040248034 8.3933295933529752 17.334369015414268 22.967962963040918 2.0149266878142948 1.3724620309658346 687.16734502231702 234.64417396532372 10.052916324697433 64.602144595701247 183.51158643700182 52.385014206636697 3.4836401618085793 1.1154445717111228 36.376394036691636
leaf_count=60273 330869 917 9425 1995 8175 129 177 1456 541 289 12373 1402 72 3234 787 101 188 451 564 120 77 16962 3840 221 4312 5927 737 239 38 522
internal_value=0.000115884 0.00050936 0.00496236 0.00254936 0.0166898 -0.0189497 0.0178978 0.00422329 -0.040064 -0.0741086 0.029183 0.000437767 -0.000763731 -0.0233862 -0.0727854 -0.359677 -0.0102552 -0.0429836 -0.0785416 -0.0453688 -0.163798 0.00284008 -0.00381304 -0.0159699 0.00526761 -0.00199857 -0.0231274 -0.0485998 -0.162664 -0.05844
internal_weight=5636.71 5581 2216.03 1868.65 241.893 48.8266 347.384 157.687 44.6504 29.0955 189.697 1626.76 1558.72 213.433 43.8658 2.76923 169.567 48.6957 31.3613 41.0966 3.38739 1345.29 658.123 281.073 377.049 312.447 128.935 56.9841 4.59908 46.4293
internal_count=466413 406140 75271 51010 9221 1046 24261 11711 2286 830 12550 41789 40387 5594 1157 173 4437 1203 752 984 197 34793 17831 4583 13248 8936 3009 1014 277 743
is_linear=0
shrinkage=0.05


Tree=128
num_leaves=31
num_cat=0
split_feature=1 15 5 10 6 20 1 5 6 8 8 8 12 8 4 9 12 21 8 23 10 19 5 20 5 22 9 10 1 12
split_gain=33.766 22.7962 25.5557 28.7453 28.6694 30.9289 28.9988 43.5104 46.239 28.3707 28.0232 31.8836 27.1844 26.9211 40.7972 39.9762 25.9991 37.1733 27.7464 30.8626 43.8654 25.5237 28.3569 22.8567 39.3938 43.3991 38.188 38.7502 32.4097 32.0374
threshold=-8.6455413829532723 0.69192599075605388 0.11949072949918471 4.9983234405517587 6.5000000000000009 0.39961090247063058 2.6948395857853402 0.16543550497810849 3.5000000000000004 17.500000000000004 31.500000000000004 43.000000000000007 0.0050654783844947824 39.500000000000007 6.5000000000000009 0.35237120091915136 0.014393433462828399 0.99957635564459413 25.500000000000004 2.7500000000000004 1.9841109514236452 6.5000000000000009 0.24624720923001714 0.17196969134905246 0.25401479141058431 0.22500000000000003 0.051984336227178581 0.99973362684249889 1.0135940002009232 0.0079103522002697008
decision_type=2 10 2 8 2 10 2 2 2 2 2 2 8 2 2 10 10 10 2 10 10 10 2 8 2 8 10 8 2 10
left_child=-1 23 -3 10 5 6 21 8 -8 -9 16 13 -7 14 -12 -15 -4 18 19 -18 -21 22 -5 26 25 -25 27 -2 29 -27
right_child=1 2 3 4 -6 12 7 9 -10 -11 11 -13 -14 15 -16 -17 17 -19 -20 20 -22 -23 -24 24 -26 28 -28 -29 -30 -31
leaf_value=-0.039681898615537094 -0.032823404209074043 0.029183066995686111 0.030858382052458107 -0.052821578166770272 0.032377346091818859 -0.10003298106672252 -0.0011920028199049817 -0.084782427048790548 -0.31628580897918901 0.039903493736382752 -0.046105119524086947 0.03254074009418001 0.020884149784550724 0.016938932405109391 0.035407634504344171 -0.15871199278203624 0.00055897029201555973 -0.09572909360790223 0.035458058111377928 -0.13143777239574048 -0.0095621411905269776 0.033113596180154116 0.020080675116233369 0.030435216098763131 -0.0070750283282290218 -0.013067924391929326 -0.011604119520453034 0.0048245567045336595 0.017189619526108563 0.0048216906140018893
leaf_weight=51.941007624438498 72.795300065772608 117.943949282635 65.017997731803916 32.419922188448254 136.89380222914042 3.8046981543302527 1.8683310695923894 8.8284489596262592 2.1235288996249437 7.679899741895496 61.31524990440812 18.600724907009862 164.5597292704042 4.5867671485757446 19.547828334325459 8.7376402912195754 156.94002151378663 9.6832131585106236 42.962044790212531 10.511512344004588 21.073023007716984 29.525660955463536 21.493533490574919 166.98356774903368 804.14392975682858 340.85712912317831 1049.871290352894 925.62227993662236 349.90620180172846 933.04941361554665
leaf_count=58480 7763 8706 2794 1972 3919 73 124 214 68 355 1006 472 10931 117 742 80 6493 441 1188 187 595 599 1102 6704 17847 14754 168631 98493 20321 31367
internal_value=6.17139e-05 0.000438078 0.00750766 0.00438929 0.0137995 0.00437566 -0.0169723 -0.068756 -0.198593 -0.0278108 -0.00481226 -0.0260003 0.0175772 -0.0377817 -0.0262084 -0.101285 0.00305186 -0.00454109 -0.00033129 -0.00863123 -0.052912 -0.00358594 -0.0239214 -0.00100375 0.00211271 0.00624005 -0.00495104 0.00204952 0.00373476 2.84995e-05
internal_weight=5641.29 5589.35 946.118 828.174 409.198 272.304 103.939 20.5002 3.99186 16.5083 418.976 112.788 168.364 94.1875 80.8631 13.3244 306.188 241.17 231.487 188.525 31.5845 83.4391 53.9135 4643.23 2594.94 1790.8 2048.29 998.418 1623.81 1273.91
internal_count=466538 408058 42178 33472 19357 15438 4434 761 192 569 14115 2417 11004 1945 1748 197 11698 8904 8463 7275 782 3673 3074 365880 90993 73146 274887 106256 66442 46121
is_linear=0
shrinkage=0.05


Tree=129
num_leaves=31
num_cat=0
split_feature=1 23 7 5 4 5 15 9 20 20 10 1 9 18 18 8 15 10 9 12 4 9 13 23 8 9 8 15 12 1
split_gain=34.518 51.6071 56.2684 74.3061 80.4981 24.2848 31.3862 41.3118 39.1725 31.9405 60.4074 103.71 64.5354 38.9931 27.7043 27.0316 27.0294 42.431 31.0053 28.0093 24.524 36.0245 42.6657 30.6268 23.616 23.5045 30.764 23.577 24.8264 22.9051
threshold=-6.5305510402312974 0.75000000000000011 0.99922244764291113 0.2495693133528723 4.5000000000000009 0.20258679379831493 0.087966427306421777 0.030991855077445511 0.010217989917203933 0.081121021307066957 5.2003898620605478 3.7319102804448829 0.25068610906600958 0.16472321003675464 0.029353831894695762 11.500000000000002 0.69192599075605388 5.2003898620605478 0.042448617517948158 0.079678144305944457 5.5000000000000009 0.17161244153976443 30.500000000000004 1.7500000000000002 44.500000000000007 0.31570930778980261 17.500000000000004 0.16522054951026036 0.05436880141496659 -1.3278269154031157
decision_type=2 10 10 2 2 2 10 10 10 10 10 2 10 10 10 2 8 10 10 10 2 8 2 10 2 8 2 10 8 2
left_child=1 2 -1 -4 -5 6 -2 8 29 10 13 -12 -13 -9 -11 -15 20 -18 -19 -20 25 22 -22 -24 -16 -7 -27 -28 -29 -8
right_child=5 -3 3 4 -6 16 7 9 -10 14 11 12 -14 15 24 -17 17 18 19 -21 21 -23 23 -25 -26 26 27 28 -30 -31
leaf_value=0.0095828652808306221 0.00017935168542185457 -0.02581354365916624 -0.0080175375727062227 -0.023618722452172988 0.51464892171512655 0.010555685522236135 0.10696368027931474 -0.011661776448087028 0.006808822817366696 0.03139646822444131 -0.026920142583363643 -0.32297107889124316 0.030595530026109215 -0.071880919510259475 0.0041175229040393028 0.030880001362593015 -0.0055283839228434471 -0.069855648144565838 0.02597220252934683 -0.0024442674317239638 -0.013906263270785799 -0.009236819674478711 -0.030453020136604333 -0.11176603303904449 0.04510033160189926 -0.029232574733918427 -0.033160414554622188 -0.0042091227688982038 0.030593342184167462 0.042535369932479659
leaf_weight=20.694087580253839 2020.8342650975101 219.99345411965623 2.5668000954901791 0.88980948203243349 1.2120195408933794 244.29143198707607 17.277524082921445 156.82513626175933 73.3957877230132 158.42734253429808 64.414145687071141 4.0355329625308505 1.5177848446182904 5.826061444473452 447.7585598428268 119.86377923295368 594.21374449995346 9.4802460800274257 285.1609094471205 124.18831377319293 63.170183938986156 397.7563525645528 21.830041942477692 26.349371752643492 37.176541750901379 128.01340807997622 43.683593338180799 168.02559703489533 72.605474976357073 70.346411704085767
leaf_count=10620 121857 198584 1667 342 283 11912 862 9036 2074 7458 5117 167 133 47 19222 4267 17904 228 8923 5946 2951 17193 1723 2373 968 5686 3287 1691 1213 3220
internal_value=0.000311574 -0.0179884 0.0482907 0.187908 0.352624 0.00115302 0.00394022 0.010504 0.0339238 0.00668693 -0.00540103 -0.0466447 -0.236414 0.00494185 0.0133077 0.025587 -0.00291202 0.00306058 0.0152303 0.0173663 -0.00810053 -0.0163252 -0.0413383 -0.0762916 0.00734573 -0.00170846 -0.00898253 0.000205603 0.00637496 0.0563028
internal_weight=5601.82 245.356 25.3627 4.66863 2.10183 5356.47 3177.7 1156.86 161.02 995.845 352.482 69.9675 5.55332 282.515 643.362 125.69 2178.77 1013.04 418.829 409.349 1165.73 509.106 111.35 48.1794 484.935 656.62 412.328 284.315 240.631 87.6239
internal_count=466954 211496 12912 2292 625 255458 174428 52571 6156 46415 18767 5417 300 13350 27648 4314 81030 33001 15097 14869 48029 24240 7047 4096 20190 23789 11877 6191 2904 4082
is_linear=0
shrinkage=0.05


Tree=130
num_leaves=31
num_cat=0
split_feature=0 15 9 3 7 21 8 21 23 9 0 10 16 0 6 18 7 18 8 20 12 16 7 8 20 22 8 18 2 19
split_gain=33.6301 21.8548 29.2431 31.7701 32.5112 27.6172 56.1651 20.0474 26.1476 33.3567 28.9927 22.5005 37.0371 21.1668 31.4747 36.849 20.592 22.853 21.8039 24.9665 19.2273 18.4369 18.3454 17.3906 18.3877 22.1432 31.9933 38.5998 36.552 16.8371
threshold=0.00018144969510288373 0.084141295747005254 0.31570930778980261 2.5000000000000004 0.97950961789895841 0.00012485181588812647 13.500000000000002 0.99405415712682887 2.7500000000000004 0.16202833503484729 0.98968409044523564 2.9578522443771367 0.98667567321397531 0.37347098083944946 4.5000000000000009 0.26432293653488165 0.99930319519927124 0.058928808197379119 15.500000000000002 0.95995073411228493 0.015351991169154646 0.99933688000184417 0.99950803166305813 39.500000000000007 0.059655159962772784 0.22500000000000003 19.500000000000004 0.01864705886691809 -0.47860791099797406 2.5000000000000004
decision_type=2 8 10 2 8 8 2 10 10 10 2 8 8 2 2 10 10 10 2 10 10 10 10 2 8 8 2 10 2 10
left_child=-1 2 3 -2 23 6 -6 -3 10 21 11 -9 13 -13 15 -15 -12 18 -18 -20 -21 -10 -7 24 -5 26 27 -26 29 -29
right_child=1 7 -4 4 5 22 -8 8 9 -11 16 12 -14 14 -16 -17 17 -19 19 20 -22 -23 -24 -25 25 -27 -28 28 -30 -31
leaf_value=-0.040359482028339666 0.0059236364153438499 0.00048839197754236413 -0.023185474168703434 -0.017545922397962686 0.35712941810770277 -0.024138177614277237 -0.01392212019077204 0.018049035363714074 0.010403078829160891 0.049359915323939248 0.039861834729073384 -0.013444558641219309 -0.0016087217903884756 -0.041018537760970836 -0.033001520751408518 -0.26118295760517224 0.027698268784263437 0.04365539823140091 0.038702746684708328 0.031816171286227324 -0.13648796175173397 -0.07206287860484388 0.025228437209184097 0.041186598181525258 -0.0082134801779702171 -0.0021245813476652681 0.00046919071636731087 0.032448029669610107 0.013830381026978348 0.33355679843679281
leaf_weight=50.477890954003669 560.14699497172842 3642.4614707249566 197.11928508803248 69.196017592854332 0.47303028253372703 326.51613798417384 3.088347491400782 110.26585274422541 36.06055554212071 80.735140680219047 84.74307042453438 17.633551146485843 264.50941635656636 4.0287147318013039 11.806708512362091 3.5507083674892783 7.7151435851119485 13.379243246279655 3.248040215112268 1.6548461848869909 8.6691933143883926 7.2994980262592426 19.176259784027934 30.150948007358238 3.1967157475883159 35.366048350813799 9.5856248085619864 0.80490596115123514 1.9098537024110553 2.4766934714280069
leaf_count=60168 33539 153856 34596 17735 236 116969 1902 3410 1845 4488 13666 309 8028 97 181 60 893 1623 406 130 250 212 4864 2734 170 2773 1494 133 39 306
internal_value=-0.000132104 0.000240506 -0.00554978 -0.00225794 -0.0113819 -0.0197785 0.102851 0.00193791 0.00998197 0.0305519 0.00512822 -0.00117949 -0.00824757 -0.0543928 -0.0891527 -0.162579 0.0267101 -0.00565586 -0.0372167 -0.0734865 -0.109083 -0.00479129 -0.0213348 0.00782804 -0.000647057 0.0211947 0.0647726 0.130378 0.203262 0.284529
internal_weight=5607.45 5556.97 1259.21 1062.09 501.941 349.254 3.56138 4297.76 655.3 124.095 531.204 411.795 301.529 37.0197 19.3861 7.57942 119.41 34.6665 21.2872 13.5721 10.324 43.3601 345.692 152.687 122.536 53.3398 17.9738 8.38817 5.19145 3.2816
internal_count=467112 406944 217490 182894 149355 123971 2138 189454 35598 6545 29053 12085 8675 647 338 157 16968 3302 1679 786 380 2057 121833 25384 22650 4915 2142 648 478 439
is_linear=0
shrinkage=0.05


Tree=131
num_leaves=31
num_cat=0
split_feature=0 20 2 5 22 12 2 4 21 9 8 24 8 6 18 20 6 17 20 7 8 0 12 7 8 20 6 23 12 2
split_gain=28.261 23.3472 43.2449 33.5704 36.3276 36.6719 36.0413 33.5053 33.2812 31.1809 39.1817 32.9516 34.3882 44.5014 35.1991 26.9431 26.3654 40.7082 38.1938 40.5408 34.7534 34.6308 33.7495 25.1266 38.8835 25.0031 25.572 28.6605 46.9517 65.3842
threshold=0.99581841193938658 0.17196969134905246 -0.99547700694705432 0.29782957488807482 0.22500000000000003 0.07040616869926454 -0.9980122001324262 3.5000000000000004 0.98427079533947592 0.049508947879076011 12.500000000000002 2.5000000000000004 40.500000000000007 11.500000000000002 0.16138778626918796 0.042815771166379836 4.5000000000000009 0.42128726840019232 0.037890588785949413 0.98798275985224082 5.5000000000000009 0.0013475829419220488 0.11223841086030008 0.99888716325406934 29.500000000000004 0.36400968865361732 7.5000000000000009 2.2500000000000004 0.035913459956645973 -0.98980742229471008
decision_type=2 8 2 2 8 10 2 2 10 10 2 10 2 2 10 10 2 8 10 10 2 2 10 10 2 8 2 10 10 2
left_child=1 2 -1 4 5 6 -3 8 23 10 -4 16 13 -13 -15 -12 18 -18 19 -11 -21 22 -20 24 -5 -6 27 -27 -29 -30
right_child=-2 3 9 7 25 -7 -8 -9 -10 11 15 12 -14 14 -16 -17 17 -19 21 20 -22 -23 -24 -25 -26 26 -28 28 29 -31
leaf_value=-0.043116383533799534 0.018532762161606459 0.19291642162916345 -0.028748648023337944 -0.013223912174017059 -0.0091387551774187985 0.055175192187578319 0.0069360737034584834 -0.015774344496534139 0.040820183615313893 0.0032766844329685015 0.010105778497066438 -0.024755705489419681 0.014423897557433256 0.25404719371878626 -0.032962204844021153 -0.012035829836311194 -0.01685165994801897 0.026729280852176129 -0.023409165074592661 0.09734948817164718 -0.033693077282976831 0.015918219097198216 0.33508734015562114 -0.034913292570929677 0.047301465717056054 0.0022611668534696879 -0.01317566805215812 0.0022320144579534114 0.17977895826966039 0.027264716698399485
leaf_weight=71.026701446506195 188.05853576632217 1.6545988976722572 88.347681381972507 71.767770529724658 379.85606042889412 64.762599943613168 147.63219852984184 459.76354437915143 56.19857035332825 155.74395738070598 732.85085804609116 458.88244252483128 68.591925759043079 1.5887795830494718 1.4716206201119346 168.15307516040048 81.067871947947424 153.97635381482542 0.87658530398039036 4.2466377308010115 200.55091194930719 78.569356742256787 0.68434819730464369 44.852207719173748 40.819921757793054 1111.3810918210074 175.14003754645819 284.61795963428449 6.2731408472172907 252.42658751131967
leaf_count=89792 25810 802 6157 1100 19756 1070 6989 10063 1991 9836 72449 71811 6866 195 125 10453 13509 6497 633 98 36029 3455 146 681 199 43034 3920 13773 884 8544
internal_value=-0.000466989 -0.00113647 -0.0049914 0.00168545 0.00442939 0.024048 0.0102673 -0.00818261 0.00815266 -0.00373901 0.002839 -0.0091321 -0.0184461 -0.0233474 0.141908 0.00596476 -0.00180284 0.0116903 -0.00900994 -0.0159498 -0.030516 0.0220272 0.203236 -0.00369214 0.00894348 0.00251895 0.00494264 0.00686716 0.0162675 0.031641
internal_weight=5551.83 5363.78 2266.63 3097.15 2423.74 214.049 149.287 673.402 213.638 2195.6 989.352 1206.25 530.535 461.943 3.0604 901.004 675.716 235.044 440.672 360.542 204.798 80.1303 1.56093 157.44 112.588 2209.69 1829.84 1654.7 543.318 258.7
internal_count=466667 440857 328051 112806 98772 8861 7791 14034 3971 238259 89059 149200 78997 72131 320 82902 70203 20006 50197 45963 36127 4234 779 1980 1299 89911 70155 66235 23201 9428
is_linear=0
shrinkage=0.05


Tree=132
num_leaves=31
num_cat=0
split_feature=2 21 21 10 23 9 15 9 13 20 23 9 8 10 6 17 4 4 9 4 23 9 0 9 6 22 2 17 6 6
split_gain=28.6868 19.8959 30.6293 32.2724 29.6027 22.9321 19.2472 23.03 22.5038 24.9891 40.7984 40.784 38.2532 35.3187 28.9407 43.4772 60.6933 59.2725 24.531 31.9498 29.611 57.2799 30.9015 26.0507 25.7626 24.519 24.2397 23.524 22.362 26.3608
threshold=-0.99555655797279841 0.78258710021436251 0.99366094393047466 2.8230342864990239 2.2500000000000004 0.049508947879076011 0.69192599075605388 0.018711629323661331 125.50000000000001 0.19399264133217373 2.2500000000000004 0.033770885318517692 26.500000000000004 6.5015528202056894 7.5000000000000009 0.044064871966838844 6.5000000000000009 5.5000000000000009 0.032463075593113906 5.5000000000000009 0.75000000000000011 0.25551950931549078 0.13628615533013341 0.44011560082435613 1.5000000000000002 0.29166666666666669 -0.048421393318073595 0.99999970197677623 3.5000000000000004 1.0000000180025095e-35
decision_type=2 8 8 10 10 10 10 10 2 10 10 10 2 10 2 10 2 2 10 2 8 10 2 8 2 10 2 8 2 2
left_child=1 -1 3 -3 -5 -6 8 -8 9 10 18 -11 -12 -14 -15 16 17 -16 27 20 21 -20 23 -23 -21 -13 -19 28 29 -2
right_child=6 2 -4 4 5 -7 7 -9 -10 11 12 25 13 14 15 -17 -18 26 19 24 -22 22 -24 -25 -26 -27 -28 -29 -30 -31
leaf_value=-0.042043880066166613 -0.01147086335160182 -0.040572370333492869 -0.028703169470317154 -0.021416356865493147 -0.024907385341469697 0.21377012635494791 0.040374035858686416 0.004917944675572699 -0.0084837104567968957 -0.01079117423282016 -0.030833390217841705 0.02660357080971322 -0.010013923927922878 0.0065316934113139593 -0.026602190823985655 0.016437382660629402 0.003927566728334604 0.49286407968226326 -0.042760679936657144 0.0089980570853921294 0.0047490402322594265 0.40403996296629718 0.082433917434574663 0.029619217964296979 -0.017473492846248311 0.0062384495425341201 0.042947474578124319 0.0010022376043344534 -0.013250299635230637 0.035567851701276992
leaf_weight=67.611636176996399 35.936547813063953 4.2590280851582056 24.5724974712939 2.4508527813013625 0.98991264955839131 4.6127134893322363 47.36194287147373 876.27863098942908 846.69006616063416 331.3323442278197 227.67004481249023 167.33390981185948 198.57040175120346 20.163681545178406 0.8189488501520813 7.4640262599568814 2.5201560262357816 1.4837193983839829 6.8056280526798245 115.51581475272542 206.10271566250594 0.75904358859406662 10.199213655665515 0.86378091521328326 438.85984545055544 1222.8915895962855 0.57440078258514371 497.16512291494291 41.081028175773099 161.98739832080901
leaf_count=88300 3288 3214 13641 1572 855 1022 2031 38915 94802 11049 35384 4834 22609 3456 95 459 696 316 350 4873 13813 114 131 166 53836 33158 6 17443 4116 12458
internal_value=-0.000296337 -0.0261214 0.00340449 0.0648256 0.118889 0.174214 0.000202024 0.00677774 -0.00113615 0.000548845 -0.00328926 0.00495032 -0.0163267 -0.00199459 0.0451008 0.100735 0.196521 0.320697 0.00067041 -0.00551026 0.0103614 0.069053 0.131736 0.292024 -0.0119513 0.00870705 0.422401 0.00721016 0.0200655 0.0270124
internal_weight=5570.93 104.497 36.885 12.3125 8.05348 5.60263 5466.43 923.641 4542.79 3696.1 1974.54 1721.56 459.265 231.595 33.0249 12.8613 5.39723 2.87707 1515.28 779.106 224.73 18.6277 11.822 1.62282 554.376 1390.23 2.05812 736.17 239.005 197.924
internal_count=467002 108604 20304 6663 3449 1877 358398 40946 317452 222650 173609 49041 63021 27637 5028 1572 1113 417 110588 73283 14574 761 411 280 58709 37992 322 37305 19862 15746
is_linear=0
shrinkage=0.05


Tree=133
num_leaves=31
num_cat=0
split_feature=1 21 4 5 7 12 10 20 8 10 20 18 2 12 24 1 5 1 15 18 12 1 7 8 10 1 1 1 4 5
split_gain=27.9508 20.1072 31.6659 45.0817 31.2057 27.9229 28.3862 26.1011 26.448 33.0086 22.6444 27.5508 22.3101 22.2151 28.9326 18.4467 17.215 16.8741 15.9742 22.5017 15.8212 15.7171 20.2849 15.9565 20.126 15.4307 15.355 15.0456 50.1971 24.793
threshold=-8.6455413829532723 0.98964606679678291 3.5000000000000004 0.29782957488807482 0.99977877546221372 0.02433842979371548 9.9332838058471697 0.98833321342010194 15.500000000000002 21.486629486083988 0.99434931832901119 0.3460183590650559 -0.99051570583227522 0.034397533163428314 1.5000000000000002 3.7319102804448829 0.21294975713976858 1.0135940002009232 0.027198228206559798 0.022300645709037784 0.045166702941060073 1.7329172274859335 0.99650483663728207 32.500000000000007 3.9382066726684575 -6.5038858862139284 -1.3278269154031157 4.4444236223739759 5.5000000000000009 0.26296156334947846
decision_type=2 10 2 2 8 10 8 10 2 10 10 10 2 8 10 2 2 2 10 10 10 2 10 2 10 2 2 2 2 2
left_child=-1 -2 26 4 5 6 27 8 -5 -10 12 -12 18 14 -9 -13 -8 -11 -7 -20 -21 22 -14 -23 -25 -22 -3 -4 29 -29
right_child=1 2 3 7 -6 10 16 13 9 17 11 15 21 -15 -16 -17 -18 -19 19 20 25 23 -24 24 -26 -27 -28 28 -30 -31
leaf_value=-0.039192188708879673 -0.0015308081033769932 -0.012700508940609721 0.0011777980640535583 0.032814233501079995 0.044899039796935034 0.01401652535105081 -0.028588355116050557 -0.11714715969588324 -0.013692798665497039 -0.02977208644666678 -3.1773727027023242e-05 -0.12096244258855514 0.025579951151734587 -0.084815584387849308 0.024242610971828397 0.033745489891121964 -0.1412446215288416 -0.20938578438421646 0.00083861761221802611 -0.016892197347544987 0.31431981268115389 0.037873099406074681 -0.0024413657234451137 -0.073039295583121541 0.026143615235589137 0.028489412712484136 0.043744783216413813 -0.12469711825764772 0.02662125510321452 0.036019749901496444
leaf_weight=44.944352439371869 4412.2721727115568 13.905677595990708 270.11024671513587 27.679698971332982 52.60147068859078 4.188619986351112 9.9726143784355354 3.7995740843471166 73.668432493228465 2.7422816102625793 68.826768404105678 7.336346648167817 107.64077882899437 24.295878131175414 13.793972223065792 2.0229274365119636 4.7448537567397571 2.4291648408398032 1.8318136885063721 0.50620173744391683 1.5856117622461174 107.48220206191763 158.88501515123062 7.0134323122911182 13.215192116796969 0.84237386053428021 73.583412816748023 12.535887981764974 15.756920813117175 2.4484966900199643
leaf_count=58461 344585 486 16911 895 7020 1460 663 182 2074 50 4113 135 2293 672 644 296 128 79 512 201 209 11147 3722 333 1262 50 4919 550 2140 205
internal_value=-0.00035535 -3.07854e-05 0.00606251 0.00351694 0.00796324 0.00547212 -0.00607573 -0.0218183 -0.00847056 -0.0231946 0.0130393 -0.0114742 0.0178095 -0.054771 -0.0109507 -0.087494 -0.071584 -0.134399 0.0919026 0.146051 0.21345 0.0158983 0.00892881 0.0302608 -0.0100647 0.252392 0.0347311 -0.00264457 -0.0352091 -0.097825
internal_weight=5542.66 5497.72 1085.45 997.957 849.548 796.946 315.569 148.409 106.52 78.8399 481.377 78.186 403.191 41.8894 17.5935 9.35927 14.7175 5.17145 8.95462 4.766 2.93419 394.237 266.526 127.711 20.2286 2.42799 87.4891 300.852 30.7413 14.9844
internal_count=466397 407936 63351 57946 53350 46330 20597 4596 3098 2203 25733 4544 21189 1498 826 431 791 129 2432 972 460 18757 6015 12742 1595 259 5405 19806 2895 755
is_linear=0
shrinkage=0.05


Tree=134
num_leaves=31
num_cat=0
split_feature=1 23 1 7 1 15 13 20 8 4 6 18 9 6 12 20 5 12 10 22 7 23 20 24 12 5 4 12 5 13
split_gain=27.3261 31.5285 21.1548 20.7522 21.2437 17.1397 23.6438 20.1064 20.8132 33.9568 19.7136 15.6812 37.5069 38.2757 29.8682 27.334 44.4585 27.5635 47.3683 30.4738 29.912 33.0605 28.6766 26.3821 24.6007 29.4546 56.1109 23.9209 21.6874 20.3976
threshold=-8.1168017281574247 0.75000000000000011 6.7329844638442138 0.99930319519927124 -9.1368700680105306 0.091970050091574954 11.500000000000002 0.00017656114165794885 13.500000000000002 6.5000000000000009 12.500000000000002 0.1095062978565693 0.073523156344890608 3.5000000000000004 0.12738125771284106 0.49818355910221485 0.20067673966180954 0.02336131222546101 11.002777576446535 0.77500000000000013 0.99950803166305813 0.75000000000000011 0.62170365681614881 2.5000000000000004 0.014393433462828399 0.21963613279199101 5.5000000000000009 0.1899262145161629 0.26535609429258195 5.5000000000000009
decision_type=2 10 2 10 2 8 2 8 2 2 2 10 10 2 10 10 2 8 10 10 10 10 10 10 10 2 2 10 2 2
left_child=1 3 5 -1 -5 6 -2 8 9 -8 11 14 13 -13 15 -7 -17 18 19 22 21 -19 -18 -24 -21 26 -26 -14 -22 -16
right_child=2 -3 -4 4 -6 10 7 -9 -10 -11 -12 12 27 -15 29 16 17 20 -20 24 28 -23 23 -25 25 -27 -28 -29 -30 -31
leaf_value=0.0030669121239346436 0.0055853212775191056 -0.039879170378643129 0.032255884584235249 -0.024121264430220047 0.23374528538462733 -0.0044700898996397655 0.017402441617452861 -0.010726851037923243 0.0151302281940399 0.33812816671521173 -0.029665675138875393 0.042897651987131746 0.003479286500427059 0.0042491719781293964 -0.0028162726968331735 0.020367323652075293 -0.0072640467731285756 -0.074184752234730256 -0.133944155040122 0.01909456825399377 0.040905323971903669 0.01381901834148431 -0.0066541335077375616 -0.11676896192658213 -0.25612494891666565 -0.0089321566799812589 0.028858717573794591 -0.05706394196669571 -0.076409476104819143 0.034364485758463716
leaf_weight=6.5193997921305691 373.51515496749198 71.057036109094042 51.246453525498509 0.92819532105932046 1.4630435198196208 1866.0846003839397 2.248912642535291 833.93576491257409 18.857251453970093 0.42171322042122472 48.138486600539181 129.06059230910614 1041.6863352322835 126.72342279175064 57.290617728140205 335.71703729999717 25.489762501209043 10.154707022244109 7.7132362053962416 68.070721959578805 4.3988666571676758 252.91380407696124 8.0552394466940331 16.601431191782467 2.7427612738683846 24.891500738449395 2.8700026166625321 15.576131357229313 16.375038563855924 101.86139654461294
leaf_count=4327 28743 86311 7560 671 609 100532 732 159341 5234 37 647 5052 29897 2981 2555 13876 381 260 84 1724 193 6977 117 244 68 771 115 269 282 6262
internal_value=0.000164056 -0.0286695 0.00059289 0.0557255 0.156053 0.000286 -0.00489987 -0.00947913 0.0371853 0.146367 0.00181797 0.00219346 0.00669985 0.0238411 7.94983e-05 -0.00119098 0.00669013 -0.00376143 -0.0205443 -0.0138077 0.00552781 0.0101539 -0.0451249 -0.0824564 0.00241705 -0.0342239 -0.128075 0.00253425 -0.0508303 0.0210464
internal_weight=5522.61 79.9677 5442.64 8.91064 2.39124 5391.39 1228.98 855.464 21.5279 2.67063 4162.42 4114.28 1313.05 255.784 2801.23 2642.08 775.994 440.277 156.435 148.721 283.842 263.069 50.1464 24.6567 98.575 30.5043 5.61276 1057.26 20.7739 159.152
internal_count=466852 91918 374934 5607 1280 367374 194087 165344 6003 769 173287 172640 38199 8033 134441 125624 25092 11216 3504 3420 7712 7237 742 361 2678 954 183 30166 475 8817
is_linear=0
shrinkage=0.05


Tree=135
num_leaves=31
num_cat=0
split_feature=1 1 12 8 4 10 20 21 9 21 4 7 4 10 5 18 2 12 9 8 8 4 4 7 12 10 5 18 24 12
split_gain=21.9294 18.8301 15.4339 30.4529 35.9484 57.3091 50.8026 16.9398 16.8174 28.1133 22.3127 15.6096 14.9407 31.2483 48.0068 44.0274 35.7367 62.2457 44.6351 70.2624 107.42 74.9315 30.0081 27.8831 47.998 39.7255 34.6998 33.6576 33.1679 31.9871
threshold=5.3645170441539234 -8.6455413829532723 0.10842134431004526 16.500000000000004 4.5000000000000009 4.0746901035308847 0.49818355910221485 0.99943384226112431 0.46270996332168585 0.96764986981988022 4.5000000000000009 0.9984404536383974 5.5000000000000009 1.0000000180025095e-35 0.29061795149193465 0.10330538824200632 -0.98922014943616066 0.023695574142038826 0.039947301149368293 16.500000000000004 14.500000000000002 4.5000000000000009 2.5000000000000004 0.999090527810511 0.014764199964702131 9.0008826255798358 0.23508454744040339 0.87204957008361828 3.5000000000000004 0.098861891776323332
decision_type=2 2 10 2 2 8 8 8 10 8 2 10 2 8 2 10 2 8 10 2 2 2 2 10 10 10 2 10 10 10
left_child=1 -1 3 4 -2 7 -7 -6 10 -10 11 -5 13 15 16 22 17 18 -15 20 -20 -22 -3 25 28 27 -26 -18 -25 -27
right_child=2 12 -4 8 5 6 -8 -9 9 -11 -12 -13 -14 14 -16 -17 23 -19 19 -21 21 -23 -24 24 26 29 -28 -29 -30 -31
leaf_value=-0.03370549286352429 0.015387535189652475 0.11111158937629509 0.047337103051147814 0.044558192658625227 0.029947132150486524 -0.24246378891088055 -0.0093203798547982965 -0.080294761484276639 -0.18280969251342616 0.028315704084325061 0.043254590168876117 -0.038108014074913266 -0.0021400806682893253 0.0014883757359788422 -0.004132270053318665 -0.062789582958855103 0.013231840905100146 -0.001274358783226434 -0.025727431122630803 0.080787154507629605 -0.015322899839272023 0.66502108585093067 -0.0075534685266524437 0.047965296520277603 -0.068941962173251034 0.057797302258992558 0.0021431792996956561 -0.040524849493886704 -0.062060731574771877 0.0011084795680064358
leaf_weight=41.788485365046654 31.457296592881903 4.6525089238421051 32.485641525592655 7.5187133545987335 11.065166843589395 5.3647428201511476 3.8226905828341851 3.9003762886859485 1.5655024838633824 3.5243598278611898 76.711183346807957 16.494682584423572 3702.0790357885417 3.7563888547010746 658.75608886103146 39.665356245357543 494.91936206090031 14.672820118255911 1.0536848553456348 5.8355355600360781 0.44023029308300454 1.2346968575729989 91.699355258024298 37.706529449671507 37.110811329097487 86.86675211659167 31.133613443758804 29.973764088528696 7.4223911202861919 34.770798808662221
leaf_count=58564 3534 83 6067 909 1422 230 418 287 110 491 13164 887 303110 2801 26558 1621 19365 10122 671 1837 314 131 3331 1285 1580 3459 1185 1029 198 1834
internal_value=-6.71348e-05 -0.000669892 0.0164055 0.00992755 -0.0198001 -0.0644189 -0.155895 -0.00201418 0.0255899 -0.0559764 0.0302214 -0.0114782 -0.00040229 0.00366399 0.00582337 -0.0191618 0.0141525 0.0696789 0.147931 0.205292 0.378483 0.547324 -0.000741048 0.0120911 -0.0107079 0.0160994 -0.0369498 0.0100909 0.0289161 0.0417336
internal_weight=5519.45 5325.54 193.91 161.425 55.6103 24.153 9.18743 14.9655 105.814 5.08986 100.725 24.0134 5283.75 1581.67 1445.65 136.017 786.897 26.9934 12.3205 8.56415 2.72861 1.67493 96.3519 759.904 113.373 646.531 68.2444 524.893 45.1289 121.638
internal_count=466597 439078 27519 21452 5891 2357 648 1709 15561 601 14960 1796 380514 77404 72369 5035 45811 15876 5754 2953 1116 445 3414 29935 4248 25687 2765 20394 1483 5293
is_linear=0
shrinkage=0.05


Tree=136
num_leaves=31
num_cat=0
split_feature=0 5 10 20 8 23 16 12 7 7 23 8 8 8 8 9 23 24 20 18 23 5 8 8 5 10 1 2 8 5
split_gain=22.3824 19.0335 32.7461 26.2813 29.8819 50.0652 28.9177 28.4566 31.6956 30.0708 32.4942 31.1131 28.6351 32.423 31.7453 25.3098 45.5574 30.2872 25.5188 24.4634 29.6746 24.2538 23.7459 26.0691 23.2857 22.7159 22.3984 22.0044 25.8681 31.1863
threshold=0.00017587847631490305 0.085292857899276556 1.0000000180025095e-35 0.12369876004917867 28.500000000000004 2.2500000000000004 0.99933688000184417 0.024025714956223968 0.99888716325406934 0.99881068908083603 2.7500000000000004 7.5000000000000009 14.500000000000002 16.500000000000004 6.5000000000000009 0.037166925147175796 0.75000000000000011 2.5000000000000004 0.0006539796266116371 0.67095184326171886 2.7500000000000004 0.061988025937152656 13.500000000000002 12.500000000000002 0.29397316994498984 16.685070991516117 -1.6792163879063084 -0.39556654598418556 16.500000000000004 0.23221028729213214
decision_type=2 2 10 8 2 10 10 8 10 8 10 2 2 2 2 10 10 10 10 10 10 2 2 2 2 10 2 2 2 2
left_child=-1 2 -2 4 5 15 -6 9 -9 11 27 -5 14 -14 -10 17 18 -3 -17 20 21 22 23 -4 -15 -26 -19 -11 29 -29
right_child=1 3 19 7 6 -7 -8 8 12 10 -12 -13 13 24 -16 16 -18 26 -20 -21 -22 -23 -24 -25 25 -27 -28 28 -30 -31
leaf_value=-0.036800888605650825 -0.0029290100790664831 -0.0014074608019947359 0.0085126241516049733 -0.11567289819527278 0.0017809806843764556 -0.033532547075861396 0.08022038368327003 0.0073179352497188301 -0.053535459357902229 0.049165965639697884 -0.032805757363134645 -0.0084111885956583438 -0.06431270564719288 0.0024984862206194371 0.043479892930339895 -0.029169156237717826 -0.018703950813482712 -0.020962957871898391 0.04274010486203153 0.049464173193947844 -0.01730411425706008 0.0070543997031221181 0.042417168081773829 -0.13896441133315335 -0.013972100938101166 -0.075275593166673316 0.059758853190433649 -0.068412648642251508 0.027311031751220485 0.018444758188287082
leaf_weight=40.453725849161856 475.433130179008 244.18526640516939 24.516430457879327 5.8217163383960715 433.21062278538011 206.43911629001377 11.079339702380819 1735.3409572942764 9.7661871826276165 49.486210182192735 31.865933467925061 861.44481345271925 31.97345408028923 123.71184627705952 39.141426260583103 15.452086945064364 430.45990634482587 10.543523953878319 50.405555523175281 46.842272691545077 72.60507828835398 225.22242555744015 121.58917360706255 2.4000128442421547 48.826881113694981 21.296636449988 37.047279387246817 18.519216576591134 70.108318757731467 21.265383609104902
leaf_count=58542 21919 25287 604 151 58457 57794 1060 56818 311 3590 1737 38790 1426 7026 2750 1782 73353 2479 3349 4560 9227 20191 7756 69 990 291 623 988 3734 1050
internal_value=-0.000198948 7.81169e-05 0.00643333 -0.0012887 -0.00686186 -0.0116743 0.0039128 0.00132589 0.00481926 -0.00530613 0.0125952 -0.0092636 -0.0109338 -0.0184455 0.0234227 -0.00591341 -0.0127742 0.00576067 0.0256842 0.0154465 0.0117738 0.0174539 0.0330731 -0.00914404 -0.0105884 -0.0333867 0.0418119 0.0218206 0.00917425 -0.0226723
internal_weight=5516.45 5476 968.609 4507.39 1438.82 994.533 444.29 3068.57 2010.06 1058.51 191.245 867.267 274.716 225.809 48.9076 788.094 496.318 291.776 65.8576 493.175 446.333 373.728 148.506 26.9164 193.835 70.1235 47.5908 159.379 109.893 39.7846
internal_count=466704 408162 64326 343836 224184 164667 59517 119652 69612 50040 11099 38941 12794 9733 3061 106873 78484 28389 5131 42407 37847 28620 8429 673 8307 1281 3102 9362 5772 2038
is_linear=0
shrinkage=0.05


Tree=137
num_leaves=31
num_cat=0
split_feature=2 20 23 5 5 18 7 7 5 20 5 18 20 15 10 8 20 12 15 6 12 10 1 16 20 5 8 12 8 23
split_gain=24.0014 20.7508 26.7172 42.5332 29.656 20.9228 19.1303 18.8675 34.025 31.8988 31.2163 45.8561 33.0504 27.0084 26.7571 26.4012 25.0614 24.7687 22.9817 24.7751 21.5671 35.8521 24.7901 21.5455 22.0557 28.3054 24.2232 20.9093 22.767 20.7255
threshold=-0.99563305284580828 0.17196969134905246 2.2500000000000004 0.19424511767618693 0.29397316994498984 0.014601119793951513 0.999090527810511 0.98576854864800889 0.059934368451209703 0.74887715607689676 0.17688866505278109 0.3460183590650559 0.012006510486415002 0.21731908660482949 6.3347165584564218 39.500000000000007 0.39961090247063058 0.0035976417129859333 0.67200047928370632 6.5000000000000009 0.046267723664641387 16.00302886962891 0.29575346466266556 0.98174338442913456 0.39961090247063058 0.23931098404449105 30.500000000000004 0.022135130129754547 15.500000000000002 1.7500000000000002
decision_type=2 8 10 2 2 10 10 10 2 10 2 10 8 10 8 2 10 10 10 2 8 10 2 10 10 2 2 8 2 10
left_child=1 -1 -3 -4 5 -5 -7 9 -9 10 11 16 -13 -14 -10 27 -2 -18 -16 20 21 -20 -23 -22 25 26 -25 -12 -29 -27
right_child=7 2 3 4 -6 6 -8 8 14 -11 15 12 13 -15 18 -17 17 -19 19 -21 23 22 -24 24 -26 29 -28 28 -30 -31
leaf_value=-0.042580783889522217 1.1673314917511454e-05 -0.02975530848815712 -0.036569249700366596 -0.024740313772559416 -0.032861712618778217 0.24131570963595511 -0.019789762627039211 0.037271151619124691 -0.0055305538495321761 0.027447331641591369 -0.029052389379537965 0.056605729894247503 -0.007148729744311833 0.041700099735751395 -0.00027880993306748854 -0.064335519921279075 -0.027350433526850421 0.031739837567955891 0.0058438417687184463 0.03526873838320152 -0.041552505378834953 0.032384116188122619 -0.13718563462343916 -0.050035933442402342 0.032176361806547871 0.051344482716614265 0.069048564791898484 -0.026228843863416812 0.0071285538897464182 -0.0511964357067261
leaf_weight=59.085309722664533 1017.5289786041831 21.003966920543462 6.4026459420565498 0.89024086477002118 1.8673259952920487 4.3966399768250994 0.64069381699664507 54.549161772476509 2191.2340329657309 140.90359894372523 79.673980285326252 69.098698592046276 68.424156340304762 46.962442980264314 967.28620410591247 19.869119367795065 20.128715243481565 115.38514196261531 22.756434145994717 102.79143211583141 15.914546884363515 2.3531138412654391 8.561601610388605 31.122284315235447 101.12590524414554 23.237494173488816 4.0361466163303694 64.824644170701504 228.4791159814049 5.3264925765106446
leaf_count=87310 50725 12594 5571 271 459 589 213 4367 178229 9301 3845 6874 5585 1427 69558 467 425 4712 1006 2998 313 85 238 1774 7918 703 141 2458 6711 256
internal_value=0.000159946 -0.0247158 0.00561829 0.0564647 0.128351 0.17655 0.210329 0.000598658 -0.00155278 0.00465615 0.0027855 0.00642481 0.0294995 0.0129203 -0.00217264 -0.00959014 0.00271052 0.0228267 0.00355544 0.015211 0.00547703 -0.0306969 -0.100978 0.0123471 0.0177697 -0.00523717 -0.0348336 -0.00650954 -0.000308015 0.0311381
internal_weight=5495.86 94.2868 35.2015 14.1975 7.7949 5.92757 5.03733 5401.57 3530.29 1871.28 1730.37 1337.53 184.485 115.387 3475.75 392.847 1153.04 135.514 1284.51 317.225 214.434 33.6711 10.9147 180.763 164.848 63.7224 35.1584 372.978 293.304 28.564
internal_count=467123 107007 19697 7103 1532 1073 802 360116 267586 92530 83229 69748 13886 7012 263219 13481 55862 5137 84990 15432 12434 1329 323 11105 10792 2874 1915 13014 9169 959
is_linear=0
shrinkage=0.05


Tree=138
num_leaves=31
num_cat=0
split_feature=7 5 20 9 5 23 8 4 3 6 15 20 12 22 23 8 8 8 8 10 1 20 23 10 10 13 22 20 5 20
split_gain=19.4412 27.0909 28.4816 36.3998 62.0326 52.2293 50.7488 41.9027 45.9674 40.8553 37.4045 36.6283 31.1829 71.7216 55.7206 35.4457 34.2059 27.0604 25.039 35.8686 40.6383 22.7857 22.3807 36.8777 29.2202 22.2379 26.9791 22.0388 22.2272 21.2974
threshold=0.98576854864800889 0.054869030441468784 0.11277237412252998 0.030991855077445511 0.24269040793153351 0.75000000000000011 18.500000000000004 5.5000000000000009 2.5000000000000004 1.5000000000000002 0.39326573695962636 0.00019855741499147467 0.07040616869926454 0.63333333333333341 2.2500000000000004 15.500000000000002 15.500000000000002 14.500000000000002 17.500000000000004 8.7743587493896502 2.6948395857853402 0.39820055728529347 1.2500000000000002 2.4904752969741826 2.6671264171600346 7.5000000000000009 0.77500000000000013 0.36400968865361732 0.20154867025703407 0.9955496575034064
decision_type=10 2 8 10 2 10 2 2 2 2 8 10 10 8 10 2 2 2 2 10 2 10 8 10 10 2 8 10 2 8
left_child=-1 -2 3 11 -5 7 9 8 -6 -7 -8 -3 16 15 25 21 22 -10 19 -18 -21 -14 23 -4 -24 -15 -27 -25 -29 -28
right_child=1 2 12 4 5 6 10 -9 17 -11 -12 -13 13 14 -16 -17 18 -19 -20 20 -22 -23 24 27 -26 26 29 28 -30 -31
leaf_value=0.0040083678187476527 0.042141286253482686 0.051161664121017525 0.023183773286978206 -0.022884861420629034 0.072036759301705361 0.10809373499701994 -0.014351824247958273 -0.020051551091753134 -0.017306789991073598 -0.043596767948358178 0.041484646745666216 -0.0010723189236534149 -0.031038645325420711 -0.031117423464642965 0.053060140355912083 0.049505376840938142 -0.015084998113768872 0.34462686692445832 -0.0030973600049750208 -0.042686338365097602 -0.21550482534354065 0.035122363871617303 0.0021671914934498766 0.082617942933007921 0.041597372056632304 -0.035731381289811785 0.032106204445984159 0.021514794896552954 -0.10535583894866858 -0.0080277376371733749
leaf_weight=1875.5084836349997 33.028948975203093 36.814876898744842 27.109384691808373 611.1826639114297 15.430816301668534 3.8024427244672543 50.305871834367281 8.0124216881813464 0.51677937724161838 67.749486896995222 71.84270564437611 298.10121665085899 26.477528867893852 92.12262961815577 37.335044987965375 134.24962683056947 121.38283335237065 1.8855327222845515 1557.0457411914249 13.914621595351493 3.844705731375142 23.722346321097575 88.597030781733338 1.542227874626408 99.318503582442645 40.966781701543368 59.64983247872442 4.009106429526585 15.124902869807554 71.966904975590296
leaf_count=100703 3328 5941 1175 154554 391 92 13775 1063 275 22876 3868 47880 1090 3065 3110 4986 5841 250 71636 573 138 999 4147 108 4730 1627 2395 398 512 5514
internal_value=-0.00012144 -0.00226334 -0.00268419 -0.00910072 -0.0147058 0.00806394 -0.000989316 0.0734234 0.114256 -0.0341568 0.0185591 0.00480459 0.000411018 0.0117116 -0.00330558 0.0361879 -0.0024393 0.284566 -0.00492148 -0.0251663 -0.0895932 0.000301602 0.0153687 -0.0149505 0.023117 -0.0114254 -0.000795319 -0.0637126 -0.0790246 0.0102663
internal_weight=5492.56 3617.05 3584.02 1165.64 830.729 219.546 193.701 25.8456 17.8331 71.5519 122.149 334.916 2418.38 486.491 302.041 184.45 1931.89 2.40231 1696.19 139.142 17.7593 50.1999 235.701 47.7856 187.916 264.706 172.584 20.6762 19.134 131.617
internal_count=467040 366337 363009 250965 197144 42590 40611 1979 916 22968 17643 53821 112044 22786 15711 7075 89258 525 78188 6552 711 2089 11070 2193 8877 12601 9536 1018 910 7909
is_linear=0
shrinkage=0.05


Tree=139
num_leaves=31
num_cat=0
split_feature=2 21 5 21 23 5 12 9 22 23 12 19 10 7 18 20 4 0 5 9 5 12 0 20 10 5 9 5 10 4
split_gain=21.3272 21.1503 32.3146 36.9293 32.5157 22.9465 24.7974 16.8762 16.5496 34.4187 27.7567 30.655 21.3061 20.1916 22.6427 31.938 31.6472 28.7579 21.8824 27.1588 18.4413 18.2747 58.6215 17.74 31.0635 19.0302 27.7732 17.6882 33.4928 26.2265
threshold=-0.99279876595369443 0.91291828426540478 0.19424511767618693 0.9947773303159998 2.2500000000000004 0.2580705877296528 0.035424401983618743 0.36227619647979742 0.81666666666666676 1.7500000000000002 0.05165637098252774 5.5000000000000009 3.6008695363998418 0.99989147697128911 0.058928808197379119 0.98474437465650688 4.5000000000000009 0.93525407248623138 0.14346813408800199 0.36227619647979742 0.087852561851832045 0.090282306075096144 0.79424687752584056 0.79538512674648632 2.4677785634994511 0.1756123394916517 0.087421048432588591 0.19562911958538701 6.3347165584564218 5.5000000000000009
decision_type=2 8 2 8 10 2 10 10 10 10 10 10 8 8 10 10 2 2 2 8 2 8 2 10 8 2 10 2 8 2
left_child=1 -1 -3 4 -4 6 -6 -8 27 12 11 -11 20 14 16 -16 18 -17 -14 -20 -10 22 -21 24 25 26 -13 -2 29 -29
right_child=8 2 3 -5 5 -7 7 -9 9 10 -12 23 13 -15 15 17 -18 -19 19 21 -22 -23 -24 -25 -26 -27 -28 28 -30 -31
leaf_value=-0.03305474569645709 0.0019440815436631825 -0.034438960227982734 -0.035149847441224513 -0.0023668365305583431 0.06727316922133024 0.040867876360040543 0.41750918442445073 0.069156798422614893 0.052766146081643754 0.033990477141930965 0.046733068787483983 -0.0030072662511814062 -0.1895965659720544 0.043102297378472751 0.018955375056077597 -0.057800751186148171 -0.0085265409525704852 0.033892682531064311 0.0084470727316565651 -0.049367088367397838 0.006193394834032525 -0.03687548178964805 -0.27045955734407312 0.011289281236134145 -0.0010226183246772002 -0.036760456573502499 -0.22922237773332677 -0.0026499688570453261 0.00337112148255457 -0.019152773732056361
leaf_weight=91.579726287804078 2717.4883148419613 23.733215850428678 2.3505063078482653 16.570528334355913 2.2910268547129817 3.1668309669476002 1.02852804918075 0.99307078507263202 22.052361868903972 89.037727723247372 76.116950421943329 2.0610727835446587 1.9438613436650474 16.862741459161043 97.492806063266471 30.170172048266977 114.31815031403676 11.025965866632758 15.949791226186788 12.394567960058337 279.04898476123344 22.357251222245395 3.2503505274653426 75.125554873258807 36.413035686127841 9.7457902375608665 3.1285539455711842 493.66011981081101 751.24947359386715 469.61697642458603
leaf_count=123599 200460 17785 1441 5995 341 430 184 66 1212 3030 4736 84 98 2448 1841 710 3274 1430 476 235 9502 708 87 4598 818 138 83 19545 36776 24938
internal_value=0.000192921 -0.0188832 0.00714418 0.0444187 0.116222 0.162328 0.227037 0.325908 0.000701606 0.00680614 0.0209648 0.0116898 0.000196413 -0.00865304 -0.0116083 0.00338539 -0.0237734 -0.0330378 -0.0542584 -0.0460208 0.00976771 -0.0685118 -0.10879 -0.00415331 -0.0265307 -0.0847535 -0.154381 -0.000564755 -0.00454002 -0.0107069
internal_weight=5492.22 141.713 50.1337 26.4005 9.82996 7.47946 4.31263 2.0216 5350.51 918.496 291.629 215.512 626.867 325.766 308.903 138.689 170.214 41.1961 55.8958 53.952 301.101 38.0022 15.6449 126.474 51.3485 14.9354 5.18963 4432.01 1714.53 963.277
internal_count=467068 149841 26242 8457 2462 1021 591 250 317227 35508 13487 8751 22021 11307 8859 3981 4878 2140 1604 1506 10714 1030 322 5721 1123 305 167 281719 81259 44483
is_linear=0
shrinkage=0.05


Tree=140
num_leaves=31
num_cat=0
split_feature=0 0 5 8 20 10 4 6 7 0 9 6 8 10 9 8 8 1 8 10 9 10 20 7 4 20 9 9 16 5
split_gain=21.4049 17.9205 13.28 24.4799 36.9856 25.3026 23.5714 45.8824 55.0737 33.9072 33.7026 32.5354 28.6985 28.4654 27.1078 26.7292 24.7843 24.4724 45.4645 41.2554 70.4183 50.3558 38.4775 36.8738 24.1996 70.4152 23.9721 26.6387 27.9639 23.6462
threshold=0.00017587847631490305 0.99880788517528318 0.29782957488807482 36.500000000000007 0.14669632209127278 9.9332838058471697 5.5000000000000009 3.5000000000000004 0.9989444560172055 0.0024420073662584636 0.057322695851325996 3.5000000000000004 13.500000000000002 1.0000000180025095e-35 0.089456629008054747 21.500000000000004 17.500000000000004 2.406819681551482 14.500000000000002 1.9102976322174074 0.15387447923421863 1.1613626480102541 0.49818355910221485 0.99103554896432011 7.5000000000000009 0.74887715607689676 0.022371314465999607 0.19348897784948352 0.001295471409899551 0.13310560222370105
decision_type=2 2 2 2 8 10 2 2 10 2 10 2 2 10 8 2 2 2 2 8 8 10 8 8 2 10 8 10 8 2
left_child=-1 2 6 -4 5 -5 7 8 13 16 -10 17 -12 15 29 -2 -9 23 22 20 24 -22 26 -8 -20 -26 -19 28 -28 -13
right_child=1 -3 3 4 -6 -7 11 9 10 -11 12 14 -14 -15 -16 -17 -18 18 19 -21 21 -23 -24 -25 25 -27 27 -29 -30 -31
leaf_value=-0.038070333614913784 -0.0056778118953251556 0.030043490342216008 -0.0072625791705252622 0.32062360165302761 0.0053549692309174711 -0.016950269431515765 0.0076842211412118545 0.16110544410548722 0.0098933751118951609 0.016942027505345732 -0.018616305573476332 -0.0011302300224381248 -0.099439380703545063 0.01273873026381747 -0.0024090250236275743 -0.071166103204861789 0.034831770702555082 0.032924252097275342 0.042816191013005281 0.038488845919908116 -0.018805114788399808 -0.33497951683415383 0.022091700391236809 -0.007199464952796818 -0.0035161738267653897 -0.32048155529036615 0.011047315494362289 0.042153235295858266 -0.12130304034216072 -0.024704835382022707
leaf_weight=36.542527487268671 171.6486478575971 47.588247798616067 795.92497500317404 1.013769668585154 5.562745448667556 0.63400023750727985 888.16306264206651 6.0953278460656319 19.763292858551722 403.61253263585968 18.878614369925344 161.99513051385293 27.232249187800335 324.92189372060238 1159.7588237920427 16.164852291287389 10.245285692973992 5.4872175292111924 23.40966609120369 173.30682752933353 2.5795346165541551 1.7227731936145572 26.591510212281719 781.23732995765749 24.68575530033559 0.88804301014169951 4.7938836715184214 3.533879318740218 18.91371596744284 309.31668282856117
leaf_count=58467 6427 7586 33138 75 194 115 57885 1791 1709 13813 2286 18883 1832 23659 81118 718 5067 270 2250 18578 143 143 2038 98158 1900 92 75 165 310 27827
internal_value=-0.000445907 -0.000186012 -0.000458528 -0.00638527 0.0795454 0.233391 0.000580813 0.00737093 -0.00176332 0.0199304 -0.0444424 -0.0013113 -0.0674465 0.00379575 -0.00652352 -0.0116614 0.0885084 0.00303771 0.0165272 0.0267109 -0.0115989 -0.18471 -0.0221707 0.000718891 0.00699692 -0.0261686 -0.0577219 -0.0764999 -0.0951767 -0.0166215
internal_weight=5472.21 5435.67 5388.08 803.135 7.21052 1.64777 4584.95 998.563 578.61 419.953 65.8742 3586.38 46.1109 512.735 1631.07 187.814 16.3406 1955.31 285.913 226.593 53.2858 4.30231 59.3202 1669.4 48.9835 25.5738 32.7287 27.2415 23.7076 471.312
internal_count=466712 408245 400659 33522 384 190 367137 57302 36631 20671 5827 309835 4118 30804 127828 7145 6858 182007 25964 23106 4528 286 2858 156043 4242 1992 820 550 385 46710
is_linear=0
shrinkage=0.05


Tree=141
num_leaves=31
num_cat=0
split_feature=2 4 12 8 15 10 18 20 20 4 20 10 2 15 20 6 7 8 10 18 10 6 4 8 13 20 17 12 9 20
split_gain=18.5397 19.5852 28.7704 16.9896 16.4682 20.4574 24.9143 24.5537 30.7636 21.097 19.1597 22.4774 17.9983 17.2569 16.431 22.2646 19.0505 18.3152 15.9507 15.9529 15.9214 34.0944 36.4973 131.338 14.9572 18.2802 22.8022 20.9117 18.3564 16.1145
threshold=-0.99555655797279841 5.5000000000000009 0.021564073860645298 12.500000000000002 0.69192599075605388 18.801959991455082 1.1378124356269839 0.6622948989861035 0.34120141913783952 6.5000000000000009 0.0094702072194118945 11.002777576446535 -0.95261374700822465 0.00048491689001188836 0.38563252078356985 8.5000000000000018 0.99948721670453244 40.500000000000007 6.5015528202056894 1.4130879640579226 2.1948764324188237 8.5000000000000018 7.5000000000000009 23.500000000000004 107.50000000000001 0.52294222304992355 0.15583156794309619 0.087471403181552901 0.047147007659077651 0.029996004655848677
decision_type=2 2 10 2 10 8 10 10 8 2 10 10 2 8 10 2 10 2 10 10 10 2 2 2 2 8 8 10 8 10
left_child=1 2 3 -1 13 6 10 8 9 -8 11 -6 -12 -2 15 17 20 -14 19 -10 21 22 -16 -24 -15 27 28 -26 -27 -29
right_child=4 -3 -4 -5 5 -7 7 -9 18 -11 12 -13 14 24 16 -17 -18 -19 -20 -21 -22 -23 23 -25 25 26 -28 29 -30 -31
leaf_value=-0.036256698929231106 0.01358924524278988 -0.037538858502891251 -0.03274012496271838 0.094931605085700588 0.025912896540513208 0.026180501270570086 -0.063922081690099455 0.032263335256665214 -0.12310145212671703 0.048325199509325283 0.085269457133304971 -0.036764396510727097 -0.026668558442215141 5.2033177321935972e-05 0.027372596900733071 0.030219590321798408 -0.027891025361592315 0.04463110657238991 0.0034154238774840914 -0.025981325388634832 0.015309519529746018 -0.062933506417204063 -0.34860283116957635 0.028566279676338291 -0.016037094352745026 0.031609381483332109 0.015300244786767501 -0.021695186598377724 -0.025047277748064336 0.023438772819464732
leaf_weight=2.6190793204878018 199.13283150986535 62.60257524769986 15.184622656786813 9.7409618116507755 161.79170534777222 115.735163840116 5.5677196248434493 12.167556562228127 15.05106608709321 10.581806603353471 5.3527900117915115 14.809907550312344 120.05267135548638 3415.4760372950404 50.32608930231072 23.899905481550377 36.543320231838152 8.8361103336792421 4.8365547715220591 6.6100201597437254 275.17797339125536 21.090485693886876 2.118923195404931 8.3845283922273648 510.21855996130034 16.43297927826643 161.08959255111404 27.488806225534063 80.721985629177652 64.170899287099019
leaf_count=2543 28314 85209 15369 5350 7160 7643 131 545 143 273 1012 830 2045 198620 2493 329 1775 219 155 88 15281 265 84 402 71682 1183 6295 5577 3829 1669
internal_value=0.000100517 -0.0222608 0.0125612 0.0664999 0.000479717 0.00665133 0.00373575 -0.0284691 -0.0461387 0.00815596 0.00619504 0.0204793 0.00159448 -0.000761314 0.000620543 -0.0132444 0.00602203 -0.0214746 -0.0783229 -0.095919 0.00956069 -0.00970197 0.00947353 -0.0712121 -0.0014327 -0.00732168 0.00379619 -0.0120903 -0.0152399 0.00981501
internal_weight=5463.81 90.1472 27.5447 12.36 5373.67 898.934 783.199 54.8147 42.6472 16.1495 728.384 176.602 551.783 4474.73 546.43 152.789 393.641 128.889 26.4976 21.6611 357.098 81.92 60.8295 10.5035 4275.6 860.123 258.245 601.878 97.155 91.6597
internal_count=466513 108471 23262 7893 358042 40873 33230 1335 790 404 31895 7990 23905 317169 22893 2593 20300 2264 386 231 18525 3244 2979 486 288855 90235 11307 78928 5012 7246
is_linear=0
shrinkage=0.05


Tree=142
num_leaves=31
num_cat=0
split_feature=0 15 9 0 14 6 2 7 20 10 18 7 13 21 9 8 12 7 12 7 8 21 15 18 21 9 8 8 12 10
split_gain=21.5327 16.4781 17.827 17.2411 16.7507 24.7591 21.3899 19.5259 16.939 16.1114 25.3347 16.1111 15.6207 15.3971 15.2839 15.189 16.3626 14.0649 13.9041 18.1051 19.0946 17.6935 13.8956 14.5269 24.7253 28.8816 23.4045 20.8133 21.2837 34.5022
threshold=0.00017587847631490305 0.76633613242035958 0.018711629323661331 0.20616194905323768 -1.242453336715698 1.0000000180025095e-35 -0.85281531390292276 0.97771555092227391 0.048573699000753111 1.7132022976875307 0.21980722248554233 0.99898703877044215 14.500000000000002 0.014878236130392578 0.14087635278701785 7.5000000000000009 0.12738125771284106 0.99984537104067617 0.036939349025487907 0.99739692225671794 30.500000000000004 0.11484968435565153 0.28134213951541076 0.01864705886691809 0.00013958666888919899 0.039189539849758155 31.500000000000004 36.500000000000007 0.01323414593935013 2.4291398525238042
decision_type=2 10 10 2 2 2 2 10 8 10 10 10 2 8 10 2 8 10 8 10 2 8 10 10 8 8 2 2 10 8
left_child=-1 4 3 -3 5 -2 8 9 -7 -6 14 18 -4 -12 -11 16 -14 22 19 -10 -21 -20 23 -9 25 -25 -26 28 29 -28
right_child=1 2 12 -5 7 6 -8 17 11 10 13 -13 15 -15 -16 -17 -18 -19 21 20 -22 -23 -24 24 26 -27 27 -29 -30 -31
leaf_value=-0.038750418569602901 -0.014764992849112955 0.1359958915850156 -0.0088037098500549325 0.027766620721758881 -0.00090480376728587939 -0.027986682832065457 0.0052891284811633806 -0.0051874770340648059 -0.032163238783819992 -0.0034403818160000364 0.097717864836072338 0.06244428670928457 -0.07879790966170705 0.028660024535772273 0.038484305196031014 0.010931603207923224 0.031219994481337821 0.046064811901623655 0.14337186783651781 -0.021154178659165562 0.11483602396116298 0.0083300689232038583 -0.00073502381143762414 0.18594174327366911 -0.027182234403074115 -0.026872865897722545 -0.024733143038566205 -0.022765383803278746 -0.01216543100137351 0.061242438602897575
leaf_weight=34.378711698140251 196.13007648516214 3.2715233823400913 147.48229681226076 34.709634092869237 393.15901602461236 88.657933741575107 2007.4437079743366 638.17036991904024 50.032625089690555 89.624529191467445 12.297779117303433 8.7933821257902292 8.6705878146167343 23.907891623734031 27.642735320783686 516.71469401646755 4.5171268224075911 11.715176065219564 1.5806500621256407 5.1006655200035294 3.7442651614546776 43.579845951171592 617.20376440451946 2.2467610205349038 278.27212527478696 2.7031937182764523 16.694830334279686 81.778478541556979 49.92486178688705 34.568207085336326
leaf_count=58559 10311 81 5491 1758 17016 57976 48900 64080 12477 7453 711 1118 341 1115 2866 27857 510 1536 518 1369 466 7882 23197 647 75750 1612 3862 17857 9265 4553
internal_value=0.000130013 0.000384655 0.00744721 0.0403386 -0.000695111 0.00221538 0.00372905 -0.00376499 -0.0117634 0.00446864 0.0181508 0.00111806 0.00554623 0.0541125 0.00668412 0.00954916 -0.0415696 -0.00636275 -0.00461043 -0.0204687 0.0422307 0.0160602 -0.00674605 -0.0101018 -0.0168035 0.084739 -0.0180742 -0.00414952 0.0109711 0.0333053
internal_weight=5434.72 5400.34 715.366 37.9812 4684.97 2405.06 2208.93 2279.91 201.489 546.632 153.473 112.831 677.385 36.2057 117.267 529.902 13.1877 1733.28 104.038 58.8776 8.84493 45.1605 1721.56 1104.36 466.188 4.94995 461.239 182.966 101.188 51.263
internal_count=467134 408575 36038 1839 372537 141017 130706 231520 81806 29161 12145 23830 34199 1826 10319 28708 851 202359 22712 14312 1835 8400 200823 177626 113546 2259 111287 35537 17680 8415
is_linear=0
shrinkage=0.05


Tree=143
num_leaves=31
num_cat=0
split_feature=0 0 5 18 15 20 12 9 5 23 0 8 7 4 12 20 22 15 23 18 20 1 8 7 9 0 8 0 2 4
split_gain=16.289 15.7417 14.2899 24.5738 27.9295 19.8535 48.156 44.9714 44.1764 35.1775 40.8603 39.6653 35.0638 30.6506 35.9476 30.0722 25.9559 25.6998 25.127 26.7261 25.0972 22.9579 26.9472 22.9019 36.1404 26.7223 22.2846 22.1854 36.6865 22.622
threshold=0.99880788517528318 0.00017587847631490305 0.29782957488807482 0.044507618993520744 0.90256268262335848 0.14669632209127278 0.048103412613272674 0.051984336227178581 0.24787132886348448 2.2500000000000004 0.048633626950961205 13.500000000000002 0.99103554896432011 7.5000000000000009 0.24027881026268008 0.00019855741499147467 0.91666666666666685 0.15819933070890427 1.2500000000000002 0.17612651735544207 0.023353917924986155 -0.26516354677180948 9.5000000000000018 0.99955583662882519 0.46270996332168585 0.994178333318532 26.500000000000004 0.0042237419612393429 -0.9874257634053385 6.5000000000000009
decision_type=2 2 2 8 10 10 10 10 2 10 2 2 8 2 10 8 10 10 8 10 10 2 2 8 8 2 2 2 2 2
left_child=1 -1 5 -4 -5 7 -7 15 12 13 11 -11 18 14 -8 27 -15 21 -9 -20 -19 26 -23 -12 -25 -26 -17 28 -3 -30
right_child=-2 2 3 4 -6 6 9 8 -10 10 23 -13 -14 16 -16 17 -18 20 19 -21 -22 22 -24 24 25 -27 -28 -29 29 -31
leaf_value=-0.033990852013677297 0.029402476024846153 -0.0038596896147052467 -0.022265516608757668 -0.0047265722964071211 0.0320500310775906 -0.00098050359229727782 -0.0030799700737490858 0.024733295340468878 0.014008291747666254 -0.044546559772804382 0.025792910521683712 0.11275858739844864 -0.020666992814573612 0.051776510163054158 0.06967597251895663 -0.0099121148043466306 -0.0085444157630392911 0.034510045393103699 -0.017519794782876151 0.014030232358913387 -0.021564592126166564 -0.057955047844184537 0.017351201021536249 0.0073793383900387574 -0.014629359783451723 -0.2434256765368831 0.0095980351294906868 0.030299414731046845 -0.015905474432675325 0.33629111696920377
leaf_weight=33.216607924114214 45.923203284852207 2.2486180554842572 181.15287850020104 566.21693013820914 55.795828958391212 1454.1160094788647 386.90537302335724 73.590038097987417 175.26015339337755 4.2963627424323958 266.97331734606996 21.760512124456 604.07462381359073 57.205296375381295 16.754532860475592 506.43213792215101 25.344998403335921 104.46183789602946 211.92936572991312 97.147958565066801 23.887452134862542 11.559195914305745 229.95095629384741 18.529258667258549 2.5354437269270411 1.883196339709684 204.7825072016276 50.483617417281494 0.46562604838982213 1.1973314328934064
leaf_count=58576 7589 2853 10939 20599 2136 65374 13502 4873 20776 173 8809 2153 108251 2075 274 58309 1044 6151 20820 8789 821 132 5892 1607 87 172 31143 2366 415 560
internal_value=7.04914e-05 -0.000184819 3.11054e-05 -0.00611368 -0.00138149 0.00111599 0.00444646 -0.00215532 -0.00906667 0.0142728 0.0272349 0.0861337 -0.0131752 0.00581041 0.0001046 0.00491928 0.0333759 0.0030752 -0.00132558 -0.00758985 0.0239878 0.000235697 0.0135228 0.0216635 -0.0254491 -0.139069 -0.0042889 0.0408522 0.14315 0.268736
internal_weight=5436.08 5390.16 5356.94 803.166 622.013 4553.78 2256.3 2297.47 1162 802.188 315.978 26.0569 986.742 486.21 403.66 1135.47 82.5503 1081.07 382.667 309.077 128.349 952.725 241.51 289.921 22.9479 4.41864 711.215 54.3952 3.91158 1.66296
internal_count=467260 459671 401095 33674 22735 367421 95270 272151 163509 29896 13001 2326 142733 16895 13776 108642 3119 102448 34482 29609 6972 95476 6024 10675 1866 259 89452 6194 3828 975
is_linear=0
shrinkage=0.05


Tree=144
num_leaves=31
num_cat=0
split_feature=0 23 0 5 18 12 23 10 4 8 1 8 2 20 23 15 12 8 23 4 8 21 0 8 10 8 10 4 21 3
split_gain=16.2565 13.2805 12.6913 11.4319 24.1956 44.7452 30.146 25.4769 24.8829 26.5012 30.2529 23.9505 38.4727 22.3137 31.1808 28.8258 24.217 23.1106 27.3172 26.8283 25.2347 20.6171 19.4223 19.3592 21.3735 26.9335 41.3446 36.3738 19.2034 43.4077
threshold=0.00017587847631490305 0.75000000000000011 0.99835311169402707 0.089330632595889456 0.27294342219829565 0.13332327455282214 2.7500000000000004 1.8153499960899355 2.5000000000000004 13.500000000000002 0.63232762221637795 15.500000000000002 -0.92421148839884493 0.11277237412252998 1.7500000000000002 0.36184675560624185 0.0059043804649263629 30.500000000000004 1.2500000000000002 7.5000000000000009 15.500000000000002 0.0075702280451221769 0.13628615533013341 41.500000000000007 43.416666030883796 9.5000000000000018 1.600341320037842 7.5000000000000009 0.34925956059003627 2.5000000000000004
decision_type=2 10 2 2 10 10 10 10 2 2 2 2 2 8 10 10 8 2 10 2 2 8 2 2 8 2 10 2 8 2
left_child=1 -1 3 4 6 7 8 11 -2 -10 -11 12 -6 14 15 -5 -15 19 21 20 -17 -19 -20 24 25 26 27 -16 29 -18
right_child=2 -3 -4 13 5 -7 -8 -9 9 10 -12 -13 -14 16 23 17 28 18 22 -21 -22 -23 -24 -25 -26 -27 -28 -29 -30 -31
leaf_value=0.045370796908509939 0.11052268646404556 -0.046644302851933363 0.021448052814736038 -0.0064914348916114643 0.2700094043854197 -0.072668365800457962 -0.025134249167638824 0.051702184981356217 -0.014092549509577749 0.0027408855204939069 0.029257558127946167 -0.0018460699143140744 0.015271280905958938 -0.012221902152829991 -0.026125345108157096 -0.018488630229817293 0.0076517453561714887 0.030357388745962589 0.17402196273764997 -0.038457386073960029 0.027120722657684462 -0.073817820218194746 0.052236214553602146 0.013554313858733522 0.021755581713223223 -0.022625595722316302 -0.048526178436433635 0.31273202147540302 0.0016537561934427153 0.076927863296844187
leaf_weight=3.713532080379081 4.5231528229778624 28.349968746013474 68.563349456992 530.50139545911225 1.1849841976654714 10.295675783912882 93.544508888502605 70.860974264971446 159.7543412950472 479.33984537608922 137.78088095947169 59.737933582568076 5.0228899555513626 300.61443150707055 0.98377087854896594 41.657709771883674 133.04328926111339 12.294823104923127 2.9497684943489721 28.027817803842481 105.06676190855796 6.4001570703112511 35.017684530699626 50.621031935123028 29.897495038836496 462.91585396486335 2.5694324130890891 1.3255957211949863 2520.2135600453475 26.314605303807184
leaf_count=3543 77 54938 11099 86144 447 725 10747 7174 6838 28669 9156 5823 152 15500 302 2747 2629 336 316 1636 4184 141 523 6137 2663 110076 626 48 90681 2442
internal_value=1.5177e-05 -0.0349374 0.000229899 -4.79305e-05 0.00470163 0.0233916 0.00153621 0.0310956 0.00475709 0.00400001 0.00869886 0.00851162 0.0946109 -0.00118018 -0.00661574 -6.88273e-05 0.00121096 0.0146191 0.0420743 0.00552818 0.0141339 -0.00724384 0.065921 -0.0156964 -0.0186928 -0.0213188 0.0854342 0.204106 0.00272195 0.0194996
internal_weight=5413.09 32.0635 5381.02 5312.46 1022.05 147.102 874.943 136.807 781.398 776.875 617.121 65.9458 6.20787 4290.42 1310.23 761.916 2980.19 231.415 56.6624 174.752 146.724 18.695 37.9675 548.313 497.692 467.795 4.8788 2.30937 2679.57 159.358
internal_count=466519 58481 408038 396939 69808 14321 55487 13596 44740 44663 37825 6422 599 327131 215879 96027 111252 9883 1316 8567 6931 477 839 119852 113715 111052 976 350 95752 5071
is_linear=0
shrinkage=0.05


Tree=145
num_leaves=31
num_cat=0
split_feature=6 10 7 8 2 20 10 7 22 23 8 4 23 3 8 17 7 6 8 20 9 21 8 4 3 8 21 8 6 9
split_gain=11.7598 47.2735 21.9935 20.9314 20.3149 23.0286 16.2459 21.9225 19.4769 25.9359 25.7502 28.2597 39.4263 29.5757 24.1533 23.7586 46.5399 22.4151 23.1603 27.0642 21.4209 22.0769 33.7518 43.6844 27.5873 22.5679 21.163 23.2838 28.4283 22.44
threshold=1.5000000000000002 1.0000000180025095e-35 0.99733134779179022 23.500000000000004 -0.9072698398280733 0.0014544392851640862 6.5015528202056894 0.9182389456553719 0.70833333333333337 1.2500000000000002 11.500000000000002 5.5000000000000009 0.75000000000000011 2.5000000000000004 43.000000000000007 0.91187036037445079 0.99768588916965306 13.500000000000002 40.500000000000007 0.99101311106043177 0.46270996332168585 0.00069432280314134524 13.500000000000002 6.5000000000000009 2.5000000000000004 41.500000000000007 0.99943384226112431 15.500000000000002 3.5000000000000004 0.27597160637378698
decision_type=2 10 8 2 2 10 8 10 8 8 2 2 10 2 2 10 10 2 2 8 10 10 2 2 2 2 10 2 2 10
left_child=1 -1 4 -4 5 -3 7 -2 10 14 -9 12 13 -12 -10 -14 -17 18 19 -11 21 22 23 -13 -24 -23 -21 -28 -29 -30
right_child=6 2 3 -5 -6 -7 -8 8 9 17 11 20 15 -15 -16 16 -18 -19 -20 26 -22 25 24 -25 -26 -27 27 28 29 -31
leaf_value=-0.0049287764399232924 0.010404901212837589 -0.01952897922535056 -0.002159099794030481 0.050434782514284515 0.023006739394860892 0.093609397877311318 0.0037255322887433879 -0.03620501394703575 -0.01906021537356814 0.01851704381501855 0.037886444734046051 -0.0004430175172646226 0.0068586979712440092 0.183058632093927 0.11229279579013013 0.0082548607262598866 -0.072376161582215631 -0.096175662085848129 -0.034610254230036261 0.001364397012105634 0.023945644410583049 -0.014241911837218409 0.022303605989082934 0.3315074120662555 -0.03105454684039867 0.006349766527107302 0.043201131807712317 -0.16778415704667918 0.03398148965744302 -0.097304548537089655
leaf_weight=471.77260566974292 289.68399236671394 5.3308018165989806 146.33500418279436 20.714590930030681 204.10430545150302 20.039262841339223 1475.1931534561736 69.850858257239452 143.8993932037265 370.47980734671 17.614106684224684 2.1246285463275849 383.89090074418345 3.6660675611346951 2.601811875589191 44.333065124083078 28.809814723645104 4.1860346586909136 28.981318378180731 182.3448361553601 46.98826019957778 1159.3113572535804 77.094000139652053 0.85333186789648596 34.141774643328972 149.7198445503891 4.450156704173426 4.8656796939903897 6.1591234989464265 5.1181554108043201
leaf_count=22315 15207 2725 12313 2158 5607 3726 121756 9833 5527 11774 395 992 28685 606 24 622 464 46 962 10456 2291 162540 4543 105 28840 11693 355 145 330 47
internal_value=0.000437559 0.00576499 0.0184685 0.00462399 0.0284831 0.0699975 -0.000583201 -0.00266014 -0.004029 0.00283033 -0.00658843 -0.00550871 0.0050404 0.0699899 -0.0159819 0.00187006 -0.0240522 0.00739266 0.00827055 0.0104943 -0.00894177 -0.0100436 0.0109664 0.154101 0.00579553 -0.0118837 -0.00417091 -0.0509774 -0.0779454 -0.0286746
internal_weight=5404.66 868.297 396.524 167.05 229.474 25.3701 4536.36 3061.17 2771.48 753.086 2018.4 1948.55 478.314 21.2802 146.501 457.034 73.1429 606.585 602.399 573.418 1470.23 1423.24 114.214 2.97796 111.236 1309.03 202.938 20.5931 16.143 11.2773
internal_count=467082 48844 26529 14471 12058 6451 418238 296482 281275 29666 251609 241776 30772 1001 5551 29771 1086 24115 24069 23107 211004 208713 34480 1097 33383 174233 11333 877 522 377
is_linear=0
shrinkage=0.05


Tree=146
num_leaves=31
num_cat=0
split_feature=2 16 9 9 15 7 21 7 13 7 24 10 10 10 7 5 15 21 10 21 7 23 9 0 21 9 5 4 5 10
split_gain=16.7634 14.8654 23.103 27.2737 33.4934 20.5934 20.0737 24.0016 19.4975 29.5038 23.543 29.3298 22.1751 21.7603 20.1394 18.4529 21.5217 15.9588 19.9529 18.0378 15.9307 15.2876 15.2433 20.3196 18.5594 15.5759 17.4325 28.1004 44.1045 24.145
threshold=-0.99555655797279841 0.99438979067326183 0.051161078736186034 0.16598966717720035 0.18872484928402403 0.99981078485363784 0.99405415712682887 0.99955583662882519 56.500000000000007 0.96125764289025761 2.5000000000000004 35.806249618530281 1.0000000180025095e-35 1.4343671798706057 0.99782873314292575 0.29782957488807482 0.5143828721425302 0.99919395360872809 10.240726947784426 0.99542100394509503 0.99268262646771854 2.7500000000000004 0.38893118500709539 0.98830705830341004 0.89139992028206028 0.22719970345497134 0.096420905153565731 5.5000000000000009 0.21424518187359345 12.003460407257082
decision_type=2 10 10 10 10 8 10 10 2 8 10 10 10 10 8 2 10 8 10 10 10 8 8 2 10 10 2 2 2 8
left_child=-1 8 17 5 -5 -4 -6 -8 -2 12 15 22 -10 -14 -13 16 -11 18 -3 -20 -18 -9 25 24 -24 26 29 -28 -29 -12
right_child=1 2 3 4 6 -7 7 21 9 10 11 14 13 -15 -16 -17 20 -19 19 -21 -22 -23 23 -25 -26 -27 27 28 -30 -31
leaf_value=-0.021928039875938346 0.0010294700117370271 0.027500322996269061 -0.014565236243525296 -0.018405933730534028 0.0059820558361102514 0.036797020190727378 0.030799266996756586 -0.040390519698870808 -0.0037122080206367447 -0.0049804548059101481 -0.0063908300571386238 0.066738102437664301 0.088078076115868709 0.018810453441200688 -0.051247931097040456 -0.024671525496636273 0.038664776730345671 0.071567049508949709 0.002759455705934256 -0.1296186546234647 -0.0081684032483420807 0.057767013242308624 -0.052143856635020483 -0.11357020136045447 -0.01016008116923295 0.0023377681203181444 0.00030140172821424799 -0.032181862240227219 -0.12323491668427947 0.15144173418910231
leaf_weight=83.39402845108998 3290.1075724130205 79.922751306905411 239.93186665486428 98.22247874684399 377.79381240723887 20.284324929933064 194.35046892834362 19.473040576442148 95.278589879104402 199.70506081546773 57.572135028836783 14.785879591829145 13.457473912712883 56.776014992035925 3.8853379510110235 68.657913550938247 60.224824684381019 16.573361599410418 7.1994945036421978 2.9700753601500764 25.379883407964371 3.9945034700212991 52.041512581374263 7.2833547242917112 53.454194799647667 84.605256298178574 47.451186231017346 92.079180476343026 14.859694366750771 1.5276905835489731
leaf_count=108370 180940 9666 17933 18049 14766 2680 15674 1395 4455 29784 13057 226 762 2326 295 2561 2301 898 415 54 795 220 3124 345 1208 6518 4117 22128 1691 128
internal_value=0.000180809 0.000532766 0.0058236 0.00334213 0.00851705 -0.0104359 0.0129803 0.0250357 -0.000792168 -0.00710191 -0.0111531 -0.019007 0.0120278 0.033133 0.040829 -0.00159566 0.00402417 0.0277814 0.0190294 -0.0440455 0.0248458 -0.0220046 -0.0218186 -0.0374391 -0.031166 -0.0158034 -0.0229701 -0.0317609 -0.0458586 0.000140987
internal_weight=5383.24 5299.85 1060.72 954.05 693.834 260.216 595.612 217.818 4239.13 949.025 783.513 429.545 165.512 70.2335 18.6712 353.968 285.31 106.666 90.0923 10.1696 85.6047 23.4675 410.874 112.779 105.496 298.095 213.49 154.39 106.939 59.0998
internal_count=466881 358511 81750 70717 50104 20613 32055 17289 276761 95821 88278 52837 7543 3088 521 35441 32880 11033 10135 469 3096 1615 52316 4677 4332 47639 41121 27936 23819 13185
is_linear=0
shrinkage=0.05


Tree=147
num_leaves=31
num_cat=0
split_feature=0 1 4 4 7 16 13 21 20 6 20 18 4 10 18 21 7 6 4 16 13 4 21 20 23 23 20 21 10 20
split_gain=16.186 14.3871 20.1066 34.4902 52.2297 25.8353 38.2901 22.9865 25.7192 19.2369 16.7102 51.294 18.4594 30.3426 31.0908 34.8888 29.389 26.5173 30.9984 24.8746 24.8786 22.7454 22.5177 18.6905 20.5569 17.8769 34.3633 17.5324 27.9271 19.9312
threshold=0.00017587847631490305 3.3778801644207861 3.5000000000000004 5.5000000000000009 0.99782873314292575 0.99570144199640198 349.50000000000006 0.0046710482605033053 0.7709872405840843 1.0000000180025095e-35 0.99283477112007079 0.37630885839462286 5.5000000000000009 1.0000000180025095e-35 0.11889963969588281 0.89139992028206028 0.98576854864800889 9.5000000000000018 4.5000000000000009 0.99929073751015973 100.50000000000001 2.5000000000000004 0.61695448872070502 0.34120141913783952 1.7500000000000002 1.7500000000000002 0.087929044516326063 0.99106626018212884 19.527242660522464 0.5575113001231583
decision_type=2 2 2 2 10 10 2 8 10 2 10 10 2 8 10 8 8 2 2 10 2 2 8 10 10 10 10 8 10 10
left_child=-1 10 -3 4 -4 6 9 -8 -9 -5 12 -12 13 14 15 21 -14 27 22 20 23 -2 -19 -18 -25 -23 -27 -15 29 -29
right_child=1 2 3 5 -6 -7 7 8 -10 -11 11 -13 16 17 -16 -17 19 18 -20 -21 -22 25 -24 24 -26 26 -28 28 -30 -31
leaf_value=-0.035588796098476046 0.10959074227417692 0.04211071067104985 0.014070091949627109 -0.031888738628876916 -0.039468311360085939 0.032871126459997048 0.035847919731920738 -0.082697267768888361 0.028973748026811703 0.018657597261716133 -0.006245270672157765 -0.10115394860328662 0.0045274310489142678 0.0063658751584910363 -0.057936835926504608 -0.070690940242059616 -0.0073487271165929725 0.004201757917006322 0.043590219481829853 0.032558053276519429 -0.016797214922660449 -0.0153207375220393 -0.037361890741472795 -0.0077712654830395106 0.011180523486211961 -0.046671854823701842 0.063893882227063659 0.013757861204434728 -0.031400193052660501 0.041317884401134014
leaf_weight=30.104957840347197 4.2784832380129947 39.280169383622706 91.770762040279806 20.115136226639152 88.707343149464577 123.27174041839316 7.0807578826788804 23.93842124496587 5.9542867792770258 178.54798641940579 119.56294436880853 15.18628384824842 1163.582392366312 793.26739979017293 33.962907692941371 15.27503346360754 1046.3366996970144 54.233146042854059 20.848537699144799 41.409679178730585 431.93583103534183 52.389443238789681 79.949106581741944 235.0104557791492 362.66196759033483 9.1620253232540581 22.635587176016998 161.84959462541156 22.932961596292444 111.19093312718906
leaf_count=58572 70 5214 7158 556 5013 17244 796 1503 797 16733 3979 511 61509 52345 1470 303 113710 1187 490 5507 84493 1823 860 5374 9739 1065 322 5700 818 2298
internal_value=0.000375686 0.000583651 0.0080241 0.00546845 -0.0123172 0.0144214 0.00467142 -0.0413754 -0.0602358 0.0134056 -0.000315259 -0.0176079 0.000188133 0.00503333 -0.017157 -0.00338075 -0.00185364 0.00750094 -0.0117922 -0.00536081 -0.00613251 0.00890171 -0.0206561 -0.00332202 0.00372797 0.00255817 0.0315843 0.0102552 0.0206229 0.025091
internal_weight=5406.43 5376.33 578.667 539.386 180.478 358.908 235.637 36.9735 29.8927 198.663 4797.66 134.749 4662.91 1381.98 137.703 103.741 3280.94 1244.27 155.031 2117.35 2075.94 88.4655 134.182 1644.01 597.672 84.1871 31.7976 1089.24 295.973 273.041
internal_count=467159 408587 55014 49800 12171 37629 20385 3096 2300 17289 353573 4490 349083 68751 5053 3583 280332 63698 2537 218823 213316 3280 2047 128823 15113 3210 1387 61161 8816 7998
is_linear=0
shrinkage=0.05


Tree=148
num_leaves=31
num_cat=0
split_feature=2 20 23 5 5 5 15 4 15 16 12 23 8 8 5 18 18 15 12 12 12 23 8 20 8 2 12 18 7 12
split_gain=14.933 16.9444 20.9761 27.3684 16.6636 15.211 23.037 22.4615 35.5174 43.7062 35.4446 37.3484 35.1579 20.9286 50.988 22.8615 21.9778 24.3469 49.0075 21.5091 20.71 26.4551 19.6251 19.3881 22.8253 35.3619 29.1659 18.444 17.8002 16.9864
threshold=-0.99608462651288388 0.17196969134905246 2.2500000000000004 0.19424511767618693 0.23369714038361292 0.20067673966180954 0.080564649843843705 5.5000000000000009 0.83354802003230644 0.99510366426655794 0.02046933583915234 1.7500000000000002 25.500000000000004 16.500000000000004 0.32024815881366248 0.083093639463186278 0.17200569063425067 0.45838956010634618 0.016890371218323711 0.0074332219082862147 0.013983539305627348 1.2500000000000002 30.500000000000004 0.00019855741499147467 13.500000000000002 -0.50976495736487071 0.013055935036391022 1.0993242859840395 0.99809147376500895 0.0067627858370542535
decision_type=2 8 10 2 2 2 10 2 8 10 8 10 2 2 2 8 10 10 10 8 8 8 2 8 2 2 8 10 10 10
left_child=1 -1 -3 -4 -5 6 23 13 10 -10 11 -9 -13 15 16 20 -15 27 22 -16 21 -7 -19 24 25 26 -2 -18 -29 -8
right_child=5 2 3 4 -6 7 29 8 9 -11 -12 12 -14 14 19 -17 17 18 -20 -21 -22 -23 -24 -25 -26 -27 -28 28 -30 -31
leaf_value=-0.042078611747102965 0.35410245470922719 -0.030244124251495991 -0.041149428124695464 0.16411621371784729 0.025590312618164336 -0.083942238156239385 0.024864966553074228 -0.0087938931014611664 -0.0039911164211612424 0.039639630294403705 -0.0098079962817661411 -0.094034016661583619 -0.016811186419067294 0.029677229353067047 -0.041936165843853651 0.0047595983358441896 -0.023415728387876426 0.026868134854037936 0.041445751817553597 -0.0026552328090720684 -0.023828977169299891 0.037313138797149807 -0.074185557119920226 -0.0010737664806087961 0.014324178619643477 0.03404208068882953 -0.018598974975835524 -0.036117440582499168 0.085439957206081038 0.0062756763171850976
leaf_weight=42.39853574114386 0.97312174865510281 16.430197657697139 4.6083155701635397 4.0049047779175435 4.614323393383529 4.3571478841768103 140.31691788011813 52.052227481210139 344.33275138487807 67.848179674299899 487.3464696748415 39.921718674188014 23.83584114848054 222.6488387742429 38.951952516916208 231.80994862000807 70.66261922562262 6.3465731742326179 76.317662943503819 274.22264503192855 191.79500703277881 28.008360844891286 14.481458499678411 1988.7814012937888 39.686306538758799 6.2951445374637833 0.58532098220894124 4.0126404856564459 7.3127683083876036 954.41490318288561
leaf_count=79720 151 11608 5129 569 830 317 5738 4240 16428 3482 30711 3704 1903 8559 701 11911 4388 268 1746 6686 12561 1281 144 191344 7180 156 368 250 199 54398
internal_value=0.000290483 -0.0221614 0.00675582 0.0516097 0.100326 0.000598844 0.00283312 -0.00260081 -0.00803959 0.0032694 -0.0157605 -0.0405111 -0.0658696 0.00211812 0.00745241 -0.006244 0.0192208 0.0061318 0.0229595 -0.00765884 -0.0175937 0.0189628 -0.043573 -0.000312282 0.0309095 0.103635 0.261566 -0.0138434 0.0429356 0.00867887
internal_weight=5389.37 72.0563 29.6577 13.2275 8.61923 5317.32 3131.05 2186.26 1015.34 412.181 603.156 115.81 63.7576 1170.93 714.957 455.97 401.783 179.134 97.1457 313.175 224.161 32.3655 20.828 2036.32 47.5399 7.85359 1.55844 81.988 11.3254 1094.73
internal_count=466670 97856 18136 6528 1399 368814 259335 109479 60468 19910 40558 9847 5607 49011 22941 26070 15554 6995 2158 7387 14159 1598 412 199199 7855 675 519 4837 449 60136
is_linear=0
shrinkage=0.05


Tree=149
num_leaves=31
num_cat=0
split_feature=15 5 16 10 5 20 13 5 10 7 20 20 6 0 9 5 15 9 17 5 9 16 21 21 7 7 4 10 13 7
split_gain=14.6003 25.8612 26.4156 35.5622 32.8563 25.2892 25.1581 30.2477 22.8172 22.0326 20.583 20.3612 20.1704 29.4867 33.6853 23.7442 20.2706 19.4426 19.231 22.5857 18.5727 17.8811 17.5537 16.6014 19.8943 16.3834 15.7754 15.406 15.1595 25.6111
threshold=0.18872484928402403 0.12177585312082538 0.98043704519610209 4.7507762908935556 0.36281860076210731 0.99283477112007079 30.500000000000004 0.090873479177586786 14.500980377197267 0.99216538642811025 0.79538512674648632 0.4955099802891208 6.5000000000000009 0.96660439225266159 0.18215534090995791 0.33151979887485311 0.69192599075605388 0.051161078736186034 0.6105918586254121 0.22173121718267999 0.37445358932018286 0.63880699307824929 0.99957635564459413 0.99907348638398585 0.99950803166305813 0.99782873314292575 3.5000000000000004 2.6588120460510258 756.50000000000011 0.99673977142519277
decision_type=10 2 10 8 2 10 2 2 10 8 8 8 2 2 8 2 10 10 8 2 10 10 10 10 8 10 2 8 2 10
left_child=6 -2 5 4 10 18 -1 8 -8 -10 17 12 13 -5 -15 -16 -14 -4 19 -3 -21 -22 -12 -9 -25 -20 -6 -24 -19 -30
right_child=1 2 3 11 26 -7 7 23 9 -11 22 -13 16 14 15 -17 -18 28 25 20 21 -23 27 24 -26 -27 -28 -29 29 -31
leaf_value=0.00033693906058487183 0.015900681983322198 0.021108722173307462 0.027180070525354479 0.0011371657741879909 0.012966539060474817 -0.087087703243171333 0.0031339716416881064 -0.017980631823813344 0.14740986684329069 -0.032860282776442366 0.026975593871364136 0.021154250037728375 0.0045764804872795708 -0.15401793794731974 0.0026980194512598462 -0.15123028596979146 0.044318594000602375 -0.0043179179677928668 -0.0086033080017188356 0.013684755322892379 0.0074646308040897435 -0.03464044825435536 -0.11283732717285518 -0.031033894849818933 0.056097449463216188 -0.03654434480455615 -0.053797730626573573 0.0048121083030092833 -0.063238989629634743 -0.0025632227032437557
leaf_weight=2402.6964885963534 334.66438564562122 113.55308721389156 37.605984285561135 189.36645042497548 10.556943440431494 8.7361692842096073 198.28971108607948 533.77252823632443 4.3011535047844509 2.0324763158278074 88.309307186573278 345.83946414338425 90.0085526444891 5.5810617865063277 16.376872360706333 1.9507812368683506 49.08935752484831 230.51990288356319 317.37339182358119 64.513606640626676 38.3342992484977 71.001797621051082 3.3589547846931938 9.9246402606950159 15.773270885460077 62.137129258946516 44.555872298573377 7.4818410968873659 31.674868093105033 37.370930734556168
leaf_count=160798 20705 3136 2043 14640 971 148 37527 172165 145 178 6146 18834 2423 188 1016 76 1351 8543 5315 1532 479 1044 137 1268 1257 803 1204 383 956 1437
internal_value=-3.9394e-06 0.0031242 0.000824598 0.00530734 -0.00499125 -0.00706455 -0.00217735 -0.0100736 0.00635318 0.0929682 -0.000358809 0.0125527 0.00407473 -0.00558388 -0.0567258 -0.0206628 0.0188182 -0.00625437 -0.00588747 0.00386282 -0.00745795 -0.0199441 0.019552 -0.0160823 0.022545 -0.0132621 -0.0410058 -0.0380918 -0.010528 -0.0309038
internal_weight=5366.75 2199.96 1865.3 1189.65 491.435 675.649 3166.79 764.094 204.623 6.33363 436.322 698.213 352.373 213.275 23.9087 18.3277 139.098 337.172 666.913 287.403 173.85 109.336 99.1501 559.47 25.6979 379.511 55.1128 10.8408 299.566 69.0458
internal_count=466848 93510 72805 60348 21820 12457 373338 212540 37850 323 19645 38528 19694 15920 1280 1092 3774 12979 12309 6191 3055 1523 6666 174690 2525 6118 2175 520 10936 2393
is_linear=0
shrinkage=0.05


Tree=150
num_leaves=31
num_cat=0
split_feature=0 20 21 18 8 18 8 8 5 10 18 7 7 23 23 18 5 9 10 20 2 10 7 12 5 16 5 5 6 7
split_gain=12.5798 12.2362 25.5635 24.0536 23.4027 27.2039 21.2818 20.3062 18.7671 17.7449 22.3104 17.4009 18.2638 15.8265 19.3248 17.0817 16.6719 15.3498 23.7069 18.7764 15.3046 14.6204 20.5465 26.5216 36.6394 24.645 22.4254 20.0108 28.2725 19.8671
threshold=0.99880788517528318 0.99101311106043177 0.99442718696354504 0.82297950983047496 14.500000000000002 0.017677083611488346 36.500000000000007 16.500000000000004 0.40626405373450242 5.0023787021636972 0.025606386363506321 0.99838131017687226 0.99977877546221372 1.7500000000000002 1.2500000000000002 0.055795531719923026 0.27002122794283073 0.041662629693746574 9.9332838058471697 0.52294222304992355 -0.94755096708991349 17.668439865112308 0.99749404476568793 0.038462160155177123 0.23221028729213214 0.9640360021104496 0.27246682807200695 0.22264359212450022 1.5000000000000002 0.9943288001275169
decision_type=2 10 10 10 2 10 2 2 2 8 10 10 10 10 10 10 2 10 10 10 2 10 8 10 2 10 2 2 2 10
left_child=1 2 21 8 9 7 -5 -6 11 20 -11 17 -13 14 -7 -15 -16 18 19 -4 -3 27 -23 25 -25 -24 -26 29 -29 -1
right_child=-2 4 3 6 5 13 -8 -9 -10 10 -12 12 -14 15 16 -17 -18 -19 -20 -21 -22 22 23 24 26 -27 -28 28 -30 -31
leaf_value=0.0031107579615696872 0.026899832585339491 0.15085227800439216 -0.032432089576191439 0.066459601078901198 -0.045896063012980125 -0.02188851364458233 -0.029359114903787294 0.014228002485786109 0.055450243066661548 -0.047304440756439713 0.039388327539328478 -0.0099914789254063191 0.04989225468775027 -0.053903405267514116 -0.10424765635625886 0.04203951443629142 -0.020094268061873182 0.018449050426390536 -0.10575874518449119 0.03362768347631355 0.025520729112956692 0.020004505074104856 -0.077990489774245081 -0.02756388413460429 0.063433533197423855 0.0049514873650361758 0.0075210575707448284 0.081405528340786945 -0.0075618253917094915 -0.0060688880768365351
leaf_weight=2138.4272818145109 42.409528472227976 1.6991108685615461 20.433039173658472 30.226133922522422 17.946034316380974 23.417174894537311 6.5059374605480107 53.277700050559361 18.811098503414541 19.280383949575484 10.78602987481281 180.91270343068754 12.701613616780376 7.5609499346464899 22.925260867632463 9.1292595483828318 8.5448020885232818 245.01805706470623 4.9860064635577137 20.594877385243308 35.279813255881891 190.30924985013553 19.532358775380999 47.559065610781545 27.181930409220513 15.68485103730927 50.193968470091932 7.9998706326296078 1255.8745967119467 812.55756871891208
leaf_count=144495 7562 246 3568 1360 917 2008 860 2511 776 984 1140 14779 631 319 1654 903 412 15183 215 819 2439 12031 661 13284 3560 705 4636 217 76697 151661
internal_value=9.28147e-05 -0.00012609 0.000361314 0.0106363 -0.01193 -0.0233192 0.04916 -0.001347 0.00773376 0.0123143 -0.0159375 0.00577132 -0.00582677 -0.044863 -0.0576232 -0.0020144 -0.0827208 0.0134807 -0.0128048 0.00073921 0.0350998 -0.000856534 0.00894143 -0.0042474 0.00662434 -0.0419335 0.0277217 -0.00167315 -0.00693478 0.000581931
internal_weight=5357.77 5315.36 5105.51 540.189 209.847 142.801 36.7321 71.2237 503.457 67.0453 30.0664 484.646 193.614 71.5774 54.8872 16.6902 31.4701 291.032 46.0139 41.0279 36.9789 4565.32 350.461 160.152 124.935 35.2172 77.3759 4214.86 1263.87 2950.98
internal_count=467233 459671 446138 38191 13533 8724 2220 3428 35971 4809 2124 35195 15410 5296 4074 1222 2066 19785 4602 4387 2685 407947 34877 22846 21480 1366 8196 373070 76914 296156
is_linear=0
shrinkage=0.05


Tree=151
num_leaves=31
num_cat=0
split_feature=0 12 18 5 20 4 7 0 21 0 24 20 7 21 4 18 5 5 8 10 6 8 20 0 8 5 20 15 4 5
split_gain=13.4192 11.7854 47.4234 20.6608 19.6687 22.082 20.7089 24.0018 16.4946 38.9763 25.1081 14.4795 13.4201 12.5837 24.983 22.6166 19.3643 18.7768 16.6663 14.7078 19.5367 24.1995 32.6778 36.1554 31.6754 27.5718 29.8526 20.6347 18.1213 17.0993
threshold=0.00011763563158223689 0.12738125771284106 0.2137689217925072 0.1346843122749016 0.023353917924986155 3.5000000000000004 0.99701124123159535 0.72668518411014815 0.094540947855408369 0.053685167211236694 1.5000000000000002 0.36400968865361732 1.0000000180025095e-35 0.99442718696354504 3.5000000000000004 1.0993242859840395 0.20258679379831493 0.40626405373450242 29.500000000000004 14.500980377197267 11.500000000000002 18.500000000000004 0.26437098744235843 0.0033162049323093869 13.500000000000002 0.087123040916950598 0.0018729116570711847 0.096323594844574617 5.5000000000000009 0.1209871978450011
decision_type=2 10 10 2 10 2 10 2 10 2 10 8 10 10 2 10 2 2 2 10 2 2 8 2 2 2 8 8 2 2
left_child=-1 13 4 -4 5 -3 8 -8 9 10 -6 -5 -7 17 18 16 -16 19 -15 29 21 22 -21 24 28 26 -23 -27 -24 -2
right_child=1 2 3 11 6 12 7 -9 -10 -11 -12 -13 -14 14 15 -17 -18 -19 -20 20 -22 25 23 -25 -26 27 -28 -29 -30 -31
leaf_value=-0.042059257535950356 0.0027180643186417181 0.055533411126915913 -0.066952383773326907 -0.053217499387993854 0.3322025955417659 0.0188382768188557 -0.033861422766023282 0.041682809166035333 0.034351642258405264 0.031991253066235764 0.0047927628507645776 0.046847221255908511 -0.031137637304020735 0.048091495795596649 0.010064315317738833 0.057235062272218432 -0.0077292063393090736 -0.021500301898348461 -0.035931441501095028 -0.038485417433498481 -0.032191774423389885 0.23072023862599927 -0.016061083334843046 0.0042955836392207253 -0.015135533086229761 -0.01899305767943666 -0.012325619444459267 0.021805642735737513 0.28830450039634165 -0.0041936649590415126
leaf_weight=17.800358993030386 1407.8377296960098 12.609167555056045 24.421235896559665 4.8611710830009516 1.3465288340812533 19.12781709653791 22.975299780635396 17.727367379236966 100.08522492690827 7.0539684686809778 0.81978770304704074 8.488842933322303 40.196155918063596 48.097392629599199 317.75260478953714 17.784850092662964 292.89880359731615 110.71143424327602 5.9733844512375063 48.435712427570252 26.55590450001182 2.117728361132321 0.46982375340303351 36.917237508459948 1.7669915099977513 34.816975669120438 1.9621234026562886 238.40158366312971 1.7991513812448827 2452.1431990635174
leaf_count=38301 131017 1668 1501 383 110 527 865 2794 4069 128 204 341 6690 3439 27638 949 13239 5706 191 10297 452 86 129 851 495 12421 151 11091 171 190110
internal_value=0.000108693 0.00025805 0.0106243 -0.0404785 0.0194639 -0.00202671 0.0297144 -0.000748837 0.0409621 0.102336 0.248947 0.00924104 -0.0149787 -0.000277445 0.00603092 0.00319583 0.00153097 -0.00126521 0.0383253 -0.000733561 0.00846588 0.0114899 -0.0110429 0.0215573 0.147245 0.0187671 0.134416 0.0165563 0.239647 -0.00167272
internal_weight=5323.96 5306.16 259.713 37.7712 221.941 71.9331 150.008 40.7027 109.306 9.22029 2.16632 13.35 59.324 5046.44 682.507 628.436 610.651 4363.94 54.0708 4253.22 393.243 366.687 89.3889 40.9532 4.03597 277.298 4.07985 273.219 2.26898 3859.98
internal_count=466014 427713 19280 2225 17055 8885 8170 3659 4511 442 314 724 7217 408433 45456 41826 40877 362977 3630 357271 36144 35692 11943 1646 795 23749 237 23512 300 321127
is_linear=0
shrinkage=0.05


Tree=152
num_leaves=31
num_cat=0
split_feature=12 18 20 0 4 23 0 5 5 22 23 9 4 8 4 2 8 4 9 5 1 20 18 18 23 2 12 5 21 15
split_gain=11.8428 47.9185 19.2453 29.6035 36.6989 20.4974 18.8793 18.3799 16.3309 14.3725 31.5094 34.4049 23.3982 22.5872 21.9186 36.5419 41.194 59.7277 61.2441 34.7031 40.835 46.0025 62.3505 35.8079 32.0113 29.3971 28.0356 43.4196 45.6752 32.3035
threshold=0.12738125771284106 0.2085814103484154 0.020167606096150047 0.0011343711121061899 7.5000000000000009 0.75000000000000011 0.37347098083944946 0.13310560222370105 0.181829966447004 0.81666666666666676 1.7500000000000002 0.42782287299633032 7.5000000000000009 14.500000000000002 5.5000000000000009 -0.9834676979043 17.500000000000004 4.5000000000000009 0.094078365713357939 0.11876626713287748 1.0135940002009232 0.7709872405840843 0.011021366808563473 0.26432293653488165 2.2500000000000004 -0.99775750216061432 0.02433842979371548 0.21963613279199101 0.94094628755713228 0.84856684222252332
decision_type=10 10 10 2 2 10 2 2 2 8 10 10 2 2 2 2 2 2 8 2 2 8 10 10 10 2 8 2 10 10
left_child=9 2 6 4 -4 8 -2 -3 -5 13 11 12 -11 -1 15 16 17 -15 25 20 23 -22 -23 24 -16 -19 27 -21 -29 -30
right_child=1 7 3 5 -6 -7 -8 -9 -10 10 -12 -13 -14 14 19 -17 -18 18 -20 26 21 22 -24 -25 -26 -27 -28 28 29 -31
leaf_value=-0.01337936951602074 -0.023203412103630958 -0.068109555694192234 -0.02768725412287127 0.026409901895906862 0.28955577857890441 0.020779931297986658 0.02823457135501134 0.0046699115275051911 0.17495838219050286 0.0084102852406287183 0.018917431477480016 -0.020456691813565259 -0.015295099271400166 0.035414280206526212 0.0017208345400308374 0.0041529215347037097 0.012256311978405491 0.053241182707692347 -0.010293985738319659 -0.0093907362668463976 0.025853941984187074 -0.41815129186357125 0.030145219511589529 0.020681923019368137 -0.020705072530802344 0.45369407393178618 -0.0024399813718735271 -0.017734847022478292 -0.096932805880467168 0.013471193183650892
leaf_weight=408.93535049373168 42.821725954010617 23.220528240490239 1.2340095344698048 4.20298497902695 1.3336865693563595 139.36143612960586 29.090770283713937 13.326052350515964 3.0397827483247966 599.48945358535275 271.93931154307211 172.90043383982265 124.97139171761228 7.7011589969915821 479.24978405909496 748.26242093209294 19.652678028505761 0.90364380972459946 1.4171230430947614 513.39366187233827 213.0922041030135 0.38781106402166088 1.4820017674937842 155.41868796985364 237.12484238148318 1.7680056034296283 991.96175101093831 76.665719847165747 40.846343446522951 7.6032536186976349
leaf_count=41929 8967 1689 773 118 56 7439 747 841 103 25714 12880 5397 6399 4931 38722 23230 10976 523 1465 73777 15988 37 261 29430 44322 481 97173 10613 1419 163
internal_value=-0.000287908 0.0101489 0.0189458 0.0291318 0.172066 0.0254797 -0.00229335 -0.0421543 0.102418 -0.000819607 0.00404121 -0.000482974 0.0043056 -0.00227545 -0.000973493 0.00641112 0.0583667 0.128261 0.261811 -0.00309408 0.00382504 0.0232894 -0.176142 -0.000995565 -0.00572081 0.369638 -0.00770539 -0.0158689 -0.042166 -0.0796849
internal_weight=5332.8 257.631 221.084 149.172 2.5677 146.604 71.9125 36.5466 7.24277 5075.17 1169.3 897.361 724.461 3905.87 3496.93 779.705 31.4426 11.7899 4.08877 2717.23 1086.76 214.962 1.86981 871.793 716.375 2.67165 1630.47 638.509 125.115 48.4496
internal_count=466563 20733 18203 8489 829 7660 9714 2530 221 445830 50390 37510 32113 395440 353511 41606 18376 7400 2469 311905 128760 16286 298 112474 83044 1004 183145 85972 12195 1582
is_linear=0
shrinkage=0.05


Tree=153
num_leaves=31
num_cat=0
split_feature=7 2 6 20 4 18 23 15 12 20 21 12 6 12 6 18 4 0 15 18 6 23 13 20 1 16 20 18 21 18
split_gain=13.2387 24.2472 32.3325 20.4529 21.1666 20.2735 24.108 19.9035 19.8721 19.7773 18.8851 16.0437 14.0568 14.2877 29.5544 22.2356 20.8843 17.3496 14.9074 24.5242 21.2953 21.6498 17.2002 17.1333 15.489 14.7333 17.8618 20.726 14.5516 20.0423
threshold=0.99755227611978814 -0.85281531390292276 1.5000000000000002 0.00082980951811599014 3.5000000000000004 0.2085814103484154 2.2500000000000004 0.13237796906251187 0.091771971434354796 0.13489212152042135 0.00036648175752755006 0.013593925628811123 1.0000000180025095e-35 0.020730092190206054 3.5000000000000004 0.31545226275920873 7.5000000000000009 0.007553798631444915 0.19809742406788447 0.057888597249984748 7.5000000000000009 2.2500000000000004 25.500000000000004 0.10387720520541562 -3.425521404636537 0.9891785641341786 0.98474437465650688 0.19823400676250461 0.9932341031177353 0.014165162574499847
decision_type=10 2 2 8 2 10 8 10 8 8 8 8 2 8 2 10 2 2 8 10 2 10 2 8 2 10 10 10 8 10
left_child=1 2 7 -3 9 -4 8 -1 -7 -5 -8 -2 -6 14 15 16 -14 -17 19 20 23 -22 -21 -15 -20 26 -26 -28 29 -27
right_child=11 3 5 4 12 6 10 -9 -10 -11 -12 -13 13 18 -16 17 -18 -19 24 22 21 -23 -24 -25 25 28 27 -29 -30 -31
leaf_value=0.0084404154823954167 0.0052316576943297072 0.016932422728996668 -0.026599701635762064 -0.036502408899065211 -0.0098862017594827396 -0.040380945682208576 0.1718513537496181 0.084731578916294042 0.065943114040930603 0.028398198140851739 0.014957237668477034 -0.0072027598677387172 0.0101759903915127 -0.016175477362710151 -0.010962501847794385 0.11899814068179292 -0.011221305880758396 0.024686252158851202 0.046242653953996959 -0.0024741092374874294 -0.015317573008360792 0.1463255253979327 -0.032243972925292332 0.01603228608906837 0.0046173242614516788 -0.036023855907448062 -0.014293024992909204 -0.12050516332246677 0.031107291747757976 0.013217390083813237
leaf_weight=74.139577404042939 343.96599950295058 239.30115531157935 207.28295187649201 12.217624326935036 268.99816686863778 37.287278372503351 0.99690401618135993 8.7119901178521086 4.0550770131812888 113.61357275675982 60.692046915297396 1046.8208635376068 292.59277468075743 61.756771162938094 528.72200125819654 4.4364047027775078 185.47975734714419 60.620115388766862 23.718094133539125 103.0045405474084 3.070105126942507 4.4243042820016854 91.034063116676407 119.93084927764721 1076.7820727289654 21.880191977135837 27.765914061805233 4.5953562883660188 102.04126244434156 215.66254041274078
leaf_count=22138 51937 9608 118468 337 4988 21001 431 625 1474 3355 22714 127831 9165 2835 15016 653 6865 2612 2901 3645 111 126 3822 3592 16160 515 793 115 7978 5140
internal_value=6.82105e-05 0.00154384 -0.010224 0.00284539 0.00182594 -0.0176255 0.000511233 0.0173774 -0.028641 0.0218585 0.0201936 -0.00412596 0.00103076 0.00203692 -0.00255761 0.00562944 0.0018683 0.0328218 0.00469071 -0.00408571 0.00870244 0.0861002 -0.0165345 0.00505605 0.00697609 0.00630178 0.003505 -0.0325354 0.0153995 0.00854975
internal_weight=5345.6 3954.81 393.166 3561.65 3322.35 310.314 103.031 82.8516 41.3424 125.831 61.689 1390.79 3196.52 2927.52 1071.85 543.129 478.073 65.0565 1855.67 383.221 189.182 7.49441 194.039 181.688 1472.45 1448.73 1109.14 32.3613 339.584 237.543
internal_count=466951 287183 186851 100332 90724 164088 45620 22763 22475 3692 23145 179768 87032 82044 34311 19295 16030 3265 47733 14131 6664 237 7467 6427 33602 30701 17068 908 13633 5655
is_linear=0
shrinkage=0.05


Tree=154
num_leaves=31
num_cat=0
split_feature=0 12 9 21 8 7 9 7 0 10 5 9 9 20 5 10 21 18 15 9 18 15 5 8 8 23 5 20 12 22
split_gain=11.9804 11.6487 13.3097 22.7832 15.7633 14.7547 15.5485 11.6872 10.9021 10.5579 11.6186 13.6917 16.2525 10.4956 9.84438 15.3152 24.2448 21.0723 11.5603 21.5985 21.1125 21.4623 24.7093 19.7429 18.4661 21.2115 30.1681 16.4364 27.3781 23.4637
threshold=0.99662449998938707 0.10842134431004526 0.46270996332168585 0.9868025343491128 16.500000000000004 0.9996010205364747 0.10058561712503435 0.99936819022589762 0.00011763563158223689 4.1702430248260507 0.23221028729213214 0.046298062428832061 0.18215534090995791 0.00039500374246661884 0.38477658318641778 31.891319274902347 0.98427079533947592 0.85218411684036266 0.59418211356856954 0.46270996332168585 1.0000084042549136 0.78451466859691099 0.24787132886348448 22.500000000000004 43.000000000000007 2.2500000000000004 0.1930175546656773 0.0098276351524315825 0.071477785706520094 0.45000000000000007
decision_type=2 10 10 8 2 8 8 10 2 8 2 8 8 8 2 10 8 8 10 8 10 10 2 2 2 10 2 10 10 10
left_child=8 2 4 -4 5 6 13 -6 -1 -7 11 -11 -13 -2 18 16 -16 -17 -10 20 23 -22 24 27 25 -23 -27 28 -20 -29
right_child=1 -3 3 -5 7 9 -8 -9 14 10 -12 12 -14 -15 15 17 -18 -19 19 -21 21 22 -24 -25 -26 26 -28 29 -30 -31
leaf_value=-0.038888252251281202 0.029060985040121709 0.048039831155714696 -0.14833099430005706 0.036372213078523612 0.040051535448065667 0.033943374738891634 0.01492450358051182 -0.0079086666052768009 -0.00055972954905819086 0.016907426362026745 0.037127745776168453 -0.22183900452288371 0.0046389970160605892 -0.10295121775824195 -0.029288442778855252 0.05155741362123431 0.0067570531947673115 -0.044284700074304177 0.029027096341439351 0.025946628685887402 0.011070419857594859 -0.02359641835896472 0.030667969911714544 0.012346053738222666 0.035061393523993609 -0.18420460130423322 -0.05447227195020167 -0.037579599537455516 -0.030177515948315088 -0.0013349994568129452
leaf_weight=16.941517094644951 1.3382843628060026 21.562497501261532 2.4912015367299309 2.5958509424235672 47.648613442433998 16.653776617022235 5.8701857989653954 16.795124443015084 4013.7398815850611 1.9791581335011859 2.7755930188577622 1.191161885391921 1.1778319671284405 8.4817254706285894 116.95614677848062 19.225085881102135 76.647112077771453 7.1329228023532769 70.801552339748014 113.42885939372354 32.556993285892531 17.316786512266845 9.4472615332342667 435.97677810530877 4.3848104462958863 6.3069740049541023 15.227229905780403 61.397257150616497 25.911324361368315 157.29619726352394
leaf_count=38430 136 5263 133 461 10002 2523 727 1524 361761 191 396 67 177 506 7235 492 2865 195 2690 3372 532 539 209 15163 146 151 294 1662 1847 7370
internal_value=0.000397341 0.0152984 0.00844356 -0.0635881 0.0125424 -0.0121547 -0.0482719 0.0276224 2.03874e-05 0.0126645 -0.0351356 -0.0795812 -0.141283 -0.0839373 0.000155024 -0.0101715 -0.0150567 0.0249502 0.00061458 0.00557112 0.00278095 -0.0206567 -0.0401044 0.00546374 -0.0559123 -0.0668019 -0.0989568 -0.00405844 0.0130185 -0.0116353
internal_weight=5331.26 130.561 108.999 5.08705 103.911 39.4677 15.6902 64.4437 5200.69 23.7775 7.12375 4.34815 2.36899 9.82001 5183.75 219.961 193.603 26.358 4963.79 950.052 836.623 85.2401 52.6831 751.383 43.2358 38.851 21.5342 315.406 96.7129 218.693
internal_count=467059 22106 16843 594 16249 4723 1369 11526 444953 3354 831 435 244 642 406523 10787 10100 687 395736 33975 30603 1871 1339 28732 1130 984 445 13569 4537 9032
is_linear=0
shrinkage=0.05


end of trees

feature_importances:
adj_mean=477
sig_ndet=420
sig_sum_o=411
logit0=294
adj_max=293
p0=291
cand_green_share=262
sig_max_o=221
sim_mean=221
green_share_per_claim=220
call43_per_cycle=218
adj_wsum=216
sig_claims_o=209
n_cand=206
sim_wsum=179
adj_top1=129
p0_gap=92
sim_top1=71
sim_max=70
adj_n=53
det_n_on=51
p0_rank=27
calls_unclaimed=11
sim_n=5
log_win_hours=3

parameters:
[boosting: gbdt]
[objective: binary]
[metric: binary_logloss]
[tree_learner: serial]
[device_type: cpu]
[data_sample_strategy: bagging]
[data: ]
[valid: ]
[num_iterations: 155]
[learning_rate: 0.05]
[num_leaves: 31]
[num_threads: 8]
[seed: 0]
[deterministic: 0]
[force_col_wise: 0]
[force_row_wise: 0]
[histogram_pool_size: -1]
[max_depth: -1]
[min_data_in_leaf: 60]
[min_sum_hessian_in_leaf: 0.001]
[bagging_fraction: 0.8]
[pos_bagging_fraction: 1]
[neg_bagging_fraction: 1]
[bagging_freq: 1]
[bagging_seed: 3]
[bagging_by_query: 0]
[feature_fraction: 0.8]
[feature_fraction_bynode: 1]
[feature_fraction_seed: 2]
[extra_trees: 0]
[extra_seed: 6]
[early_stopping_round: 0]
[early_stopping_min_delta: 0]
[first_metric_only: 0]
[max_delta_step: 0]
[lambda_l1: 0]
[lambda_l2: 1]
[linear_lambda: 0]
[min_gain_to_split: 0]
[drop_rate: 0.1]
[max_drop: 50]
[skip_drop: 0.5]
[xgboost_dart_mode: 0]
[uniform_drop: 0]
[drop_seed: 4]
[top_rate: 0.2]
[other_rate: 0.1]
[min_data_per_group: 100]
[max_cat_threshold: 32]
[cat_l2: 10]
[cat_smooth: 10]
[max_cat_to_onehot: 4]
[top_k: 20]
[monotone_constraints: ]
[monotone_constraints_method: basic]
[monotone_penalty: 0]
[feature_contri: ]
[forcedsplits_filename: ]
[refit_decay_rate: 0.9]
[cegb_tradeoff: 1]
[cegb_penalty_split: 0]
[cegb_penalty_feature_lazy: ]
[cegb_penalty_feature_coupled: ]
[path_smooth: 0]
[interaction_constraints: ]
[verbosity: -1]
[saved_feature_importance_type: 0]
[use_quantized_grad: 0]
[num_grad_quant_bins: 4]
[quant_train_renew_leaf: 0]
[stochastic_rounding: 1]
[linear_tree: 0]
[max_bin: 255]
[max_bin_by_feature: ]
[min_data_in_bin: 3]
[bin_construct_sample_cnt: 200000]
[data_random_seed: 1]
[is_enable_sparse: 1]
[enable_bundle: 1]
[use_missing: 1]
[zero_as_missing: 0]
[feature_pre_filter: 1]
[pre_partition: 0]
[two_round: 0]
[header: 0]
[label_column: ]
[weight_column: ]
[group_column: ]
[ignore_column: ]
[categorical_feature: ]
[forcedbins_filename: ]
[precise_float_parser: 0]
[parser_config_file: ]
[objective_seed: 5]
[num_class: 1]
[is_unbalance: 0]
[scale_pos_weight: 1]
[sigmoid: 1]
[boost_from_average: 1]
[reg_sqrt: 0]
[alpha: 0.9]
[fair_c: 1]
[poisson_max_delta_step: 0.7]
[tweedie_variance_power: 1.5]
[lambdarank_truncation_level: 30]
[lambdarank_norm: 1]
[label_gain: ]
[lambdarank_position_bias_regularization: 0]
[eval_at: ]
[multi_error_top_k: 1]
[auc_mu_weights: ]
[num_machines: 1]
[local_listen_port: 12400]
[time_out: 120]
[machine_list_filename: ]
[machines: ]
[gpu_platform_id: -1]
[gpu_device_id: -1]
[gpu_device_id_list: ]
[gpu_use_dp: 0]
[num_gpu: 1]

end of parameters

pandas_categorical:[]
